ISO-10303-21;
HEADER;

/* File generated by Shapr3D Version 26.111.11141.0 */

FILE_DESCRIPTION(('HOOPS Exchange Step'),'2;1');

FILE_NAME('C:\\Users\\A125141\\AppData\\Local\\Packages\\Shapr3D.Shapr3D_j403pzjkqtqbj\\TempState\\export\\temp_export',
'2026-06-29T01:19:23-20:00',
('A125141'),
('Shapr3D Limited'),
'HOOPS Exchange 2026.3',
'Shapr3D',
'Authorized');

FILE_SCHEMA( ('AP242_MANAGED_MODEL_BASED_3D_ENGINEERING_MIM_LF {1 0 10303 442 1 1 4}') );

ENDSEC;

DATA;
#3=(NAMED_UNIT(*)PLANE_ANGLE_UNIT()SI_UNIT($,.RADIAN.));
#4=PLANE_ANGLE_MEASURE_WITH_UNIT(PLANE_ANGLE_MEASURE(0.0174532925),#3);
#5=(CONVERSION_BASED_UNIT('DEGREE',#4)NAMED_UNIT(#6)PLANE_ANGLE_UNIT());
#6=DIMENSIONAL_EXPONENTS(0.,0.,0.,0.,0.,0.,0.);
#7=(NAMED_UNIT(*)SI_UNIT($,.STERADIAN.)SOLID_ANGLE_UNIT());
#8=(LENGTH_UNIT()NAMED_UNIT(*)SI_UNIT(.MILLI.,.METRE.));
#9=UNCERTAINTY_MEASURE_WITH_UNIT(LENGTH_MEASURE(1.000000E-03),#8,'DISTANCE_ACCURACY_VALUE','Maximum Tolerance applied to model');
#10=(GEOMETRIC_REPRESENTATION_CONTEXT(3)GLOBAL_UNCERTAINTY_ASSIGNED_CONTEXT((#9))GLOBAL_UNIT_ASSIGNED_CONTEXT((#8,#5,#7))REPRESENTATION_CONTEXT('','root'));
#12=CARTESIAN_POINT('',(0.,0.,0.));
#13=DIRECTION('',(0.,0.,1.));
#14=DIRECTION('',(1.,0.,0.));
#15=AXIS2_PLACEMENT_3D('',#12,#13,#14);
#26=(NAMED_UNIT(*)PLANE_ANGLE_UNIT()SI_UNIT($,.RADIAN.));
#27=PLANE_ANGLE_MEASURE_WITH_UNIT(PLANE_ANGLE_MEASURE(0.0174532925),#26);
#28=(CONVERSION_BASED_UNIT('DEGREE',#27)NAMED_UNIT(#29)PLANE_ANGLE_UNIT());
#29=DIMENSIONAL_EXPONENTS(0.,0.,0.,0.,0.,0.,0.);
#30=(NAMED_UNIT(*)SI_UNIT($,.STERADIAN.)SOLID_ANGLE_UNIT());
#31=(LENGTH_UNIT()NAMED_UNIT(*)SI_UNIT(.MILLI.,.METRE.));
#32=UNCERTAINTY_MEASURE_WITH_UNIT(LENGTH_MEASURE(1.000000E-05),#31,'DISTANCE_ACCURACY_VALUE','Maximum Tolerance applied to model');
#33=(GEOMETRIC_REPRESENTATION_CONTEXT(3)GLOBAL_UNCERTAINTY_ASSIGNED_CONTEXT((#32))GLOBAL_UNIT_ASSIGNED_CONTEXT((#31,#28,#30))REPRESENTATION_CONTEXT('','Linear Pattern 01'));
#45=CARTESIAN_POINT('',(0.,0.,0.));
#46=DIRECTION('',(0.,0.,1.));
#47=DIRECTION('',(1.,0.,-0.));
#48=AXIS2_PLACEMENT_3D('',#45,#46,#47);
#49=ITEM_DEFINED_TRANSFORMATION('','',#48,#15);
#50=(REPRESENTATION_RELATIONSHIP('','',#35,#16)REPRESENTATION_RELATIONSHIP_WITH_TRANSFORMATION(#49)SHAPE_REPRESENTATION_RELATIONSHIP());
#51=NEXT_ASSEMBLY_USAGE_OCCURRENCE('Linear Pattern 01_1','Linear Pattern 01','Linear Pattern 01',#25,#44,$);
#52=PRODUCT_DEFINITION_SHAPE('','',#51);
#53=CONTEXT_DEPENDENT_SHAPE_REPRESENTATION(#50,#52);
#55=CARTESIAN_POINT('',(2.5,-4.179562762,3.648818177));
#56=DIRECTION('',(0.,0.03558361,0.999366703));
#57=DIRECTION('',(1.,0.,0.));
#58=AXIS2_PLACEMENT_3D('',#55,#56,#57);
#59=PLANE('',#58);
#60=CARTESIAN_POINT('',(-0.95,0.,3.5));
#61=VERTEX_POINT('',#60);
#62=CARTESIAN_POINT('',(-1.55,0.,3.5));
#63=VERTEX_POINT('',#62);
#64=CARTESIAN_POINT('',(-0.95,0.,3.5));
#65=DIRECTION('',(-1.,0.,0.));
#66=VECTOR('',#65,0.6);
#67=LINE('',#64,#66);
#68=EDGE_CURVE('',#61,#63,#67,.T.);
#69=ORIENTED_EDGE('',*,*,#68,.F.);
#70=CARTESIAN_POINT('',(-1.25,-0.,3.5));
#71=DIRECTION('',(-0.,0.03558361,0.999366703));
#72=DIRECTION('',(1.,0.,0.));
#73=AXIS2_PLACEMENT_3D('',#70,#71,#72);
#74=CIRCLE('',#73,0.3);
#75=EDGE_CURVE('',#63,#61,#74,.T.);
#76=ORIENTED_EDGE('',*,*,#75,.F.);
#77=EDGE_LOOP('',(#69,#76));
#78=FACE_BOUND('',#77,.T.);
#79=ADVANCED_FACE('',(#78),#59,.F.);
#80=COLOUR_RGB('',1.,0.807843149,0.498039216);
#81=FILL_AREA_STYLE_COLOUR('',#80);
#82=FILL_AREA_STYLE('',(#81));
#83=SURFACE_STYLE_FILL_AREA(#82);
#84=SURFACE_SIDE_STYLE('',(#83));
#85=SURFACE_STYLE_USAGE(.BOTH.,#84);
#86=PRESENTATION_STYLE_ASSIGNMENT((#85));
#87=OVER_RIDING_STYLED_ITEM('',(#86),#79,#54);
#88=CARTESIAN_POINT('',(2.5,-5.7,0.));
#89=DIRECTION('',(0.,-1.,0.));
#90=DIRECTION('',(1.,0.,0.));
#91=AXIS2_PLACEMENT_3D('',#88,#89,#90);
#92=PLANE('',#91);
#93=CARTESIAN_POINT('',(-0.95,-5.7,4.182211344));
#94=VERTEX_POINT('',#93);
#95=CARTESIAN_POINT('',(-1.25,-5.7,4.482211344));
#96=VERTEX_POINT('',#95);
#97=CARTESIAN_POINT('',(-1.25,-5.7,4.182211344));
#98=DIRECTION('',(0.,-1.,0.));
#99=DIRECTION('',(1.,0.,0.));
#100=AXIS2_PLACEMENT_3D('',#97,#98,#99);
#101=CIRCLE('',#100,0.3);
#102=EDGE_CURVE('',#94,#96,#101,.T.);
#103=ORIENTED_EDGE('',*,*,#102,.T.);
#104=CARTESIAN_POINT('',(-1.25,-5.7,4.182211344));
#105=DIRECTION('',(0.,-1.,0.));
#106=DIRECTION('',(1.,0.,0.));
#107=AXIS2_PLACEMENT_3D('',#104,#105,#106);
#108=CIRCLE('',#107,0.3);
#109=EDGE_CURVE('',#96,#94,#108,.T.);
#110=ORIENTED_EDGE('',*,*,#109,.T.);
#111=EDGE_LOOP('',(#103,#110));
#112=FACE_BOUND('',#111,.T.);
#113=ADVANCED_FACE('',(#112),#92,.T.);
#114=OVER_RIDING_STYLED_ITEM('',(#86),#113,#54);
#115=CARTESIAN_POINT('',(-0.95,-0.640656859,4.182402087));
#116=CARTESIAN_POINT('',(-0.95,-0.63991219,4.182375573));
#117=CARTESIAN_POINT('',(-0.95,-0.639167521,4.182349058));
#118=CARTESIAN_POINT('',(-0.95,-0.637902349,4.18230401));
#119=CARTESIAN_POINT('',(-0.95,-0.637381846,4.182285477));
#120=CARTESIAN_POINT('',(-0.95,-0.63660109,4.182257677));
#121=CARTESIAN_POINT('',(-0.95,-0.636340838,4.182248415));
#122=CARTESIAN_POINT('',(-0.95,-0.635820335,4.182229873));
#123=CARTESIAN_POINT('',(-0.95,-0.635560079,4.18222071));
#124=CARTESIAN_POINT('',(-0.95,-0.634962937,4.182199221));
#125=CARTESIAN_POINT('',(-0.95,-0.634626041,4.182187094));
#126=CARTESIAN_POINT('',(-0.95,-0.633952283,4.182162069));
#127=CARTESIAN_POINT('',(-0.95,-0.633615414,4.182149298));
#128=CARTESIAN_POINT('',(-0.95,-0.63260484,4.182110211));
#129=CARTESIAN_POINT('',(-0.95,-0.631931167,4.182083119));
#130=CARTESIAN_POINT('',(-0.95,-0.629910292,4.181998742));
#131=CARTESIAN_POINT('',(-0.95,-0.628563227,4.181938358));
#132=CARTESIAN_POINT('',(-0.95,-0.624522668,4.181744809));
#133=CARTESIAN_POINT('',(-0.95,-0.621829801,4.181599248));
#134=CARTESIAN_POINT('',(-0.95,-0.613754313,4.181113016));
#135=CARTESIAN_POINT('',(-0.95,-0.608374784,4.180722793));
#136=CARTESIAN_POINT('',(-0.95,-0.592253275,4.179354288));
#137=CARTESIAN_POINT('',(-0.95,-0.581528323,4.178178127));
#138=CARTESIAN_POINT('',(-0.95,-0.549459592,4.17386242));
#139=CARTESIAN_POINT('',(-0.95,-0.528221892,4.169934974));
#140=CARTESIAN_POINT('',(-0.95,-0.465240572,4.155058754));
#141=CARTESIAN_POINT('',(-0.95,-0.424236357,4.141008279));
#142=CARTESIAN_POINT('',(-0.95,-0.306498623,4.087254737));
#143=CARTESIAN_POINT('',(-0.95,-0.235162601,4.03582598));
#144=CARTESIAN_POINT('',(-0.95,-0.117556039,3.90953517));
#145=CARTESIAN_POINT('',(-0.95,-0.071331092,3.834722075));
#146=CARTESIAN_POINT('',(-0.95,-0.011006216,3.67303855));
#147=CARTESIAN_POINT('',(-0.95,0.003070906,3.586246514));
#148=CARTESIAN_POINT('',(-0.95,-0.,3.5));
#149=CARTESIAN_POINT('',(-0.95,-0.619306693,4.782022109));
#150=CARTESIAN_POINT('',(-0.95,-0.618562024,4.781995594));
#151=CARTESIAN_POINT('',(-0.95,-0.617817355,4.78196908));
#152=CARTESIAN_POINT('',(-0.95,-0.616552183,4.781924032));
#153=CARTESIAN_POINT('',(-0.95,-0.61603168,4.781905499));
#154=CARTESIAN_POINT('',(-0.95,-0.615250924,4.781877699));
#155=CARTESIAN_POINT('',(-0.95,-0.615016582,4.781869364));
#156=CARTESIAN_POINT('',(-0.95,-0.61444426,4.781848968));
#157=CARTESIAN_POINT('',(-0.95,-0.614328355,4.781845038));
#158=CARTESIAN_POINT('',(-0.95,-0.613459447,4.781813667));
#159=CARTESIAN_POINT('',(-0.95,-0.61266257,4.781785043));
#160=CARTESIAN_POINT('',(-0.95,-0.611375535,4.78173724));
#161=CARTESIAN_POINT('',(-0.95,-0.610732037,4.781712844));
#162=CARTESIAN_POINT('',(-0.95,-0.608801608,4.781638177));
#163=CARTESIAN_POINT('',(-0.95,-0.607514738,4.781586425));
#164=CARTESIAN_POINT('',(-0.95,-0.603654397,4.781425247));
#165=CARTESIAN_POINT('',(-0.95,-0.601081191,4.781309899));
#166=CARTESIAN_POINT('',(-0.95,-0.593362789,4.780940176));
#167=CARTESIAN_POINT('',(-0.95,-0.588218791,4.780662121));
#168=CARTESIAN_POINT('',(-0.95,-0.57279274,4.779733305));
#169=CARTESIAN_POINT('',(-0.95,-0.562516594,4.778987889));
#170=CARTESIAN_POINT('',(-0.95,-0.531720781,4.776373728));
#171=CARTESIAN_POINT('',(-0.95,-0.51123364,4.774126988));
#172=CARTESIAN_POINT('',(-0.95,-0.449974945,4.765882989));
#173=CARTESIAN_POINT('',(-0.95,-0.409406023,4.758380658));
#174=CARTESIAN_POINT('',(-0.95,-0.289097128,4.729963635));
#175=CARTESIAN_POINT('',(-0.95,-0.210769588,4.703123977));
#176=CARTESIAN_POINT('',(-0.95,0.014136728,4.600442273));
#177=CARTESIAN_POINT('',(-0.95,0.150405037,4.502201447));
#178=CARTESIAN_POINT('',(-0.95,0.375060784,4.260956776));
#179=CARTESIAN_POINT('',(-0.95,0.463361131,4.118046453));
#180=CARTESIAN_POINT('',(-0.95,0.578595601,3.809193506));
#181=CARTESIAN_POINT('',(-0.95,0.605486163,3.643400633));
#182=CARTESIAN_POINT('',(-0.95,0.599620022,3.478649834));
#183=CARTESIAN_POINT('',(-1.55,-0.619306693,4.782022109));
#184=CARTESIAN_POINT('',(-1.55,-0.618562024,4.781995594));
#185=CARTESIAN_POINT('',(-1.55,-0.617817355,4.78196908));
#186=CARTESIAN_POINT('',(-1.55,-0.616552183,4.781924032));
#187=CARTESIAN_POINT('',(-1.55,-0.61603168,4.781905499));
#188=CARTESIAN_POINT('',(-1.55,-0.615250924,4.781877699));
#189=CARTESIAN_POINT('',(-1.55,-0.615016582,4.781869364));
#190=CARTESIAN_POINT('',(-1.55,-0.61444426,4.781848968));
#191=CARTESIAN_POINT('',(-1.55,-0.614328355,4.781845038));
#192=CARTESIAN_POINT('',(-1.55,-0.613459447,4.781813667));
#193=CARTESIAN_POINT('',(-1.55,-0.61266257,4.781785043));
#194=CARTESIAN_POINT('',(-1.55,-0.611375535,4.78173724));
#195=CARTESIAN_POINT('',(-1.55,-0.610732037,4.781712844));
#196=CARTESIAN_POINT('',(-1.55,-0.608801608,4.781638177));
#197=CARTESIAN_POINT('',(-1.55,-0.607514738,4.781586425));
#198=CARTESIAN_POINT('',(-1.55,-0.603654397,4.781425247));
#199=CARTESIAN_POINT('',(-1.55,-0.601081191,4.781309899));
#200=CARTESIAN_POINT('',(-1.55,-0.593362789,4.780940176));
#201=CARTESIAN_POINT('',(-1.55,-0.588218791,4.780662121));
#202=CARTESIAN_POINT('',(-1.55,-0.57279274,4.779733305));
#203=CARTESIAN_POINT('',(-1.55,-0.562516594,4.778987889));
#204=CARTESIAN_POINT('',(-1.55,-0.531720781,4.776373728));
#205=CARTESIAN_POINT('',(-1.55,-0.51123364,4.774126988));
#206=CARTESIAN_POINT('',(-1.55,-0.449974945,4.765882989));
#207=CARTESIAN_POINT('',(-1.55,-0.409406023,4.758380658));
#208=CARTESIAN_POINT('',(-1.55,-0.289097128,4.729963635));
#209=CARTESIAN_POINT('',(-1.55,-0.210769588,4.703123977));
#210=CARTESIAN_POINT('',(-1.55,0.014136728,4.600442273));
#211=CARTESIAN_POINT('',(-1.55,0.150405037,4.502201447));
#212=CARTESIAN_POINT('',(-1.55,0.375060784,4.260956776));
#213=CARTESIAN_POINT('',(-1.55,0.463361131,4.118046453));
#214=CARTESIAN_POINT('',(-1.55,0.578595601,3.809193506));
#215=CARTESIAN_POINT('',(-1.55,0.605486163,3.643400633));
#216=CARTESIAN_POINT('',(-1.55,0.599620022,3.478649834));
#217=CARTESIAN_POINT('',(-1.55,-0.640656859,4.182402087));
#218=CARTESIAN_POINT('',(-1.55,-0.63991219,4.182375573));
#219=CARTESIAN_POINT('',(-1.55,-0.639167521,4.182349058));
#220=CARTESIAN_POINT('',(-1.55,-0.637902349,4.18230401));
#221=CARTESIAN_POINT('',(-1.55,-0.637381846,4.182285477));
#222=CARTESIAN_POINT('',(-1.55,-0.63660109,4.182257677));
#223=CARTESIAN_POINT('',(-1.55,-0.636340838,4.182248415));
#224=CARTESIAN_POINT('',(-1.55,-0.635820335,4.182229873));
#225=CARTESIAN_POINT('',(-1.55,-0.635560079,4.18222071));
#226=CARTESIAN_POINT('',(-1.55,-0.634962937,4.182199221));
#227=CARTESIAN_POINT('',(-1.55,-0.634626041,4.182187094));
#228=CARTESIAN_POINT('',(-1.55,-0.633952283,4.182162069));
#229=CARTESIAN_POINT('',(-1.55,-0.633615414,4.182149298));
#230=CARTESIAN_POINT('',(-1.55,-0.63260484,4.182110211));
#231=CARTESIAN_POINT('',(-1.55,-0.631931167,4.182083119));
#232=CARTESIAN_POINT('',(-1.55,-0.629910292,4.181998742));
#233=CARTESIAN_POINT('',(-1.55,-0.628563227,4.181938358));
#234=CARTESIAN_POINT('',(-1.55,-0.624522668,4.181744809));
#235=CARTESIAN_POINT('',(-1.55,-0.621829801,4.181599248));
#236=CARTESIAN_POINT('',(-1.55,-0.613754313,4.181113016));
#237=CARTESIAN_POINT('',(-1.55,-0.608374784,4.180722793));
#238=CARTESIAN_POINT('',(-1.55,-0.592253275,4.179354288));
#239=CARTESIAN_POINT('',(-1.55,-0.581528323,4.178178127));
#240=CARTESIAN_POINT('',(-1.55,-0.549459592,4.17386242));
#241=CARTESIAN_POINT('',(-1.55,-0.528221892,4.169934974));
#242=CARTESIAN_POINT('',(-1.55,-0.465240572,4.155058754));
#243=CARTESIAN_POINT('',(-1.55,-0.424236357,4.141008279));
#244=CARTESIAN_POINT('',(-1.55,-0.306498623,4.087254737));
#245=CARTESIAN_POINT('',(-1.55,-0.235162601,4.03582598));
#246=CARTESIAN_POINT('',(-1.55,-0.117556039,3.90953517));
#247=CARTESIAN_POINT('',(-1.55,-0.071331092,3.834722075));
#248=CARTESIAN_POINT('',(-1.55,-0.011006216,3.67303855));
#249=CARTESIAN_POINT('',(-1.55,0.003070906,3.586246514));
#250=CARTESIAN_POINT('',(-1.55,-0.,3.5));
#251=CARTESIAN_POINT('',(-1.55,-0.662007025,3.582782066));
#252=CARTESIAN_POINT('',(-1.55,-0.661262356,3.582755551));
#253=CARTESIAN_POINT('',(-1.55,-0.660517687,3.582729036));
#254=CARTESIAN_POINT('',(-1.55,-0.659252515,3.582683988));
#255=CARTESIAN_POINT('',(-1.55,-0.658732012,3.582665455));
#256=CARTESIAN_POINT('',(-1.55,-0.657951256,3.582637655));
#257=CARTESIAN_POINT('',(-1.55,-0.657665095,3.582627467));
#258=CARTESIAN_POINT('',(-1.55,-0.657196411,3.582610778));
#259=CARTESIAN_POINT('',(-1.55,-0.656791804,3.582596381));
#260=CARTESIAN_POINT('',(-1.55,-0.656466426,3.582584775));
#261=CARTESIAN_POINT('',(-1.55,-0.656589512,3.582589146));
#262=CARTESIAN_POINT('',(-1.55,-0.65652903,3.582586899));
#263=CARTESIAN_POINT('',(-1.55,-0.65649879,3.582585753));
#264=CARTESIAN_POINT('',(-1.55,-0.656408072,3.582582244));
#265=CARTESIAN_POINT('',(-1.55,-0.656347597,3.582579812));
#266=CARTESIAN_POINT('',(-1.55,-0.656166186,3.582572238));
#267=CARTESIAN_POINT('',(-1.55,-0.656045262,3.582566817));
#268=CARTESIAN_POINT('',(-1.55,-0.655682547,3.582549442));
#269=CARTESIAN_POINT('',(-1.55,-0.655440812,3.582536376));
#270=CARTESIAN_POINT('',(-1.55,-0.654715887,3.582492727));
#271=CARTESIAN_POINT('',(-1.55,-0.654232974,3.582457697));
#272=CARTESIAN_POINT('',(-1.55,-0.652785768,3.582334849));
#273=CARTESIAN_POINT('',(-1.55,-0.651823005,3.582229266));
#274=CARTESIAN_POINT('',(-1.55,-0.64894424,3.581841851));
#275=CARTESIAN_POINT('',(-1.55,-0.647037761,3.58148929));
#276=CARTESIAN_POINT('',(-1.55,-0.641384016,3.580153873));
#277=CARTESIAN_POINT('',(-1.55,-0.637703125,3.578892581));
#278=CARTESIAN_POINT('',(-1.55,-0.627133974,3.574067201));
#279=CARTESIAN_POINT('',(-1.55,-0.620730239,3.569450514));
#280=CARTESIAN_POINT('',(-1.55,-0.610172863,3.558113564));
#281=CARTESIAN_POINT('',(-1.55,-0.606023314,3.551397698));
#282=CARTESIAN_POINT('',(-1.55,-0.600608034,3.536883594));
#283=CARTESIAN_POINT('',(-1.55,-0.599344351,3.529092395));
#284=CARTESIAN_POINT('',(-1.55,-0.599620022,3.521350166));
#285=CARTESIAN_POINT('',(-0.95,-0.662007025,3.582782066));
#286=CARTESIAN_POINT('',(-0.95,-0.661262356,3.582755551));
#287=CARTESIAN_POINT('',(-0.95,-0.660517687,3.582729036));
#288=CARTESIAN_POINT('',(-0.95,-0.659252515,3.582683988));
#289=CARTESIAN_POINT('',(-0.95,-0.658732012,3.582665455));
#290=CARTESIAN_POINT('',(-0.95,-0.657951256,3.582637655));
#291=CARTESIAN_POINT('',(-0.95,-0.657665095,3.582627467));
#292=CARTESIAN_POINT('',(-0.95,-0.657196411,3.582610778));
#293=CARTESIAN_POINT('',(-0.95,-0.656791804,3.582596381));
#294=CARTESIAN_POINT('',(-0.95,-0.656466426,3.582584775));
#295=CARTESIAN_POINT('',(-0.95,-0.656589512,3.582589146));
#296=CARTESIAN_POINT('',(-0.95,-0.65652903,3.582586899));
#297=CARTESIAN_POINT('',(-0.95,-0.65649879,3.582585753));
#298=CARTESIAN_POINT('',(-0.95,-0.656408072,3.582582244));
#299=CARTESIAN_POINT('',(-0.95,-0.656347597,3.582579812));
#300=CARTESIAN_POINT('',(-0.95,-0.656166186,3.582572238));
#301=CARTESIAN_POINT('',(-0.95,-0.656045262,3.582566817));
#302=CARTESIAN_POINT('',(-0.95,-0.655682547,3.582549442));
#303=CARTESIAN_POINT('',(-0.95,-0.655440812,3.582536376));
#304=CARTESIAN_POINT('',(-0.95,-0.654715887,3.582492727));
#305=CARTESIAN_POINT('',(-0.95,-0.654232974,3.582457697));
#306=CARTESIAN_POINT('',(-0.95,-0.652785768,3.582334849));
#307=CARTESIAN_POINT('',(-0.95,-0.651823005,3.582229266));
#308=CARTESIAN_POINT('',(-0.95,-0.64894424,3.581841851));
#309=CARTESIAN_POINT('',(-0.95,-0.647037761,3.58148929));
#310=CARTESIAN_POINT('',(-0.95,-0.641384016,3.580153873));
#311=CARTESIAN_POINT('',(-0.95,-0.637703125,3.578892581));
#312=CARTESIAN_POINT('',(-0.95,-0.627133974,3.574067201));
#313=CARTESIAN_POINT('',(-0.95,-0.620730239,3.569450514));
#314=CARTESIAN_POINT('',(-0.95,-0.610172863,3.558113564));
#315=CARTESIAN_POINT('',(-0.95,-0.606023314,3.551397698));
#316=CARTESIAN_POINT('',(-0.95,-0.600608034,3.536883594));
#317=CARTESIAN_POINT('',(-0.95,-0.599344351,3.529092395));
#318=CARTESIAN_POINT('',(-0.95,-0.599620022,3.521350166));
#319=CARTESIAN_POINT('',(-0.95,-0.640656859,4.182402087));
#320=CARTESIAN_POINT('',(-0.95,-0.63991219,4.182375573));
#321=CARTESIAN_POINT('',(-0.95,-0.639167521,4.182349058));
#322=CARTESIAN_POINT('',(-0.95,-0.637902349,4.18230401));
#323=CARTESIAN_POINT('',(-0.95,-0.637381846,4.182285477));
#324=CARTESIAN_POINT('',(-0.95,-0.63660109,4.182257677));
#325=CARTESIAN_POINT('',(-0.95,-0.636340838,4.182248415));
#326=CARTESIAN_POINT('',(-0.95,-0.635820335,4.182229873));
#327=CARTESIAN_POINT('',(-0.95,-0.635560079,4.18222071));
#328=CARTESIAN_POINT('',(-0.95,-0.634962937,4.182199221));
#329=CARTESIAN_POINT('',(-0.95,-0.634626041,4.182187094));
#330=CARTESIAN_POINT('',(-0.95,-0.633952283,4.182162069));
#331=CARTESIAN_POINT('',(-0.95,-0.633615414,4.182149298));
#332=CARTESIAN_POINT('',(-0.95,-0.63260484,4.182110211));
#333=CARTESIAN_POINT('',(-0.95,-0.631931167,4.182083119));
#334=CARTESIAN_POINT('',(-0.95,-0.629910292,4.181998742));
#335=CARTESIAN_POINT('',(-0.95,-0.628563227,4.181938358));
#336=CARTESIAN_POINT('',(-0.95,-0.624522668,4.181744809));
#337=CARTESIAN_POINT('',(-0.95,-0.621829801,4.181599248));
#338=CARTESIAN_POINT('',(-0.95,-0.613754313,4.181113016));
#339=CARTESIAN_POINT('',(-0.95,-0.608374784,4.180722793));
#340=CARTESIAN_POINT('',(-0.95,-0.592253275,4.179354288));
#341=CARTESIAN_POINT('',(-0.95,-0.581528323,4.178178127));
#342=CARTESIAN_POINT('',(-0.95,-0.549459592,4.17386242));
#343=CARTESIAN_POINT('',(-0.95,-0.528221892,4.169934974));
#344=CARTESIAN_POINT('',(-0.95,-0.465240572,4.155058754));
#345=CARTESIAN_POINT('',(-0.95,-0.424236357,4.141008279));
#346=CARTESIAN_POINT('',(-0.95,-0.306498623,4.087254737));
#347=CARTESIAN_POINT('',(-0.95,-0.235162601,4.03582598));
#348=CARTESIAN_POINT('',(-0.95,-0.117556039,3.90953517));
#349=CARTESIAN_POINT('',(-0.95,-0.071331092,3.834722075));
#350=CARTESIAN_POINT('',(-0.95,-0.011006216,3.67303855));
#351=CARTESIAN_POINT('',(-0.95,0.003070906,3.586246514));
#352=CARTESIAN_POINT('',(-0.95,-0.,3.5));
#353=(BOUNDED_SURFACE()
B_SPLINE_SURFACE(3,3,((#115,#116,#117,#118,#119,#120,#121,#122,#123,#124,#125,#126,#127,#128,#129,#130,#131,#132,#133,#134,#135,#136,#137,#138,#139,#140,
#141,#142,#143,#144,#145,#146,#147,#148),(#149,#150,#151,#152,#153,#154,#155,#156,#157,#158,#159,#160,#161,#162,#163,#164,#165,#166,#167,#168,#169,#170,#171,#172,#173,#174,
#175,#176,#177,#178,#179,#180,#181,#182),(#183,#184,#185,#186,#187,#188,#189,#190,#191,#192,#193,#194,#195,#196,#197,#198,#199,#200,#201,#202,#203,#204,#205,#206,#207,#208,
#209,#210,#211,#212,#213,#214,#215,#216),(#217,#218,#219,#220,#221,#222,#223,#224,#225,#226,#227,#228,#229,#230,#231,#232,#233,#234,#235,#236,#237,#238,#239,#240,#241,#242,
#243,#244,#245,#246,#247,#248,#249,#250),(#251,#252,#253,#254,#255,#256,#257,#258,#259,#260,#261,#262,#263,#264,#265,#266,#267,#268,#269,#270,#271,#272,#273,#274,#275,#276,
#277,#278,#279,#280,#281,#282,#283,#284),(#285,#286,#287,#288,#289,#290,#291,#292,#293,#294,#295,#296,#297,#298,#299,#300,#301,#302,#303,#304,#305,#306,#307,#308,#309,#310,
#311,#312,#313,#314,#315,#316,#317,#318),(#319,#320,#321,#322,#323,#324,#325,#326,#327,#328,#329,#330,#331,#332,#333,#334,#335,#336,#337,#338,#339,#340,#341,#342,#343,#344,
#345,#346,#347,#348,#349,#350,#351,#352)),.UNSPECIFIED.,.T.,.F.,.U.)
B_SPLINE_SURFACE_WITH_KNOTS((4,3,4),(4,2,2,2,2,2,2,2,2,2,2,2,2,2,2,2,4),(0.,0.5,1.),(-0.005176085,-0.003017536,-0.001508768,-0.000754384,0.,0.000976562,0.001953125,0.00390625,0.0078125,0.015625,0.03125,0.0625,0.125,0.25,0.5,0.75,1.),.UNSPECIFIED.)
GEOMETRIC_REPRESENTATION_ITEM()
RATIONAL_B_SPLINE_SURFACE(((1.,1.,1.,1.,1.,1.,1.,1.,1.,1.,1.,1.,1.,1.,1.,1.,1.,1.,1.,1.,1.,1.,1.,1.,1.,1.,
1.,1.,1.,1.,1.,1.,1.,1.),(0.333333333,0.333333333,0.333333333,0.333333333,0.333333333,0.333333333,0.333333333,0.333333333,0.333333333,0.333333333,0.333333333,0.333333333,0.333333333,0.333333333,0.333333333,0.333333333,0.333333333,0.333333333,0.333333333,0.333333333,0.333333333,0.333333333,0.333333333,0.333333333,0.333333333,0.333333333,
0.333333333,0.333333333,0.333333333,0.333333333,0.333333333,0.333333333,0.333333333,0.333333333),(0.333333333,0.333333333,0.333333333,0.333333333,0.333333333,0.333333333,0.333333333,0.333333333,0.333333333,0.333333333,0.333333333,0.333333333,0.333333333,0.333333333,0.333333333,0.333333333,0.333333333,0.333333333,0.333333333,0.333333333,0.333333333,0.333333333,0.333333333,0.333333333,0.333333333,0.333333333,
0.333333333,0.333333333,0.333333333,0.333333333,0.333333333,0.333333333,0.333333333,0.333333333),(1.,1.,1.,1.,1.,1.,1.,1.,1.,1.,1.,1.,1.,1.,1.,1.,1.,1.,1.,1.,1.,1.,1.,1.,1.,1.,
1.,1.,1.,1.,1.,1.,1.,1.),(0.333333333,0.333333333,0.333333333,0.333333333,0.333333333,0.333333333,0.333333333,0.333333333,0.333333333,0.333333333,0.333333333,0.333333333,0.333333333,0.333333333,0.333333333,0.333333333,0.333333333,0.333333333,0.333333333,0.333333333,0.333333333,0.333333333,0.333333333,0.333333333,0.333333333,0.333333333,
0.333333333,0.333333333,0.333333333,0.333333333,0.333333333,0.333333333,0.333333333,0.333333333),(0.333333333,0.333333333,0.333333333,0.333333333,0.333333333,0.333333333,0.333333333,0.333333333,0.333333333,0.333333333,0.333333333,0.333333333,0.333333333,0.333333333,0.333333333,0.333333333,0.333333333,0.333333333,0.333333333,0.333333333,0.333333333,0.333333333,0.333333333,0.333333333,0.333333333,0.333333333,
0.333333333,0.333333333,0.333333333,0.333333333,0.333333333,0.333333333,0.333333333,0.333333333),(1.,1.,1.,1.,1.,1.,1.,1.,1.,1.,1.,1.,1.,1.,1.,1.,1.,1.,1.,1.,1.,1.,1.,1.,1.,1.,
1.,1.,1.,1.,1.,1.,1.,1.)))
REPRESENTATION_ITEM('')
SURFACE()
);
#354=CARTESIAN_POINT('',(-0.95,-0.635299832,4.182211344));
#355=VERTEX_POINT('',#354);
#356=CARTESIAN_POINT('',(-0.95,-0.,3.5));
#357=CARTESIAN_POINT('',(-0.95,0.003070906,3.586246514));
#358=CARTESIAN_POINT('',(-0.95,-0.011006216,3.67303855));
#359=CARTESIAN_POINT('',(-0.95,-0.071331092,3.834722075));
#360=CARTESIAN_POINT('',(-0.95,-0.117556039,3.90953517));
#361=CARTESIAN_POINT('',(-0.95,-0.235162601,4.03582598));
#362=CARTESIAN_POINT('',(-0.95,-0.306498623,4.087254737));
#363=CARTESIAN_POINT('',(-0.95,-0.424236357,4.141008279));
#364=CARTESIAN_POINT('',(-0.95,-0.465240572,4.155058754));
#365=CARTESIAN_POINT('',(-0.95,-0.528221892,4.169934974));
#366=CARTESIAN_POINT('',(-0.95,-0.549459592,4.17386242));
#367=CARTESIAN_POINT('',(-0.95,-0.581528323,4.178178127));
#368=CARTESIAN_POINT('',(-0.95,-0.592253275,4.179354288));
#369=CARTESIAN_POINT('',(-0.95,-0.608374784,4.180722793));
#370=CARTESIAN_POINT('',(-0.95,-0.613754313,4.181113016));
#371=CARTESIAN_POINT('',(-0.95,-0.621829801,4.181599248));
#372=CARTESIAN_POINT('',(-0.95,-0.624522668,4.181744809));
#373=CARTESIAN_POINT('',(-0.95,-0.628563227,4.181938358));
#374=CARTESIAN_POINT('',(-0.95,-0.629910292,4.181998742));
#375=CARTESIAN_POINT('',(-0.95,-0.631931167,4.182083119));
#376=CARTESIAN_POINT('',(-0.95,-0.63260484,4.182110211));
#377=CARTESIAN_POINT('',(-0.95,-0.633615414,4.182149298));
#378=CARTESIAN_POINT('',(-0.95,-0.633952283,4.182162069));
#379=CARTESIAN_POINT('',(-0.95,-0.634626041,4.182187094));
#380=CARTESIAN_POINT('',(-0.95,-0.634962937,4.182199221));
#381=CARTESIAN_POINT('',(-0.95,-0.635299832,4.182211344));
#382=B_SPLINE_CURVE_WITH_KNOTS('',3,(#356,#357,#358,#359,#360,#361,#362,#363,#364,#365,#366,#367,#368,#369,#370,#371,#372,#373,#374,#375,#376,#377,#378,#379,#380,#381),.UNSPECIFIED.,.F.,.F.,(4,2,2,2,2,2,2,2,2,2,2,2,4),(-0.193122283,0.056877717,0.306877717,0.556877717,0.681877717,0.744377717,0.775627717,0.791252717,0.799065217,0.802971467,0.804924592,0.805901155,0.806877717),.UNSPECIFIED.);
#383=EDGE_CURVE('',#61,#355,#382,.T.);
#384=ORIENTED_EDGE('',*,*,#383,.F.);
#385=CARTESIAN_POINT('',(-0.95,0.,3.5));
#386=CARTESIAN_POINT('',(-0.949999992,0.040187308,3.499289744));
#387=CARTESIAN_POINT('',(-0.957649267,0.078094891,3.498639244));
#388=CARTESIAN_POINT('',(-0.9727855,0.114682697,3.498041843));
#389=CARTESIAN_POINT('',(-0.987921733,0.151270503,3.497444443));
#390=CARTESIAN_POINT('',(-1.010004121,0.184257894,3.496912531));
#391=CARTESIAN_POINT('',(-1.037829116,0.212093177,3.496491764));
#392=CARTESIAN_POINT('',(-1.093479105,0.267763745,3.495650231));
#393=CARTESIAN_POINT('',(-1.171678096,0.299954862,3.495062376));
#394=CARTESIAN_POINT('',(-1.249840046,0.299999958,3.495167245));
#395=CARTESIAN_POINT('',(-1.328001997,0.300045053,3.495272113));
#396=CARTESIAN_POINT('',(-1.406319217,0.26783457,3.495661406));
#397=CARTESIAN_POINT('',(-1.461921129,0.21234273,3.496487811));
#398=CARTESIAN_POINT('',(-1.517523041,0.15685089,3.497314216));
#399=CARTESIAN_POINT('',(-1.54999963,0.079271061,3.498596402));
#400=CARTESIAN_POINT('',(-1.55,0.,3.5));
#401=B_SPLINE_CURVE_WITH_KNOTS('',3,(#385,#386,#387,#388,#389,#390,#391,#392,#393,#394,#395,#396,#397,#398,#399,#400),.UNSPECIFIED.,.F.,.F.,(4,3,3,3,3,4),(-0.000018373,0.000098865,0.000216103,0.000450578,0.000685053,0.000919528),.UNSPECIFIED.);
#402=EDGE_CURVE('',#61,#63,#401,.T.);
#403=ORIENTED_EDGE('',*,*,#402,.T.);
#404=ORIENTED_EDGE('',*,*,#75,.T.);
#405=ORIENTED_EDGE('',*,*,#383,.T.);
#406=CARTESIAN_POINT('',(-1.55,-0.635299832,4.182211344));
#407=VERTEX_POINT('',#406);
#408=CARTESIAN_POINT('',(-0.95,-0.635299832,4.182211344));
#409=CARTESIAN_POINT('',(-0.950000121,-0.636729789,4.10293782));
#410=CARTESIAN_POINT('',(-0.982472829,-0.638273245,4.02536673));
#411=CARTESIAN_POINT('',(-1.038074762,-0.639445124,3.969872715));
#412=CARTESIAN_POINT('',(-1.093676696,-0.640617002,3.914378699));
#413=CARTESIAN_POINT('',(-1.171993185,-0.641381354,3.882166908));
#414=CARTESIAN_POINT('',(-1.250157917,-0.641443407,3.882211386));
#415=CARTESIAN_POINT('',(-1.328322649,-0.641505459,3.882255863));
#416=CARTESIAN_POINT('',(-1.406523944,-0.640625982,3.914450591));
#417=CARTESIAN_POINT('',(-1.462170978,-0.639439883,3.970118261));
#418=CARTESIAN_POINT('',(-1.476082736,-0.639143358,3.984035178));
#419=CARTESIAN_POINT('',(-1.488680023,-0.638814015,3.999417108));
#420=CARTESIAN_POINT('',(-1.499528421,-0.638479309,4.015671358));
#421=CARTESIAN_POINT('',(-1.51037682,-0.638144604,4.031925609));
#422=CARTESIAN_POINT('',(-1.519651527,-0.638883259,4.049250486));
#423=CARTESIAN_POINT('',(-1.52721352,-0.63744422,4.067526278));
#424=CARTESIAN_POINT('',(-1.534775513,-0.636005182,4.085802069));
#425=CARTESIAN_POINT('',(-1.540435585,-0.636720809,4.104562908));
#426=CARTESIAN_POINT('',(-1.544245874,-0.636364611,4.123736003));
#427=CARTESIAN_POINT('',(-1.548056163,-0.636008412,4.142909099));
#428=CARTESIAN_POINT('',(-1.549999999,-0.635661628,4.162116807));
#429=CARTESIAN_POINT('',(-1.55,-0.635299832,4.182211344));
#430=B_SPLINE_CURVE_WITH_KNOTS('',3,(#408,#409,#410,#411,#412,#413,#414,#415,#416,#417,#418,#419,#420,#421,#422,#423,#424,#425,#426,#427,#428,#429),.UNSPECIFIED.,.F.,.F.,(4,3,3,3,3,3,3,4),(-0.000018275,0.000216209,0.000450693,0.000685177,0.000743798,0.000802419,0.00086104,0.000919661),.UNSPECIFIED.);
#431=EDGE_CURVE('',#355,#407,#430,.T.);
#432=ORIENTED_EDGE('',*,*,#431,.T.);
#433=CARTESIAN_POINT('',(-1.25,-0.629960778,4.482211349));
#434=VERTEX_POINT('',#433);
#435=CARTESIAN_POINT('',(-0.95,-0.635299832,4.182211344));
#436=CARTESIAN_POINT('',(-0.950000121,-0.633881282,4.26148357));
#437=CARTESIAN_POINT('',(-0.982473009,-0.632479426,4.339056754));
#438=CARTESIAN_POINT('',(-1.038075931,-0.631520727,4.39455114));
#439=CARTESIAN_POINT('',(-1.093678853,-0.630562027,4.450045526));
#440=CARTESIAN_POINT('',(-1.171995328,-0.630044313,4.482255862));
#441=CARTESIAN_POINT('',(-1.250158309,-0.629960608,4.482211303));
#442=CARTESIAN_POINT('',(-1.32832129,-0.629876902,4.482166743));
#443=CARTESIAN_POINT('',(-1.406522672,-0.630552029,4.449973121));
#444=CARTESIAN_POINT('',(-1.46217051,-0.631525109,4.394304896));
#445=CARTESIAN_POINT('',(-1.47608247,-0.631768379,4.38038784));
#446=CARTESIAN_POINT('',(-1.488680047,-0.632046563,4.365005585));
#447=CARTESIAN_POINT('',(-1.499528583,-0.63233585,4.348751088));
#448=CARTESIAN_POINT('',(-1.510377118,-0.632625138,4.332496592));
#449=CARTESIAN_POINT('',(-1.519652157,-0.63173962,4.31517083));
#450=CARTESIAN_POINT('',(-1.527213851,-0.633252393,4.296895611));
#451=CARTESIAN_POINT('',(-1.534775545,-0.634765166,4.278620392));
#452=CARTESIAN_POINT('',(-1.540435875,-0.633917839,4.259858766));
#453=CARTESIAN_POINT('',(-1.544246047,-0.634259071,4.240685816));
#454=CARTESIAN_POINT('',(-1.548056219,-0.634600304,4.221512865));
#455=CARTESIAN_POINT('',(-1.550000001,-0.634940914,4.202305399));
#456=CARTESIAN_POINT('',(-1.55,-0.635299832,4.182211344));
#457=B_SPLINE_CURVE_WITH_KNOTS('',3,(#435,#436,#437,#438,#439,#440,#441,#442,#443,#444,#445,#446,#447,#448,#449,#450,#451,#452,#453,#454,#455,#456),.UNSPECIFIED.,.F.,.F.,(4,3,3,3,3,3,3,4),(-0.000018275,0.000216204,0.000450683,0.000685162,0.000743781,0.000802401,0.000861021,0.000919641),.UNSPECIFIED.);
#458=EDGE_CURVE('',#434,#407,#457,.T.);
#459=ORIENTED_EDGE('',*,*,#458,.F.);
#460=CARTESIAN_POINT('',(-0.95,-0.635299832,4.182211344));
#461=CARTESIAN_POINT('',(-0.950000121,-0.633881282,4.26148357));
#462=CARTESIAN_POINT('',(-0.982473009,-0.632479426,4.339056754));
#463=CARTESIAN_POINT('',(-1.038075931,-0.631520727,4.39455114));
#464=CARTESIAN_POINT('',(-1.093678853,-0.630562027,4.450045526));
#465=CARTESIAN_POINT('',(-1.171995328,-0.630044313,4.482255862));
#466=CARTESIAN_POINT('',(-1.250158309,-0.629960608,4.482211303));
#467=CARTESIAN_POINT('',(-1.32832129,-0.629876902,4.482166743));
#468=CARTESIAN_POINT('',(-1.406522672,-0.630552029,4.449973121));
#469=CARTESIAN_POINT('',(-1.46217051,-0.631525109,4.394304896));
#470=CARTESIAN_POINT('',(-1.47608247,-0.631768379,4.38038784));
#471=CARTESIAN_POINT('',(-1.488680047,-0.632046563,4.365005585));
#472=CARTESIAN_POINT('',(-1.499528583,-0.63233585,4.348751088));
#473=CARTESIAN_POINT('',(-1.510377118,-0.632625138,4.332496592));
#474=CARTESIAN_POINT('',(-1.519652157,-0.63173962,4.31517083));
#475=CARTESIAN_POINT('',(-1.527213851,-0.633252393,4.296895611));
#476=CARTESIAN_POINT('',(-1.534775545,-0.634765166,4.278620392));
#477=CARTESIAN_POINT('',(-1.540435875,-0.633917839,4.259858766));
#478=CARTESIAN_POINT('',(-1.544246047,-0.634259071,4.240685816));
#479=CARTESIAN_POINT('',(-1.548056219,-0.634600304,4.221512865));
#480=CARTESIAN_POINT('',(-1.550000001,-0.634940914,4.202305399));
#481=CARTESIAN_POINT('',(-1.55,-0.635299832,4.182211344));
#482=B_SPLINE_CURVE_WITH_KNOTS('',3,(#460,#461,#462,#463,#464,#465,#466,#467,#468,#469,#470,#471,#472,#473,#474,#475,#476,#477,#478,#479,#480,#481),.UNSPECIFIED.,.F.,.F.,(4,3,3,3,3,3,3,4),(-0.000018275,0.000216204,0.000450683,0.000685162,0.000743781,0.000802401,0.000861021,0.000919641),.UNSPECIFIED.);
#483=EDGE_CURVE('',#355,#434,#482,.T.);
#484=ORIENTED_EDGE('',*,*,#483,.F.);
#485=EDGE_LOOP('',(#384,#403,#404,#405,#432,#459,#484));
#486=FACE_BOUND('',#485,.T.);
#487=ADVANCED_FACE('',(#486),#353,.F.);
#488=OVER_RIDING_STYLED_ITEM('',(#86),#487,#54);
#489=CARTESIAN_POINT('',(-1.25,-5.7,4.182211344));
#490=DIRECTION('',(0.,1.,0.));
#491=DIRECTION('',(0.,-0.,1.));
#492=AXIS2_PLACEMENT_3D('',#489,#490,#491);
#493=CYLINDRICAL_SURFACE('',#492,0.3);
#494=CARTESIAN_POINT('',(-1.25,-0.629960778,4.482211344));
#495=DIRECTION('',(-0.,-1.,-0.));
#496=VECTOR('',#495,5.070039222);
#497=LINE('',#494,#496);
#498=EDGE_CURVE('',#434,#96,#497,.T.);
#499=ORIENTED_EDGE('',*,*,#498,.T.);
#500=ORIENTED_EDGE('',*,*,#102,.F.);
#501=ORIENTED_EDGE('',*,*,#109,.F.);
#502=ORIENTED_EDGE('',*,*,#498,.F.);
#503=ORIENTED_EDGE('',*,*,#458,.T.);
#504=ORIENTED_EDGE('',*,*,#431,.F.);
#505=ORIENTED_EDGE('',*,*,#483,.T.);
#506=EDGE_LOOP('',(#499,#500,#501,#502,#503,#504,#505));
#507=FACE_BOUND('',#506,.T.);
#508=ADVANCED_FACE('',(#507),#493,.T.);
#509=OVER_RIDING_STYLED_ITEM('',(#86),#508,#54);
#510=CARTESIAN_POINT('',(-1.25,0.,4.));
#511=DIRECTION('',(0.,0.,-1.));
#512=DIRECTION('',(-1.,0.,0.));
#513=AXIS2_PLACEMENT_3D('',#510,#511,#512);
#514=CYLINDRICAL_SURFACE('',#513,0.3);
#515=CARTESIAN_POINT('',(-1.55,-0.,3.));
#516=VERTEX_POINT('',#515);
#517=CARTESIAN_POINT('',(-1.55,0.,3.));
#518=DIRECTION('',(-0.,-0.,1.));
#519=VECTOR('',#518,0.5);
#520=LINE('',#517,#519);
#521=EDGE_CURVE('',#516,#63,#520,.T.);
#522=ORIENTED_EDGE('',*,*,#521,.T.);
#523=ORIENTED_EDGE('',*,*,#402,.F.);
#524=CARTESIAN_POINT('',(-1.25,0.,3.5));
#525=DIRECTION('',(0.,0.,-1.));
#526=DIRECTION('',(-1.,0.,0.));
#527=AXIS2_PLACEMENT_3D('',#524,#525,#526);
#528=CIRCLE('',#527,0.3);
#529=EDGE_CURVE('',#61,#63,#528,.T.);
#530=ORIENTED_EDGE('',*,*,#529,.T.);
#531=ORIENTED_EDGE('',*,*,#521,.F.);
#532=CARTESIAN_POINT('',(-1.25,0.,3.));
#533=DIRECTION('',(-0.,-0.,1.));
#534=DIRECTION('',(-1.,0.,0.));
#535=AXIS2_PLACEMENT_3D('',#532,#533,#534);
#536=CIRCLE('',#535,0.3);
#537=EDGE_CURVE('',#516,#516,#536,.T.);
#538=ORIENTED_EDGE('',*,*,#537,.T.);
#539=EDGE_LOOP('',(#522,#523,#530,#531,#538));
#540=FACE_BOUND('',#539,.T.);
#541=ADVANCED_FACE('',(#540),#514,.T.);
#542=OVER_RIDING_STYLED_ITEM('',(#86),#541,#54);
#543=CARTESIAN_POINT('',(-1.25,0.,3.5));
#544=DIRECTION('',(0.,0.,-1.));
#545=DIRECTION('',(-1.,0.,0.));
#546=AXIS2_PLACEMENT_3D('',#543,#544,#545);
#547=PLANE('',#546);
#548=ORIENTED_EDGE('',*,*,#529,.F.);
#549=ORIENTED_EDGE('',*,*,#68,.T.);
#550=EDGE_LOOP('',(#548,#549));
#551=FACE_BOUND('',#550,.T.);
#552=ADVANCED_FACE('',(#551),#547,.F.);
#553=CARTESIAN_POINT('',(6.25,0.,3.5));
#554=DIRECTION('',(0.,0.,-1.));
#555=DIRECTION('',(-1.,0.,0.));
#556=AXIS2_PLACEMENT_3D('',#553,#554,#555);
#557=PLANE('',#556);
#558=CARTESIAN_POINT('',(5.95,-0.,3.5));
#559=VERTEX_POINT('',#558);
#560=CARTESIAN_POINT('',(6.55,0.,3.5));
#561=VERTEX_POINT('',#560);
#562=CARTESIAN_POINT('',(5.95,-0.,3.5));
#563=DIRECTION('',(1.,0.,-0.));
#564=VECTOR('',#563,0.6);
#565=LINE('',#562,#564);
#566=EDGE_CURVE('',#559,#561,#565,.T.);
#567=ORIENTED_EDGE('',*,*,#566,.F.);
#568=CARTESIAN_POINT('',(6.25,0.,3.5));
#569=DIRECTION('',(0.,0.,-1.));
#570=DIRECTION('',(-1.,0.,0.));
#571=AXIS2_PLACEMENT_3D('',#568,#569,#570);
#572=CIRCLE('',#571,0.3);
#573=EDGE_CURVE('',#561,#559,#572,.T.);
#574=ORIENTED_EDGE('',*,*,#573,.F.);
#575=EDGE_LOOP('',(#567,#574));
#576=FACE_BOUND('',#575,.T.);
#577=ADVANCED_FACE('',(#576),#557,.F.);
#578=CARTESIAN_POINT('',(6.25,0.,4.));
#579=DIRECTION('',(0.,0.,-1.));
#580=DIRECTION('',(-1.,0.,0.));
#581=AXIS2_PLACEMENT_3D('',#578,#579,#580);
#582=CYLINDRICAL_SURFACE('',#581,0.3);
#583=CARTESIAN_POINT('',(5.95,-0.,3.));
#584=VERTEX_POINT('',#583);
#585=CARTESIAN_POINT('',(5.95,0.,3.));
#586=DIRECTION('',(-0.,-0.,1.));
#587=VECTOR('',#586,0.5);
#588=LINE('',#585,#587);
#589=EDGE_CURVE('',#584,#559,#588,.T.);
#590=ORIENTED_EDGE('',*,*,#589,.T.);
#591=CARTESIAN_POINT('',(5.95,0.,3.5));
#592=CARTESIAN_POINT('',(5.95000037,0.079271061,3.498596402));
#593=CARTESIAN_POINT('',(5.982476959,0.15685089,3.497314216));
#594=CARTESIAN_POINT('',(6.038078871,0.21234273,3.496487811));
#595=CARTESIAN_POINT('',(6.093680783,0.26783457,3.495661406));
#596=CARTESIAN_POINT('',(6.171998003,0.300045053,3.495272113));
#597=CARTESIAN_POINT('',(6.250159954,0.299999958,3.495167245));
#598=CARTESIAN_POINT('',(6.328321904,0.299954862,3.495062376));
#599=CARTESIAN_POINT('',(6.406520895,0.267763745,3.495650231));
#600=CARTESIAN_POINT('',(6.462170884,0.212093177,3.496491764));
#601=CARTESIAN_POINT('',(6.489995879,0.184257894,3.496912531));
#602=CARTESIAN_POINT('',(6.512078267,0.151270503,3.497444443));
#603=CARTESIAN_POINT('',(6.5272145,0.114682697,3.498041843));
#604=CARTESIAN_POINT('',(6.542350733,0.078094891,3.498639244));
#605=CARTESIAN_POINT('',(6.550000008,0.040187308,3.499289744));
#606=CARTESIAN_POINT('',(6.55,0.,3.5));
#607=B_SPLINE_CURVE_WITH_KNOTS('',3,(#591,#592,#593,#594,#595,#596,#597,#598,#599,#600,#601,#602,#603,#604,#605,#606),.UNSPECIFIED.,.F.,.F.,(4,3,3,3,3,4),(-0.000018373,0.000216103,0.000450578,0.000685053,0.00080229,0.000919528),.UNSPECIFIED.);
#608=EDGE_CURVE('',#559,#561,#607,.T.);
#609=ORIENTED_EDGE('',*,*,#608,.T.);
#610=ORIENTED_EDGE('',*,*,#573,.T.);
#611=ORIENTED_EDGE('',*,*,#589,.F.);
#612=CARTESIAN_POINT('',(6.25,0.,3.));
#613=DIRECTION('',(-0.,-0.,1.));
#614=DIRECTION('',(-1.,0.,0.));
#615=AXIS2_PLACEMENT_3D('',#612,#613,#614);
#616=CIRCLE('',#615,0.3);
#617=EDGE_CURVE('',#584,#584,#616,.T.);
#618=ORIENTED_EDGE('',*,*,#617,.T.);
#619=EDGE_LOOP('',(#590,#609,#610,#611,#618));
#620=FACE_BOUND('',#619,.T.);
#621=ADVANCED_FACE('',(#620),#582,.T.);
#622=OVER_RIDING_STYLED_ITEM('',(#86),#621,#54);
#623=CARTESIAN_POINT('',(3.75,0.,4.));
#624=DIRECTION('',(0.,0.,-1.));
#625=DIRECTION('',(-1.,0.,0.));
#626=AXIS2_PLACEMENT_3D('',#623,#624,#625);
#627=CYLINDRICAL_SURFACE('',#626,0.3);
#628=CARTESIAN_POINT('',(3.45,-0.,3.));
#629=VERTEX_POINT('',#628);
#630=CARTESIAN_POINT('',(3.45,0.,3.5));
#631=VERTEX_POINT('',#630);
#632=CARTESIAN_POINT('',(3.45,0.,3.));
#633=DIRECTION('',(-0.,-0.,1.));
#634=VECTOR('',#633,0.5);
#635=LINE('',#632,#634);
#636=EDGE_CURVE('',#629,#631,#635,.T.);
#637=ORIENTED_EDGE('',*,*,#636,.T.);
#638=CARTESIAN_POINT('',(4.05,0.,3.5));
#639=VERTEX_POINT('',#638);
#640=CARTESIAN_POINT('',(3.45,0.,3.5));
#641=CARTESIAN_POINT('',(3.45000037,0.079271061,3.498596402));
#642=CARTESIAN_POINT('',(3.482476959,0.15685089,3.497314216));
#643=CARTESIAN_POINT('',(3.538078871,0.21234273,3.496487811));
#644=CARTESIAN_POINT('',(3.593680783,0.26783457,3.495661406));
#645=CARTESIAN_POINT('',(3.671998003,0.300045053,3.495272113));
#646=CARTESIAN_POINT('',(3.750159954,0.299999958,3.495167245));
#647=CARTESIAN_POINT('',(3.828321904,0.299954862,3.495062376));
#648=CARTESIAN_POINT('',(3.906520895,0.267763745,3.495650231));
#649=CARTESIAN_POINT('',(3.962170884,0.212093177,3.496491764));
#650=CARTESIAN_POINT('',(3.989995879,0.184257894,3.496912531));
#651=CARTESIAN_POINT('',(4.012078267,0.151270503,3.497444443));
#652=CARTESIAN_POINT('',(4.0272145,0.114682697,3.498041843));
#653=CARTESIAN_POINT('',(4.042350733,0.078094891,3.498639244));
#654=CARTESIAN_POINT('',(4.050000008,0.040187308,3.499289744));
#655=CARTESIAN_POINT('',(4.05,0.,3.5));
#656=B_SPLINE_CURVE_WITH_KNOTS('',3,(#640,#641,#642,#643,#644,#645,#646,#647,#648,#649,#650,#651,#652,#653,#654,#655),.UNSPECIFIED.,.F.,.F.,(4,3,3,3,3,4),(-0.000018373,0.000216103,0.000450578,0.000685053,0.00080229,0.000919528),.UNSPECIFIED.);
#657=EDGE_CURVE('',#631,#639,#656,.T.);
#658=ORIENTED_EDGE('',*,*,#657,.T.);
#659=CARTESIAN_POINT('',(3.75,0.,3.5));
#660=DIRECTION('',(0.,0.,-1.));
#661=DIRECTION('',(-1.,0.,0.));
#662=AXIS2_PLACEMENT_3D('',#659,#660,#661);
#663=CIRCLE('',#662,0.3);
#664=EDGE_CURVE('',#639,#631,#663,.T.);
#665=ORIENTED_EDGE('',*,*,#664,.T.);
#666=ORIENTED_EDGE('',*,*,#636,.F.);
#667=CARTESIAN_POINT('',(3.75,0.,3.));
#668=DIRECTION('',(-0.,-0.,1.));
#669=DIRECTION('',(-1.,0.,0.));
#670=AXIS2_PLACEMENT_3D('',#667,#668,#669);
#671=CIRCLE('',#670,0.3);
#672=EDGE_CURVE('',#629,#629,#671,.T.);
#673=ORIENTED_EDGE('',*,*,#672,.T.);
#674=EDGE_LOOP('',(#637,#658,#665,#666,#673));
#675=FACE_BOUND('',#674,.T.);
#676=ADVANCED_FACE('',(#675),#627,.T.);
#677=OVER_RIDING_STYLED_ITEM('',(#86),#676,#54);
#678=CARTESIAN_POINT('',(3.75,0.,3.5));
#679=DIRECTION('',(0.,0.,-1.));
#680=DIRECTION('',(-1.,0.,0.));
#681=AXIS2_PLACEMENT_3D('',#678,#679,#680);
#682=PLANE('',#681);
#683=CARTESIAN_POINT('',(3.45,-0.,3.5));
#684=DIRECTION('',(1.,0.,-0.));
#685=VECTOR('',#684,0.6);
#686=LINE('',#683,#685);
#687=EDGE_CURVE('',#631,#639,#686,.T.);
#688=ORIENTED_EDGE('',*,*,#687,.F.);
#689=ORIENTED_EDGE('',*,*,#664,.F.);
#690=EDGE_LOOP('',(#688,#689));
#691=FACE_BOUND('',#690,.T.);
#692=ADVANCED_FACE('',(#691),#682,.F.);
#693=CARTESIAN_POINT('',(1.25,0.,4.));
#694=DIRECTION('',(0.,0.,-1.));
#695=DIRECTION('',(-1.,0.,0.));
#696=AXIS2_PLACEMENT_3D('',#693,#694,#695);
#697=CYLINDRICAL_SURFACE('',#696,0.3);
#698=CARTESIAN_POINT('',(0.95,-0.,3.));
#699=VERTEX_POINT('',#698);
#700=CARTESIAN_POINT('',(0.95,0.,3.5));
#701=VERTEX_POINT('',#700);
#702=CARTESIAN_POINT('',(0.95,0.,3.));
#703=DIRECTION('',(-0.,-0.,1.));
#704=VECTOR('',#703,0.5);
#705=LINE('',#702,#704);
#706=EDGE_CURVE('',#699,#701,#705,.T.);
#707=ORIENTED_EDGE('',*,*,#706,.T.);
#708=CARTESIAN_POINT('',(1.55,0.,3.5));
#709=VERTEX_POINT('',#708);
#710=CARTESIAN_POINT('',(0.95,0.,3.5));
#711=CARTESIAN_POINT('',(0.95000037,0.079271061,3.498596402));
#712=CARTESIAN_POINT('',(0.982476959,0.15685089,3.497314216));
#713=CARTESIAN_POINT('',(1.038078871,0.21234273,3.496487811));
#714=CARTESIAN_POINT('',(1.093680783,0.26783457,3.495661406));
#715=CARTESIAN_POINT('',(1.171998003,0.300045053,3.495272113));
#716=CARTESIAN_POINT('',(1.250159954,0.299999958,3.495167245));
#717=CARTESIAN_POINT('',(1.328321904,0.299954862,3.495062376));
#718=CARTESIAN_POINT('',(1.406520895,0.267763745,3.495650231));
#719=CARTESIAN_POINT('',(1.462170884,0.212093177,3.496491764));
#720=CARTESIAN_POINT('',(1.489995879,0.184257894,3.496912531));
#721=CARTESIAN_POINT('',(1.512078267,0.151270503,3.497444443));
#722=CARTESIAN_POINT('',(1.5272145,0.114682697,3.498041843));
#723=CARTESIAN_POINT('',(1.542350733,0.078094891,3.498639244));
#724=CARTESIAN_POINT('',(1.550000008,0.040187308,3.499289744));
#725=CARTESIAN_POINT('',(1.55,-0.,3.5));
#726=B_SPLINE_CURVE_WITH_KNOTS('',3,(#710,#711,#712,#713,#714,#715,#716,#717,#718,#719,#720,#721,#722,#723,#724,#725),.UNSPECIFIED.,.F.,.F.,(4,3,3,3,3,4),(-0.000018373,0.000216103,0.000450578,0.000685053,0.00080229,0.000919528),.UNSPECIFIED.);
#727=EDGE_CURVE('',#701,#709,#726,.T.);
#728=ORIENTED_EDGE('',*,*,#727,.T.);
#729=CARTESIAN_POINT('',(1.25,0.,3.5));
#730=DIRECTION('',(0.,0.,-1.));
#731=DIRECTION('',(-1.,0.,0.));
#732=AXIS2_PLACEMENT_3D('',#729,#730,#731);
#733=CIRCLE('',#732,0.3);
#734=EDGE_CURVE('',#709,#701,#733,.T.);
#735=ORIENTED_EDGE('',*,*,#734,.T.);
#736=ORIENTED_EDGE('',*,*,#706,.F.);
#737=CARTESIAN_POINT('',(1.25,0.,3.));
#738=DIRECTION('',(-0.,-0.,1.));
#739=DIRECTION('',(-1.,0.,0.));
#740=AXIS2_PLACEMENT_3D('',#737,#738,#739);
#741=CIRCLE('',#740,0.3);
#742=EDGE_CURVE('',#699,#699,#741,.T.);
#743=ORIENTED_EDGE('',*,*,#742,.T.);
#744=EDGE_LOOP('',(#707,#728,#735,#736,#743));
#745=FACE_BOUND('',#744,.T.);
#746=ADVANCED_FACE('',(#745),#697,.T.);
#747=OVER_RIDING_STYLED_ITEM('',(#86),#746,#54);
#748=CARTESIAN_POINT('',(1.25,0.,3.5));
#749=DIRECTION('',(0.,0.,-1.));
#750=DIRECTION('',(-1.,0.,0.));
#751=AXIS2_PLACEMENT_3D('',#748,#749,#750);
#752=PLANE('',#751);
#753=CARTESIAN_POINT('',(0.95,-0.,3.5));
#754=DIRECTION('',(1.,0.,-0.));
#755=VECTOR('',#754,0.6);
#756=LINE('',#753,#755);
#757=EDGE_CURVE('',#701,#709,#756,.T.);
#758=ORIENTED_EDGE('',*,*,#757,.F.);
#759=ORIENTED_EDGE('',*,*,#734,.F.);
#760=EDGE_LOOP('',(#758,#759));
#761=FACE_BOUND('',#760,.T.);
#762=ADVANCED_FACE('',(#761),#752,.F.);
#763=CARTESIAN_POINT('',(-3.75,0.,4.));
#764=DIRECTION('',(0.,0.,-1.));
#765=DIRECTION('',(-1.,0.,0.));
#766=AXIS2_PLACEMENT_3D('',#763,#764,#765);
#767=CYLINDRICAL_SURFACE('',#766,0.3);
#768=CARTESIAN_POINT('',(-4.05,-0.,3.));
#769=VERTEX_POINT('',#768);
#770=CARTESIAN_POINT('',(-4.05,0.,3.5));
#771=VERTEX_POINT('',#770);
#772=CARTESIAN_POINT('',(-4.05,0.,3.));
#773=DIRECTION('',(-0.,-0.,1.));
#774=VECTOR('',#773,0.5);
#775=LINE('',#772,#774);
#776=EDGE_CURVE('',#769,#771,#775,.T.);
#777=ORIENTED_EDGE('',*,*,#776,.T.);
#778=CARTESIAN_POINT('',(-3.45,0.,3.5));
#779=VERTEX_POINT('',#778);
#780=CARTESIAN_POINT('',(-4.05,0.,3.5));
#781=CARTESIAN_POINT('',(-4.04999963,0.079271061,3.498596402));
#782=CARTESIAN_POINT('',(-4.017523041,0.15685089,3.497314216));
#783=CARTESIAN_POINT('',(-3.961921129,0.21234273,3.496487811));
#784=CARTESIAN_POINT('',(-3.906319217,0.26783457,3.495661406));
#785=CARTESIAN_POINT('',(-3.828001997,0.300045053,3.495272113));
#786=CARTESIAN_POINT('',(-3.749840046,0.299999958,3.495167245));
#787=CARTESIAN_POINT('',(-3.671678096,0.299954862,3.495062376));
#788=CARTESIAN_POINT('',(-3.593479105,0.267763745,3.495650231));
#789=CARTESIAN_POINT('',(-3.537829116,0.212093177,3.496491764));
#790=CARTESIAN_POINT('',(-3.510004121,0.184257894,3.496912531));
#791=CARTESIAN_POINT('',(-3.487921733,0.151270503,3.497444443));
#792=CARTESIAN_POINT('',(-3.4727855,0.114682697,3.498041843));
#793=CARTESIAN_POINT('',(-3.457649267,0.078094891,3.498639244));
#794=CARTESIAN_POINT('',(-3.449999992,0.040187308,3.499289744));
#795=CARTESIAN_POINT('',(-3.45,0.,3.5));
#796=B_SPLINE_CURVE_WITH_KNOTS('',3,(#780,#781,#782,#783,#784,#785,#786,#787,#788,#789,#790,#791,#792,#793,#794,#795),.UNSPECIFIED.,.F.,.F.,(4,3,3,3,3,4),(-0.000018373,0.000216103,0.000450578,0.000685053,0.00080229,0.000919528),.UNSPECIFIED.);
#797=EDGE_CURVE('',#771,#779,#796,.T.);
#798=ORIENTED_EDGE('',*,*,#797,.T.);
#799=CARTESIAN_POINT('',(-3.75,0.,3.5));
#800=DIRECTION('',(0.,0.,-1.));
#801=DIRECTION('',(-1.,0.,0.));
#802=AXIS2_PLACEMENT_3D('',#799,#800,#801);
#803=CIRCLE('',#802,0.3);
#804=EDGE_CURVE('',#779,#771,#803,.T.);
#805=ORIENTED_EDGE('',*,*,#804,.T.);
#806=ORIENTED_EDGE('',*,*,#776,.F.);
#807=CARTESIAN_POINT('',(-3.75,0.,3.));
#808=DIRECTION('',(-0.,-0.,1.));
#809=DIRECTION('',(-1.,0.,0.));
#810=AXIS2_PLACEMENT_3D('',#807,#808,#809);
#811=CIRCLE('',#810,0.3);
#812=EDGE_CURVE('',#769,#769,#811,.T.);
#813=ORIENTED_EDGE('',*,*,#812,.T.);
#814=EDGE_LOOP('',(#777,#798,#805,#806,#813));
#815=FACE_BOUND('',#814,.T.);
#816=ADVANCED_FACE('',(#815),#767,.T.);
#817=OVER_RIDING_STYLED_ITEM('',(#86),#816,#54);
#818=CARTESIAN_POINT('',(-3.75,0.,3.5));
#819=DIRECTION('',(0.,0.,-1.));
#820=DIRECTION('',(-1.,0.,0.));
#821=AXIS2_PLACEMENT_3D('',#818,#819,#820);
#822=PLANE('',#821);
#823=CARTESIAN_POINT('',(-4.05,-0.,3.5));
#824=DIRECTION('',(1.,0.,-0.));
#825=VECTOR('',#824,0.6);
#826=LINE('',#823,#825);
#827=EDGE_CURVE('',#771,#779,#826,.T.);
#828=ORIENTED_EDGE('',*,*,#827,.F.);
#829=ORIENTED_EDGE('',*,*,#804,.F.);
#830=EDGE_LOOP('',(#828,#829));
#831=FACE_BOUND('',#830,.T.);
#832=ADVANCED_FACE('',(#831),#822,.F.);
#833=CARTESIAN_POINT('',(6.25,0.,-0.85));
#834=DIRECTION('',(0.,0.,1.));
#835=DIRECTION('',(1.,0.,0.));
#836=AXIS2_PLACEMENT_3D('',#833,#834,#835);
#837=PLANE('',#836);
#838=CARTESIAN_POINT('',(5.5,-0.,-0.85));
#839=VERTEX_POINT('',#838);
#840=CARTESIAN_POINT('',(6.25,0.,-0.85));
#841=DIRECTION('',(0.,0.,-1.));
#842=DIRECTION('',(-1.,0.,0.));
#843=AXIS2_PLACEMENT_3D('',#840,#841,#842);
#844=CIRCLE('',#843,0.75);
#845=EDGE_CURVE('',#839,#839,#844,.T.);
#846=ORIENTED_EDGE('',*,*,#845,.T.);
#847=EDGE_LOOP('',(#846));
#848=FACE_BOUND('',#847,.T.);
#849=ADVANCED_FACE('',(#848),#837,.F.);
#850=OVER_RIDING_STYLED_ITEM('',(#86),#849,#54);
#851=CARTESIAN_POINT('',(6.25,0.,-0.85));
#852=DIRECTION('',(0.,0.,-1.));
#853=DIRECTION('',(-1.,0.,0.));
#854=AXIS2_PLACEMENT_3D('',#851,#852,#853);
#855=CYLINDRICAL_SURFACE('',#854,0.75);
#856=CARTESIAN_POINT('',(5.5,-0.,-1.));
#857=VERTEX_POINT('',#856);
#858=CARTESIAN_POINT('',(5.5,0.,-1.));
#859=DIRECTION('',(-0.,-0.,1.));
#860=VECTOR('',#859,0.15);
#861=LINE('',#858,#860);
#862=EDGE_CURVE('',#857,#839,#861,.T.);
#863=ORIENTED_EDGE('',*,*,#862,.F.);
#864=CARTESIAN_POINT('',(6.25,0.,-1.));
#865=DIRECTION('',(0.,0.,-1.));
#866=DIRECTION('',(-1.,0.,0.));
#867=AXIS2_PLACEMENT_3D('',#864,#865,#866);
#868=CIRCLE('',#867,0.75);
#869=EDGE_CURVE('',#857,#857,#868,.T.);
#870=ORIENTED_EDGE('',*,*,#869,.T.);
#871=ORIENTED_EDGE('',*,*,#862,.T.);
#872=ORIENTED_EDGE('',*,*,#845,.F.);
#873=EDGE_LOOP('',(#863,#870,#871,#872));
#874=FACE_BOUND('',#873,.T.);
#875=ADVANCED_FACE('',(#874),#855,.F.);
#876=CARTESIAN_POINT('',(-7.,-0.,-1.));
#877=DIRECTION('',(0.,0.,1.));
#878=DIRECTION('',(-1.,0.,0.));
#879=AXIS2_PLACEMENT_3D('',#876,#877,#878);
#880=CYLINDRICAL_SURFACE('',#879,3.5);
#881=CARTESIAN_POINT('',(-10.5,-0.,0.));
#882=VERTEX_POINT('',#881);
#883=CARTESIAN_POINT('',(-10.5,-0.,-1.));
#884=VERTEX_POINT('',#883);
#885=CARTESIAN_POINT('',(-10.5,-0.,0.));
#886=DIRECTION('',(-0.,-0.,-1.));
#887=VECTOR('',#886,1.);
#888=LINE('',#885,#887);
#889=EDGE_CURVE('',#882,#884,#888,.T.);
#890=ORIENTED_EDGE('',*,*,#889,.T.);
#891=CARTESIAN_POINT('',(-7.,-3.5,-1.));
#892=VERTEX_POINT('',#891);
#893=CARTESIAN_POINT('',(-7.,-0.,-1.));
#894=DIRECTION('',(0.,0.,1.));
#895=DIRECTION('',(1.,0.,-0.));
#896=AXIS2_PLACEMENT_3D('',#893,#894,#895);
#897=CIRCLE('',#896,3.5);
#898=EDGE_CURVE('',#884,#892,#897,.T.);
#899=ORIENTED_EDGE('',*,*,#898,.T.);
#900=CARTESIAN_POINT('',(-7.,-3.5,0.));
#901=VERTEX_POINT('',#900);
#902=CARTESIAN_POINT('',(-7.,-3.5,-1.));
#903=DIRECTION('',(0.,0.,1.));
#904=VECTOR('',#903,1.);
#905=LINE('',#902,#904);
#906=EDGE_CURVE('',#892,#901,#905,.T.);
#907=ORIENTED_EDGE('',*,*,#906,.T.);
#908=CARTESIAN_POINT('',(-7.,-0.,0.));
#909=DIRECTION('',(0.,0.,1.));
#910=DIRECTION('',(1.,0.,-0.));
#911=AXIS2_PLACEMENT_3D('',#908,#909,#910);
#912=CIRCLE('',#911,3.5);
#913=EDGE_CURVE('',#882,#901,#912,.T.);
#914=ORIENTED_EDGE('',*,*,#913,.F.);
#915=EDGE_LOOP('',(#890,#899,#907,#914));
#916=FACE_BOUND('',#915,.T.);
#917=ADVANCED_FACE('',(#916),#880,.T.);
#918=CARTESIAN_POINT('',(-7.,3.5,-1.));
#919=DIRECTION('',(0.,1.,0.));
#920=DIRECTION('',(0.,0.,1.));
#921=AXIS2_PLACEMENT_3D('',#918,#919,#920);
#922=PLANE('',#921);
#923=CARTESIAN_POINT('',(9.5,3.5,0.));
#924=VERTEX_POINT('',#923);
#925=CARTESIAN_POINT('',(-7.,3.5,0.));
#926=VERTEX_POINT('',#925);
#927=CARTESIAN_POINT('',(9.5,3.5,0.));
#928=DIRECTION('',(-1.,-0.,0.));
#929=VECTOR('',#928,16.5);
#930=LINE('',#927,#929);
#931=EDGE_CURVE('',#924,#926,#930,.T.);
#932=ORIENTED_EDGE('',*,*,#931,.F.);
#933=CARTESIAN_POINT('',(9.5,3.5,-1.));
#934=VERTEX_POINT('',#933);
#935=CARTESIAN_POINT('',(9.5,3.5,-1.));
#936=DIRECTION('',(0.,0.,1.));
#937=VECTOR('',#936,1.);
#938=LINE('',#935,#937);
#939=EDGE_CURVE('',#934,#924,#938,.T.);
#940=ORIENTED_EDGE('',*,*,#939,.F.);
#941=CARTESIAN_POINT('',(-7.,3.5,-1.));
#942=VERTEX_POINT('',#941);
#943=CARTESIAN_POINT('',(9.5,3.5,-1.));
#944=DIRECTION('',(-1.,-0.,0.));
#945=VECTOR('',#944,16.5);
#946=LINE('',#943,#945);
#947=EDGE_CURVE('',#934,#942,#946,.T.);
#948=ORIENTED_EDGE('',*,*,#947,.T.);
#949=CARTESIAN_POINT('',(-7.,3.5,-1.));
#950=DIRECTION('',(0.,0.,1.));
#951=VECTOR('',#950,1.);
#952=LINE('',#949,#951);
#953=EDGE_CURVE('',#942,#926,#952,.T.);
#954=ORIENTED_EDGE('',*,*,#953,.T.);
#955=EDGE_LOOP('',(#932,#940,#948,#954));
#956=FACE_BOUND('',#955,.T.);
#957=ADVANCED_FACE('',(#956),#922,.T.);
#958=CARTESIAN_POINT('',(9.5,0.,-1.));
#959=DIRECTION('',(0.,0.,1.));
#960=DIRECTION('',(1.,0.,-0.));
#961=AXIS2_PLACEMENT_3D('',#958,#959,#960);
#962=CYLINDRICAL_SURFACE('',#961,3.5);
#963=CARTESIAN_POINT('',(13.,0.,0.));
#964=VERTEX_POINT('',#963);
#965=CARTESIAN_POINT('',(13.,0.,-1.));
#966=VERTEX_POINT('',#965);
#967=CARTESIAN_POINT('',(13.,0.,0.));
#968=DIRECTION('',(-0.,-0.,-1.));
#969=VECTOR('',#968,1.);
#970=LINE('',#967,#969);
#971=EDGE_CURVE('',#964,#966,#970,.T.);
#972=ORIENTED_EDGE('',*,*,#971,.T.);
#973=CARTESIAN_POINT('',(9.5,0.,-1.));
#974=DIRECTION('',(0.,0.,1.));
#975=DIRECTION('',(1.,0.,-0.));
#976=AXIS2_PLACEMENT_3D('',#973,#974,#975);
#977=CIRCLE('',#976,3.5);
#978=EDGE_CURVE('',#966,#934,#977,.T.);
#979=ORIENTED_EDGE('',*,*,#978,.T.);
#980=ORIENTED_EDGE('',*,*,#939,.T.);
#981=CARTESIAN_POINT('',(9.5,0.,0.));
#982=DIRECTION('',(0.,0.,1.));
#983=DIRECTION('',(1.,0.,-0.));
#984=AXIS2_PLACEMENT_3D('',#981,#982,#983);
#985=CIRCLE('',#984,3.5);
#986=EDGE_CURVE('',#964,#924,#985,.T.);
#987=ORIENTED_EDGE('',*,*,#986,.F.);
#988=EDGE_LOOP('',(#972,#979,#980,#987));
#989=FACE_BOUND('',#988,.T.);
#990=ADVANCED_FACE('',(#989),#962,.T.);
#991=CARTESIAN_POINT('',(-7.,-3.5,-1.));
#992=DIRECTION('',(0.,-1.,0.));
#993=DIRECTION('',(0.,0.,-1.));
#994=AXIS2_PLACEMENT_3D('',#991,#992,#993);
#995=PLANE('',#994);
#996=CARTESIAN_POINT('',(9.5,-3.5,0.));
#997=VERTEX_POINT('',#996);
#998=CARTESIAN_POINT('',(-7.,-3.5,0.));
#999=DIRECTION('',(1.,0.,-0.));
#1000=VECTOR('',#999,16.5);
#1001=LINE('',#998,#1000);
#1002=EDGE_CURVE('',#901,#997,#1001,.T.);
#1003=ORIENTED_EDGE('',*,*,#1002,.F.);
#1004=ORIENTED_EDGE('',*,*,#906,.F.);
#1005=CARTESIAN_POINT('',(9.5,-3.5,-1.));
#1006=VERTEX_POINT('',#1005);
#1007=CARTESIAN_POINT('',(-7.,-3.5,-1.));
#1008=DIRECTION('',(1.,0.,-0.));
#1009=VECTOR('',#1008,16.5);
#1010=LINE('',#1007,#1009);
#1011=EDGE_CURVE('',#892,#1006,#1010,.T.);
#1012=ORIENTED_EDGE('',*,*,#1011,.T.);
#1013=CARTESIAN_POINT('',(9.5,-3.5,-1.));
#1014=DIRECTION('',(-0.,-0.,1.));
#1015=VECTOR('',#1014,1.);
#1016=LINE('',#1013,#1015);
#1017=EDGE_CURVE('',#1006,#997,#1016,.T.);
#1018=ORIENTED_EDGE('',*,*,#1017,.T.);
#1019=EDGE_LOOP('',(#1003,#1004,#1012,#1018));
#1020=FACE_BOUND('',#1019,.T.);
#1021=ADVANCED_FACE('',(#1020),#995,.T.);
#1022=CARTESIAN_POINT('',(-7.,-0.,-1.));
#1023=DIRECTION('',(0.,0.,1.));
#1024=DIRECTION('',(1.,0.,0.));
#1025=AXIS2_PLACEMENT_3D('',#1022,#1023,#1024);
#1026=PLANE('',#1025);
#1027=ORIENTED_EDGE('',*,*,#869,.F.);
#1028=EDGE_LOOP('',(#1027));
#1029=FACE_BOUND('',#1028,.T.);
#1030=ORIENTED_EDGE('',*,*,#898,.F.);
#1031=CARTESIAN_POINT('',(-7.,-0.,-1.));
#1032=DIRECTION('',(0.,0.,1.));
#1033=DIRECTION('',(1.,0.,-0.));
#1034=AXIS2_PLACEMENT_3D('',#1031,#1032,#1033);
#1035=CIRCLE('',#1034,3.5);
#1036=EDGE_CURVE('',#942,#884,#1035,.T.);
#1037=ORIENTED_EDGE('',*,*,#1036,.F.);
#1038=ORIENTED_EDGE('',*,*,#947,.F.);
#1039=ORIENTED_EDGE('',*,*,#978,.F.);
#1040=CARTESIAN_POINT('',(9.5,0.,-1.));
#1041=DIRECTION('',(0.,0.,1.));
#1042=DIRECTION('',(1.,0.,-0.));
#1043=AXIS2_PLACEMENT_3D('',#1040,#1041,#1042);
#1044=CIRCLE('',#1043,3.5);
#1045=EDGE_CURVE('',#1006,#966,#1044,.T.);
#1046=ORIENTED_EDGE('',*,*,#1045,.F.);
#1047=ORIENTED_EDGE('',*,*,#1011,.F.);
#1048=EDGE_LOOP('',(#1030,#1037,#1038,#1039,#1046,#1047));
#1049=FACE_BOUND('',#1048,.T.);
#1050=CARTESIAN_POINT('',(-4.5,-0.,-1.));
#1051=VERTEX_POINT('',#1050);
#1052=CARTESIAN_POINT('',(-3.75,0.,-1.));
#1053=DIRECTION('',(0.,0.,-1.));
#1054=DIRECTION('',(-1.,0.,0.));
#1055=AXIS2_PLACEMENT_3D('',#1052,#1053,#1054);
#1056=CIRCLE('',#1055,0.75);
#1057=EDGE_CURVE('',#1051,#1051,#1056,.T.);
#1058=ORIENTED_EDGE('',*,*,#1057,.F.);
#1059=EDGE_LOOP('',(#1058));
#1060=FACE_BOUND('',#1059,.T.);
#1061=CARTESIAN_POINT('',(-8.25,-0.,-1.));
#1062=VERTEX_POINT('',#1061);
#1063=CARTESIAN_POINT('',(-7.,0.,-1.));
#1064=DIRECTION('',(0.,0.,-1.));
#1065=DIRECTION('',(-1.,0.,0.));
#1066=AXIS2_PLACEMENT_3D('',#1063,#1064,#1065);
#1067=CIRCLE('',#1066,1.25);
#1068=EDGE_CURVE('',#1062,#1062,#1067,.T.);
#1069=ORIENTED_EDGE('',*,*,#1068,.F.);
#1070=EDGE_LOOP('',(#1069));
#1071=FACE_BOUND('',#1070,.T.);
#1072=CARTESIAN_POINT('',(8.15,-0.,-1.));
#1073=VERTEX_POINT('',#1072);
#1074=CARTESIAN_POINT('',(9.4,0.,-1.));
#1075=DIRECTION('',(0.,0.,-1.));
#1076=DIRECTION('',(-1.,0.,0.));
#1077=AXIS2_PLACEMENT_3D('',#1074,#1075,#1076);
#1078=CIRCLE('',#1077,1.25);
#1079=EDGE_CURVE('',#1073,#1073,#1078,.T.);
#1080=ORIENTED_EDGE('',*,*,#1079,.F.);
#1081=EDGE_LOOP('',(#1080));
#1082=FACE_BOUND('',#1081,.T.);
#1083=CARTESIAN_POINT('',(3.,-0.,-1.));
#1084=VERTEX_POINT('',#1083);
#1085=CARTESIAN_POINT('',(3.75,0.,-1.));
#1086=DIRECTION('',(0.,0.,-1.));
#1087=DIRECTION('',(-1.,0.,0.));
#1088=AXIS2_PLACEMENT_3D('',#1085,#1086,#1087);
#1089=CIRCLE('',#1088,0.75);
#1090=EDGE_CURVE('',#1084,#1084,#1089,.T.);
#1091=ORIENTED_EDGE('',*,*,#1090,.F.);
#1092=EDGE_LOOP('',(#1091));
#1093=FACE_BOUND('',#1092,.T.);
#1094=CARTESIAN_POINT('',(0.5,-0.,-1.));
#1095=VERTEX_POINT('',#1094);
#1096=CARTESIAN_POINT('',(1.25,0.,-1.));
#1097=DIRECTION('',(0.,0.,-1.));
#1098=DIRECTION('',(-1.,0.,0.));
#1099=AXIS2_PLACEMENT_3D('',#1096,#1097,#1098);
#1100=CIRCLE('',#1099,0.75);
#1101=EDGE_CURVE('',#1095,#1095,#1100,.T.);
#1102=ORIENTED_EDGE('',*,*,#1101,.F.);
#1103=EDGE_LOOP('',(#1102));
#1104=FACE_BOUND('',#1103,.T.);
#1105=CARTESIAN_POINT('',(-2.,-0.,-1.));
#1106=VERTEX_POINT('',#1105);
#1107=CARTESIAN_POINT('',(-1.25,0.,-1.));
#1108=DIRECTION('',(0.,0.,-1.));
#1109=DIRECTION('',(-1.,0.,0.));
#1110=AXIS2_PLACEMENT_3D('',#1107,#1108,#1109);
#1111=CIRCLE('',#1110,0.75);
#1112=EDGE_CURVE('',#1106,#1106,#1111,.T.);
#1113=ORIENTED_EDGE('',*,*,#1112,.F.);
#1114=EDGE_LOOP('',(#1113));
#1115=FACE_BOUND('',#1114,.T.);
#1116=ADVANCED_FACE('',(#1029,#1049,#1060,#1071,#1082,#1093,#1104,#1115),#1026,.F.);
#1117=CARTESIAN_POINT('',(-7.,-0.,0.));
#1118=DIRECTION('',(0.,0.,1.));
#1119=DIRECTION('',(1.,0.,0.));
#1120=AXIS2_PLACEMENT_3D('',#1117,#1118,#1119);
#1121=PLANE('',#1120);
#1122=CARTESIAN_POINT('',(-7.,-0.,0.));
#1123=DIRECTION('',(0.,0.,1.));
#1124=DIRECTION('',(1.,0.,-0.));
#1125=AXIS2_PLACEMENT_3D('',#1122,#1123,#1124);
#1126=CIRCLE('',#1125,3.5);
#1127=EDGE_CURVE('',#926,#882,#1126,.T.);
#1128=ORIENTED_EDGE('',*,*,#1127,.T.);
#1129=ORIENTED_EDGE('',*,*,#913,.T.);
#1130=ORIENTED_EDGE('',*,*,#1002,.T.);
#1131=CARTESIAN_POINT('',(9.5,0.,0.));
#1132=DIRECTION('',(0.,0.,1.));
#1133=DIRECTION('',(1.,0.,-0.));
#1134=AXIS2_PLACEMENT_3D('',#1131,#1132,#1133);
#1135=CIRCLE('',#1134,3.5);
#1136=EDGE_CURVE('',#997,#964,#1135,.T.);
#1137=ORIENTED_EDGE('',*,*,#1136,.T.);
#1138=ORIENTED_EDGE('',*,*,#986,.T.);
#1139=ORIENTED_EDGE('',*,*,#931,.T.);
#1140=EDGE_LOOP('',(#1128,#1129,#1130,#1137,#1138,#1139));
#1141=FACE_BOUND('',#1140,.T.);
#1142=CARTESIAN_POINT('',(-8.5,-0.,0.));
#1143=VERTEX_POINT('',#1142);
#1144=CARTESIAN_POINT('',(-6.,-2.5,0.));
#1145=VERTEX_POINT('',#1144);
#1146=CARTESIAN_POINT('',(-6.,0.,0.));
#1147=DIRECTION('',(-0.,-0.,1.));
#1148=DIRECTION('',(-1.,0.,0.));
#1149=AXIS2_PLACEMENT_3D('',#1146,#1147,#1148);
#1150=CIRCLE('',#1149,2.5);
#1151=EDGE_CURVE('',#1143,#1145,#1150,.T.);
#1152=ORIENTED_EDGE('',*,*,#1151,.F.);
#1153=CARTESIAN_POINT('',(-6.,2.5,0.));
#1154=VERTEX_POINT('',#1153);
#1155=CARTESIAN_POINT('',(-6.,0.,0.));
#1156=DIRECTION('',(-0.,-0.,1.));
#1157=DIRECTION('',(-1.,0.,0.));
#1158=AXIS2_PLACEMENT_3D('',#1155,#1156,#1157);
#1159=CIRCLE('',#1158,2.5);
#1160=EDGE_CURVE('',#1154,#1143,#1159,.T.);
#1161=ORIENTED_EDGE('',*,*,#1160,.F.);
#1162=CARTESIAN_POINT('',(8.5,2.5,0.));
#1163=VERTEX_POINT('',#1162);
#1164=CARTESIAN_POINT('',(8.5,2.5,0.));
#1165=DIRECTION('',(-1.,-0.,0.));
#1166=VECTOR('',#1165,14.5);
#1167=LINE('',#1164,#1166);
#1168=EDGE_CURVE('',#1163,#1154,#1167,.T.);
#1169=ORIENTED_EDGE('',*,*,#1168,.F.);
#1170=CARTESIAN_POINT('',(11.,0.,0.));
#1171=VERTEX_POINT('',#1170);
#1172=CARTESIAN_POINT('',(8.5,0.,0.));
#1173=DIRECTION('',(-0.,-0.,1.));
#1174=DIRECTION('',(-1.,0.,0.));
#1175=AXIS2_PLACEMENT_3D('',#1172,#1173,#1174);
#1176=CIRCLE('',#1175,2.5);
#1177=EDGE_CURVE('',#1171,#1163,#1176,.T.);
#1178=ORIENTED_EDGE('',*,*,#1177,.F.);
#1179=CARTESIAN_POINT('',(8.5,-2.5,0.));
#1180=VERTEX_POINT('',#1179);
#1181=CARTESIAN_POINT('',(8.5,0.,0.));
#1182=DIRECTION('',(-0.,-0.,1.));
#1183=DIRECTION('',(-1.,0.,0.));
#1184=AXIS2_PLACEMENT_3D('',#1181,#1182,#1183);
#1185=CIRCLE('',#1184,2.5);
#1186=EDGE_CURVE('',#1180,#1171,#1185,.T.);
#1187=ORIENTED_EDGE('',*,*,#1186,.F.);
#1188=CARTESIAN_POINT('',(-6.,-2.5,0.));
#1189=DIRECTION('',(1.,0.,-0.));
#1190=VECTOR('',#1189,14.5);
#1191=LINE('',#1188,#1190);
#1192=EDGE_CURVE('',#1145,#1180,#1191,.T.);
#1193=ORIENTED_EDGE('',*,*,#1192,.F.);
#1194=EDGE_LOOP('',(#1152,#1161,#1169,#1178,#1187,#1193));
#1195=FACE_BOUND('',#1194,.T.);
#1196=ADVANCED_FACE('',(#1141,#1195),#1121,.T.);
#1197=CARTESIAN_POINT('',(-6.,0.,0.7));
#1198=DIRECTION('',(0.,0.,-1.));
#1199=DIRECTION('',(-1.,0.,0.));
#1200=AXIS2_PLACEMENT_3D('',#1197,#1198,#1199);
#1201=CYLINDRICAL_SURFACE('',#1200,2.5);
#1202=CARTESIAN_POINT('',(-8.5,-0.,0.7));
#1203=VERTEX_POINT('',#1202);
#1204=CARTESIAN_POINT('',(-8.5,0.,0.));
#1205=DIRECTION('',(-0.,-0.,1.));
#1206=VECTOR('',#1205,0.7);
#1207=LINE('',#1204,#1206);
#1208=EDGE_CURVE('',#1143,#1203,#1207,.T.);
#1209=ORIENTED_EDGE('',*,*,#1208,.T.);
#1210=CARTESIAN_POINT('',(-6.,2.5,0.7));
#1211=VERTEX_POINT('',#1210);
#1212=CARTESIAN_POINT('',(-6.,0.,0.7));
#1213=DIRECTION('',(-0.,-0.,1.));
#1214=DIRECTION('',(-1.,0.,0.));
#1215=AXIS2_PLACEMENT_3D('',#1212,#1213,#1214);
#1216=CIRCLE('',#1215,2.5);
#1217=EDGE_CURVE('',#1211,#1203,#1216,.T.);
#1218=ORIENTED_EDGE('',*,*,#1217,.F.);
#1219=CARTESIAN_POINT('',(-6.,2.5,0.7));
#1220=DIRECTION('',(0.,0.,-1.));
#1221=VECTOR('',#1220,0.7);
#1222=LINE('',#1219,#1221);
#1223=EDGE_CURVE('',#1211,#1154,#1222,.T.);
#1224=ORIENTED_EDGE('',*,*,#1223,.T.);
#1225=ORIENTED_EDGE('',*,*,#1160,.T.);
#1226=EDGE_LOOP('',(#1209,#1218,#1224,#1225));
#1227=FACE_BOUND('',#1226,.T.);
#1228=ADVANCED_FACE('',(#1227),#1201,.T.);
#1229=CARTESIAN_POINT('',(-6.,-2.5,0.7));
#1230=DIRECTION('',(0.,1.,0.));
#1231=DIRECTION('',(0.,0.,1.));
#1232=AXIS2_PLACEMENT_3D('',#1229,#1230,#1231);
#1233=PLANE('',#1232);
#1234=ORIENTED_EDGE('',*,*,#1192,.T.);
#1235=CARTESIAN_POINT('',(8.5,-2.5,0.7));
#1236=VERTEX_POINT('',#1235);
#1237=CARTESIAN_POINT('',(8.5,-2.5,0.7));
#1238=DIRECTION('',(0.,0.,-1.));
#1239=VECTOR('',#1238,0.7);
#1240=LINE('',#1237,#1239);
#1241=EDGE_CURVE('',#1236,#1180,#1240,.T.);
#1242=ORIENTED_EDGE('',*,*,#1241,.F.);
#1243=CARTESIAN_POINT('',(-6.,-2.5,0.7));
#1244=VERTEX_POINT('',#1243);
#1245=CARTESIAN_POINT('',(-6.,-2.5,0.7));
#1246=DIRECTION('',(1.,0.,-0.));
#1247=VECTOR('',#1246,14.5);
#1248=LINE('',#1245,#1247);
#1249=EDGE_CURVE('',#1244,#1236,#1248,.T.);
#1250=ORIENTED_EDGE('',*,*,#1249,.F.);
#1251=CARTESIAN_POINT('',(-6.,-2.5,0.7));
#1252=DIRECTION('',(-0.,-0.,-1.));
#1253=VECTOR('',#1252,0.7);
#1254=LINE('',#1251,#1253);
#1255=EDGE_CURVE('',#1244,#1145,#1254,.T.);
#1256=ORIENTED_EDGE('',*,*,#1255,.T.);
#1257=EDGE_LOOP('',(#1234,#1242,#1250,#1256));
#1258=FACE_BOUND('',#1257,.T.);
#1259=ADVANCED_FACE('',(#1258),#1233,.F.);
#1260=CARTESIAN_POINT('',(8.5,0.,0.7));
#1261=DIRECTION('',(0.,0.,-1.));
#1262=DIRECTION('',(1.,0.,0.));
#1263=AXIS2_PLACEMENT_3D('',#1260,#1261,#1262);
#1264=CYLINDRICAL_SURFACE('',#1263,2.5);
#1265=CARTESIAN_POINT('',(11.,0.,0.7));
#1266=VERTEX_POINT('',#1265);
#1267=CARTESIAN_POINT('',(11.,0.,0.));
#1268=DIRECTION('',(-0.,-0.,1.));
#1269=VECTOR('',#1268,0.7);
#1270=LINE('',#1267,#1269);
#1271=EDGE_CURVE('',#1171,#1266,#1270,.T.);
#1272=ORIENTED_EDGE('',*,*,#1271,.T.);
#1273=CARTESIAN_POINT('',(8.5,0.,0.7));
#1274=DIRECTION('',(-0.,-0.,1.));
#1275=DIRECTION('',(-1.,0.,0.));
#1276=AXIS2_PLACEMENT_3D('',#1273,#1274,#1275);
#1277=CIRCLE('',#1276,2.5);
#1278=EDGE_CURVE('',#1236,#1266,#1277,.T.);
#1279=ORIENTED_EDGE('',*,*,#1278,.F.);
#1280=ORIENTED_EDGE('',*,*,#1241,.T.);
#1281=ORIENTED_EDGE('',*,*,#1186,.T.);
#1282=EDGE_LOOP('',(#1272,#1279,#1280,#1281));
#1283=FACE_BOUND('',#1282,.T.);
#1284=ADVANCED_FACE('',(#1283),#1264,.T.);
#1285=CARTESIAN_POINT('',(-6.,2.5,0.7));
#1286=DIRECTION('',(0.,-1.,0.));
#1287=DIRECTION('',(0.,0.,-1.));
#1288=AXIS2_PLACEMENT_3D('',#1285,#1286,#1287);
#1289=PLANE('',#1288);
#1290=ORIENTED_EDGE('',*,*,#1168,.T.);
#1291=ORIENTED_EDGE('',*,*,#1223,.F.);
#1292=CARTESIAN_POINT('',(8.5,2.5,0.7));
#1293=VERTEX_POINT('',#1292);
#1294=CARTESIAN_POINT('',(8.5,2.5,0.7));
#1295=DIRECTION('',(-1.,-0.,0.));
#1296=VECTOR('',#1295,14.5);
#1297=LINE('',#1294,#1296);
#1298=EDGE_CURVE('',#1293,#1211,#1297,.T.);
#1299=ORIENTED_EDGE('',*,*,#1298,.F.);
#1300=CARTESIAN_POINT('',(8.5,2.5,0.7));
#1301=DIRECTION('',(0.,0.,-1.));
#1302=VECTOR('',#1301,0.7);
#1303=LINE('',#1300,#1302);
#1304=EDGE_CURVE('',#1293,#1163,#1303,.T.);
#1305=ORIENTED_EDGE('',*,*,#1304,.T.);
#1306=EDGE_LOOP('',(#1290,#1291,#1299,#1305));
#1307=FACE_BOUND('',#1306,.T.);
#1308=ADVANCED_FACE('',(#1307),#1289,.F.);
#1309=CARTESIAN_POINT('',(-6.,0.,0.7));
#1310=DIRECTION('',(0.,0.,1.));
#1311=DIRECTION('',(1.,0.,0.));
#1312=AXIS2_PLACEMENT_3D('',#1309,#1310,#1311);
#1313=PLANE('',#1312);
#1314=ORIENTED_EDGE('',*,*,#1217,.T.);
#1315=CARTESIAN_POINT('',(-6.,0.,0.7));
#1316=DIRECTION('',(-0.,-0.,1.));
#1317=DIRECTION('',(-1.,0.,0.));
#1318=AXIS2_PLACEMENT_3D('',#1315,#1316,#1317);
#1319=CIRCLE('',#1318,2.5);
#1320=EDGE_CURVE('',#1203,#1244,#1319,.T.);
#1321=ORIENTED_EDGE('',*,*,#1320,.T.);
#1322=ORIENTED_EDGE('',*,*,#1249,.T.);
#1323=ORIENTED_EDGE('',*,*,#1278,.T.);
#1324=CARTESIAN_POINT('',(8.5,0.,0.7));
#1325=DIRECTION('',(-0.,-0.,1.));
#1326=DIRECTION('',(-1.,0.,0.));
#1327=AXIS2_PLACEMENT_3D('',#1324,#1325,#1326);
#1328=CIRCLE('',#1327,2.5);
#1329=EDGE_CURVE('',#1266,#1293,#1328,.T.);
#1330=ORIENTED_EDGE('',*,*,#1329,.T.);
#1331=ORIENTED_EDGE('',*,*,#1298,.T.);
#1332=EDGE_LOOP('',(#1314,#1321,#1322,#1323,#1330,#1331));
#1333=FACE_BOUND('',#1332,.T.);
#1334=CARTESIAN_POINT('',(-7.359810582,-0.,0.7));
#1335=VERTEX_POINT('',#1334);
#1336=CARTESIAN_POINT('',(-5.609810582,-1.75,0.7));
#1337=VERTEX_POINT('',#1336);
#1338=CARTESIAN_POINT('',(-5.609810582,0.,0.7));
#1339=DIRECTION('',(-0.,-0.,1.));
#1340=DIRECTION('',(-1.,0.,0.));
#1341=AXIS2_PLACEMENT_3D('',#1338,#1339,#1340);
#1342=CIRCLE('',#1341,1.75);
#1343=EDGE_CURVE('',#1335,#1337,#1342,.T.);
#1344=ORIENTED_EDGE('',*,*,#1343,.F.);
#1345=CARTESIAN_POINT('',(-5.609810582,1.75,0.7));
#1346=VERTEX_POINT('',#1345);
#1347=CARTESIAN_POINT('',(-5.609810582,0.,0.7));
#1348=DIRECTION('',(-0.,-0.,1.));
#1349=DIRECTION('',(-1.,0.,0.));
#1350=AXIS2_PLACEMENT_3D('',#1347,#1348,#1349);
#1351=CIRCLE('',#1350,1.75);
#1352=EDGE_CURVE('',#1346,#1335,#1351,.T.);
#1353=ORIENTED_EDGE('',*,*,#1352,.F.);
#1354=CARTESIAN_POINT('',(8.109810582,1.75,0.7));
#1355=VERTEX_POINT('',#1354);
#1356=CARTESIAN_POINT('',(8.109810582,1.75,0.7));
#1357=DIRECTION('',(-1.,-0.,-0.));
#1358=VECTOR('',#1357,13.719621164);
#1359=LINE('',#1356,#1358);
#1360=EDGE_CURVE('',#1355,#1346,#1359,.T.);
#1361=ORIENTED_EDGE('',*,*,#1360,.F.);
#1362=CARTESIAN_POINT('',(9.859810582,0.,0.7));
#1363=VERTEX_POINT('',#1362);
#1364=CARTESIAN_POINT('',(8.109810582,0.,0.7));
#1365=DIRECTION('',(-0.,-0.,1.));
#1366=DIRECTION('',(-1.,0.,0.));
#1367=AXIS2_PLACEMENT_3D('',#1364,#1365,#1366);
#1368=CIRCLE('',#1367,1.75);
#1369=EDGE_CURVE('',#1363,#1355,#1368,.T.);
#1370=ORIENTED_EDGE('',*,*,#1369,.F.);
#1371=CARTESIAN_POINT('',(8.109810582,-1.75,0.7));
#1372=VERTEX_POINT('',#1371);
#1373=CARTESIAN_POINT('',(8.109810582,0.,0.7));
#1374=DIRECTION('',(-0.,-0.,1.));
#1375=DIRECTION('',(-1.,0.,0.));
#1376=AXIS2_PLACEMENT_3D('',#1373,#1374,#1375);
#1377=CIRCLE('',#1376,1.75);
#1378=EDGE_CURVE('',#1372,#1363,#1377,.T.);
#1379=ORIENTED_EDGE('',*,*,#1378,.F.);
#1380=CARTESIAN_POINT('',(-5.609810582,-1.75,0.7));
#1381=DIRECTION('',(1.,0.,0.));
#1382=VECTOR('',#1381,13.719621164);
#1383=LINE('',#1380,#1382);
#1384=EDGE_CURVE('',#1337,#1372,#1383,.T.);
#1385=ORIENTED_EDGE('',*,*,#1384,.F.);
#1386=EDGE_LOOP('',(#1344,#1353,#1361,#1370,#1379,#1385));
#1387=FACE_BOUND('',#1386,.T.);
#1388=ADVANCED_FACE('',(#1333,#1387),#1313,.T.);
#1389=CARTESIAN_POINT('',(-5.609810582,0.,2.));
#1390=DIRECTION('',(0.,0.,-1.));
#1391=DIRECTION('',(-1.,0.,0.));
#1392=AXIS2_PLACEMENT_3D('',#1389,#1390,#1391);
#1393=CYLINDRICAL_SURFACE('',#1392,1.75);
#1394=CARTESIAN_POINT('',(-7.359810582,-0.,2.));
#1395=VERTEX_POINT('',#1394);
#1396=CARTESIAN_POINT('',(-7.359810582,0.,0.7));
#1397=DIRECTION('',(-0.,-0.,1.));
#1398=VECTOR('',#1397,1.3);
#1399=LINE('',#1396,#1398);
#1400=EDGE_CURVE('',#1335,#1395,#1399,.T.);
#1401=ORIENTED_EDGE('',*,*,#1400,.T.);
#1402=CARTESIAN_POINT('',(-5.609810582,1.75,2.));
#1403=VERTEX_POINT('',#1402);
#1404=CARTESIAN_POINT('',(-5.609810582,0.,2.));
#1405=DIRECTION('',(-0.,-0.,1.));
#1406=DIRECTION('',(-1.,0.,0.));
#1407=AXIS2_PLACEMENT_3D('',#1404,#1405,#1406);
#1408=CIRCLE('',#1407,1.75);
#1409=EDGE_CURVE('',#1403,#1395,#1408,.T.);
#1410=ORIENTED_EDGE('',*,*,#1409,.F.);
#1411=CARTESIAN_POINT('',(-5.609810582,1.75,2.));
#1412=DIRECTION('',(0.,0.,-1.));
#1413=VECTOR('',#1412,1.3);
#1414=LINE('',#1411,#1413);
#1415=EDGE_CURVE('',#1403,#1346,#1414,.T.);
#1416=ORIENTED_EDGE('',*,*,#1415,.T.);
#1417=ORIENTED_EDGE('',*,*,#1352,.T.);
#1418=EDGE_LOOP('',(#1401,#1410,#1416,#1417));
#1419=FACE_BOUND('',#1418,.T.);
#1420=ADVANCED_FACE('',(#1419),#1393,.T.);
#1421=CARTESIAN_POINT('',(-5.609810582,-1.75,2.));
#1422=DIRECTION('',(-0.,1.,0.));
#1423=DIRECTION('',(0.,0.,1.));
#1424=AXIS2_PLACEMENT_3D('',#1421,#1422,#1423);
#1425=PLANE('',#1424);
#1426=ORIENTED_EDGE('',*,*,#1384,.T.);
#1427=CARTESIAN_POINT('',(8.109810582,-1.75,2.));
#1428=VERTEX_POINT('',#1427);
#1429=CARTESIAN_POINT('',(8.109810582,-1.75,2.));
#1430=DIRECTION('',(0.,0.,-1.));
#1431=VECTOR('',#1430,1.3);
#1432=LINE('',#1429,#1431);
#1433=EDGE_CURVE('',#1428,#1372,#1432,.T.);
#1434=ORIENTED_EDGE('',*,*,#1433,.F.);
#1435=CARTESIAN_POINT('',(-5.609810582,-1.75,2.));
#1436=VERTEX_POINT('',#1435);
#1437=CARTESIAN_POINT('',(-5.609810582,-1.75,2.));
#1438=DIRECTION('',(1.,0.,-0.));
#1439=VECTOR('',#1438,13.719621164);
#1440=LINE('',#1437,#1439);
#1441=EDGE_CURVE('',#1436,#1428,#1440,.T.);
#1442=ORIENTED_EDGE('',*,*,#1441,.F.);
#1443=CARTESIAN_POINT('',(-5.609810582,-1.75,2.));
#1444=DIRECTION('',(-0.,-0.,-1.));
#1445=VECTOR('',#1444,1.3);
#1446=LINE('',#1443,#1445);
#1447=EDGE_CURVE('',#1436,#1337,#1446,.T.);
#1448=ORIENTED_EDGE('',*,*,#1447,.T.);
#1449=EDGE_LOOP('',(#1426,#1434,#1442,#1448));
#1450=FACE_BOUND('',#1449,.T.);
#1451=ADVANCED_FACE('',(#1450),#1425,.F.);
#1452=CARTESIAN_POINT('',(8.109810582,0.,2.));
#1453=DIRECTION('',(0.,0.,-1.));
#1454=DIRECTION('',(1.,0.,0.));
#1455=AXIS2_PLACEMENT_3D('',#1452,#1453,#1454);
#1456=CYLINDRICAL_SURFACE('',#1455,1.75);
#1457=CARTESIAN_POINT('',(9.859810582,0.,2.));
#1458=VERTEX_POINT('',#1457);
#1459=CARTESIAN_POINT('',(9.859810582,0.,0.7));
#1460=DIRECTION('',(-0.,-0.,1.));
#1461=VECTOR('',#1460,1.3);
#1462=LINE('',#1459,#1461);
#1463=EDGE_CURVE('',#1363,#1458,#1462,.T.);
#1464=ORIENTED_EDGE('',*,*,#1463,.T.);
#1465=CARTESIAN_POINT('',(8.109810582,0.,2.));
#1466=DIRECTION('',(-0.,-0.,1.));
#1467=DIRECTION('',(-1.,0.,0.));
#1468=AXIS2_PLACEMENT_3D('',#1465,#1466,#1467);
#1469=CIRCLE('',#1468,1.75);
#1470=EDGE_CURVE('',#1428,#1458,#1469,.T.);
#1471=ORIENTED_EDGE('',*,*,#1470,.F.);
#1472=ORIENTED_EDGE('',*,*,#1433,.T.);
#1473=ORIENTED_EDGE('',*,*,#1378,.T.);
#1474=EDGE_LOOP('',(#1464,#1471,#1472,#1473));
#1475=FACE_BOUND('',#1474,.T.);
#1476=ADVANCED_FACE('',(#1475),#1456,.T.);
#1477=CARTESIAN_POINT('',(-5.609810582,1.75,2.));
#1478=DIRECTION('',(0.,-1.,0.));
#1479=DIRECTION('',(0.,0.,-1.));
#1480=AXIS2_PLACEMENT_3D('',#1477,#1478,#1479);
#1481=PLANE('',#1480);
#1482=ORIENTED_EDGE('',*,*,#1360,.T.);
#1483=ORIENTED_EDGE('',*,*,#1415,.F.);
#1484=CARTESIAN_POINT('',(8.109810582,1.75,2.));
#1485=VERTEX_POINT('',#1484);
#1486=CARTESIAN_POINT('',(8.109810582,1.75,2.));
#1487=DIRECTION('',(-1.,-0.,0.));
#1488=VECTOR('',#1487,13.719621164);
#1489=LINE('',#1486,#1488);
#1490=EDGE_CURVE('',#1485,#1403,#1489,.T.);
#1491=ORIENTED_EDGE('',*,*,#1490,.F.);
#1492=CARTESIAN_POINT('',(8.109810582,1.75,2.));
#1493=DIRECTION('',(0.,0.,-1.));
#1494=VECTOR('',#1493,1.3);
#1495=LINE('',#1492,#1494);
#1496=EDGE_CURVE('',#1485,#1355,#1495,.T.);
#1497=ORIENTED_EDGE('',*,*,#1496,.T.);
#1498=EDGE_LOOP('',(#1482,#1483,#1491,#1497));
#1499=FACE_BOUND('',#1498,.T.);
#1500=ADVANCED_FACE('',(#1499),#1481,.F.);
#1501=CARTESIAN_POINT('',(-6.,0.,2.));
#1502=DIRECTION('',(0.,0.,1.));
#1503=DIRECTION('',(1.,0.,0.));
#1504=AXIS2_PLACEMENT_3D('',#1501,#1502,#1503);
#1505=PLANE('',#1504);
#1506=CARTESIAN_POINT('',(-8.5,-0.,2.));
#1507=VERTEX_POINT('',#1506);
#1508=CARTESIAN_POINT('',(-6.,-2.5,2.));
#1509=VERTEX_POINT('',#1508);
#1510=CARTESIAN_POINT('',(-6.,0.,2.));
#1511=DIRECTION('',(-0.,-0.,1.));
#1512=DIRECTION('',(-1.,0.,0.));
#1513=AXIS2_PLACEMENT_3D('',#1510,#1511,#1512);
#1514=CIRCLE('',#1513,2.5);
#1515=EDGE_CURVE('',#1507,#1509,#1514,.T.);
#1516=ORIENTED_EDGE('',*,*,#1515,.F.);
#1517=CARTESIAN_POINT('',(-6.,2.5,2.));
#1518=VERTEX_POINT('',#1517);
#1519=CARTESIAN_POINT('',(-6.,0.,2.));
#1520=DIRECTION('',(-0.,-0.,1.));
#1521=DIRECTION('',(-1.,0.,0.));
#1522=AXIS2_PLACEMENT_3D('',#1519,#1520,#1521);
#1523=CIRCLE('',#1522,2.5);
#1524=EDGE_CURVE('',#1518,#1507,#1523,.T.);
#1525=ORIENTED_EDGE('',*,*,#1524,.F.);
#1526=CARTESIAN_POINT('',(8.5,2.5,2.));
#1527=VERTEX_POINT('',#1526);
#1528=CARTESIAN_POINT('',(8.5,2.5,2.));
#1529=DIRECTION('',(-1.,-0.,0.));
#1530=VECTOR('',#1529,14.5);
#1531=LINE('',#1528,#1530);
#1532=EDGE_CURVE('',#1527,#1518,#1531,.T.);
#1533=ORIENTED_EDGE('',*,*,#1532,.F.);
#1534=CARTESIAN_POINT('',(11.,0.,2.));
#1535=VERTEX_POINT('',#1534);
#1536=CARTESIAN_POINT('',(8.5,0.,2.));
#1537=DIRECTION('',(-0.,-0.,1.));
#1538=DIRECTION('',(-1.,0.,0.));
#1539=AXIS2_PLACEMENT_3D('',#1536,#1537,#1538);
#1540=CIRCLE('',#1539,2.5);
#1541=EDGE_CURVE('',#1535,#1527,#1540,.T.);
#1542=ORIENTED_EDGE('',*,*,#1541,.F.);
#1543=CARTESIAN_POINT('',(8.5,-2.5,2.));
#1544=VERTEX_POINT('',#1543);
#1545=CARTESIAN_POINT('',(8.5,0.,2.));
#1546=DIRECTION('',(-0.,-0.,1.));
#1547=DIRECTION('',(-1.,0.,0.));
#1548=AXIS2_PLACEMENT_3D('',#1545,#1546,#1547);
#1549=CIRCLE('',#1548,2.5);
#1550=EDGE_CURVE('',#1544,#1535,#1549,.T.);
#1551=ORIENTED_EDGE('',*,*,#1550,.F.);
#1552=CARTESIAN_POINT('',(-6.,-2.5,2.));
#1553=DIRECTION('',(1.,0.,-0.));
#1554=VECTOR('',#1553,14.5);
#1555=LINE('',#1552,#1554);
#1556=EDGE_CURVE('',#1509,#1544,#1555,.T.);
#1557=ORIENTED_EDGE('',*,*,#1556,.F.);
#1558=EDGE_LOOP('',(#1516,#1525,#1533,#1542,#1551,#1557));
#1559=FACE_BOUND('',#1558,.T.);
#1560=ORIENTED_EDGE('',*,*,#1490,.T.);
#1561=ORIENTED_EDGE('',*,*,#1409,.T.);
#1562=CARTESIAN_POINT('',(-5.609810582,0.,2.));
#1563=DIRECTION('',(-0.,-0.,1.));
#1564=DIRECTION('',(-1.,0.,0.));
#1565=AXIS2_PLACEMENT_3D('',#1562,#1563,#1564);
#1566=CIRCLE('',#1565,1.75);
#1567=EDGE_CURVE('',#1395,#1436,#1566,.T.);
#1568=ORIENTED_EDGE('',*,*,#1567,.T.);
#1569=ORIENTED_EDGE('',*,*,#1441,.T.);
#1570=ORIENTED_EDGE('',*,*,#1470,.T.);
#1571=CARTESIAN_POINT('',(8.109810582,0.,2.));
#1572=DIRECTION('',(-0.,-0.,1.));
#1573=DIRECTION('',(-1.,0.,0.));
#1574=AXIS2_PLACEMENT_3D('',#1571,#1572,#1573);
#1575=CIRCLE('',#1574,1.75);
#1576=EDGE_CURVE('',#1458,#1485,#1575,.T.);
#1577=ORIENTED_EDGE('',*,*,#1576,.T.);
#1578=EDGE_LOOP('',(#1560,#1561,#1568,#1569,#1570,#1577));
#1579=FACE_BOUND('',#1578,.T.);
#1580=ADVANCED_FACE('',(#1559,#1579),#1505,.F.);
#1581=CARTESIAN_POINT('',(-6.,0.,3.));
#1582=DIRECTION('',(0.,0.,-1.));
#1583=DIRECTION('',(-1.,0.,0.));
#1584=AXIS2_PLACEMENT_3D('',#1581,#1582,#1583);
#1585=CYLINDRICAL_SURFACE('',#1584,2.5);
#1586=CARTESIAN_POINT('',(-8.5,-0.,3.));
#1587=VERTEX_POINT('',#1586);
#1588=CARTESIAN_POINT('',(-8.5,0.,2.));
#1589=DIRECTION('',(-0.,-0.,1.));
#1590=VECTOR('',#1589,1.);
#1591=LINE('',#1588,#1590);
#1592=EDGE_CURVE('',#1507,#1587,#1591,.T.);
#1593=ORIENTED_EDGE('',*,*,#1592,.T.);
#1594=CARTESIAN_POINT('',(-6.,2.5,3.));
#1595=VERTEX_POINT('',#1594);
#1596=CARTESIAN_POINT('',(-6.,0.,3.));
#1597=DIRECTION('',(-0.,-0.,1.));
#1598=DIRECTION('',(-1.,0.,0.));
#1599=AXIS2_PLACEMENT_3D('',#1596,#1597,#1598);
#1600=CIRCLE('',#1599,2.5);
#1601=EDGE_CURVE('',#1595,#1587,#1600,.T.);
#1602=ORIENTED_EDGE('',*,*,#1601,.F.);
#1603=CARTESIAN_POINT('',(-6.,2.5,3.));
#1604=DIRECTION('',(0.,0.,-1.));
#1605=VECTOR('',#1604,1.);
#1606=LINE('',#1603,#1605);
#1607=EDGE_CURVE('',#1595,#1518,#1606,.T.);
#1608=ORIENTED_EDGE('',*,*,#1607,.T.);
#1609=ORIENTED_EDGE('',*,*,#1524,.T.);
#1610=EDGE_LOOP('',(#1593,#1602,#1608,#1609));
#1611=FACE_BOUND('',#1610,.T.);
#1612=ADVANCED_FACE('',(#1611),#1585,.T.);
#1613=CARTESIAN_POINT('',(-6.,-2.5,3.));
#1614=DIRECTION('',(0.,1.,0.));
#1615=DIRECTION('',(0.,0.,1.));
#1616=AXIS2_PLACEMENT_3D('',#1613,#1614,#1615);
#1617=PLANE('',#1616);
#1618=ORIENTED_EDGE('',*,*,#1556,.T.);
#1619=CARTESIAN_POINT('',(8.5,-2.5,3.));
#1620=VERTEX_POINT('',#1619);
#1621=CARTESIAN_POINT('',(8.5,-2.5,3.));
#1622=DIRECTION('',(0.,0.,-1.));
#1623=VECTOR('',#1622,1.);
#1624=LINE('',#1621,#1623);
#1625=EDGE_CURVE('',#1620,#1544,#1624,.T.);
#1626=ORIENTED_EDGE('',*,*,#1625,.F.);
#1627=CARTESIAN_POINT('',(-6.,-2.5,3.));
#1628=VERTEX_POINT('',#1627);
#1629=CARTESIAN_POINT('',(-6.,-2.5,3.));
#1630=DIRECTION('',(1.,0.,-0.));
#1631=VECTOR('',#1630,14.5);
#1632=LINE('',#1629,#1631);
#1633=EDGE_CURVE('',#1628,#1620,#1632,.T.);
#1634=ORIENTED_EDGE('',*,*,#1633,.F.);
#1635=CARTESIAN_POINT('',(-6.,-2.5,3.));
#1636=DIRECTION('',(-0.,-0.,-1.));
#1637=VECTOR('',#1636,1.);
#1638=LINE('',#1635,#1637);
#1639=EDGE_CURVE('',#1628,#1509,#1638,.T.);
#1640=ORIENTED_EDGE('',*,*,#1639,.T.);
#1641=EDGE_LOOP('',(#1618,#1626,#1634,#1640));
#1642=FACE_BOUND('',#1641,.T.);
#1643=ADVANCED_FACE('',(#1642),#1617,.F.);
#1644=CARTESIAN_POINT('',(8.5,0.,3.));
#1645=DIRECTION('',(0.,0.,-1.));
#1646=DIRECTION('',(1.,0.,0.));
#1647=AXIS2_PLACEMENT_3D('',#1644,#1645,#1646);
#1648=CYLINDRICAL_SURFACE('',#1647,2.5);
#1649=CARTESIAN_POINT('',(11.,0.,3.));
#1650=VERTEX_POINT('',#1649);
#1651=CARTESIAN_POINT('',(11.,0.,2.));
#1652=DIRECTION('',(-0.,-0.,1.));
#1653=VECTOR('',#1652,1.);
#1654=LINE('',#1651,#1653);
#1655=EDGE_CURVE('',#1535,#1650,#1654,.T.);
#1656=ORIENTED_EDGE('',*,*,#1655,.T.);
#1657=CARTESIAN_POINT('',(8.5,0.,3.));
#1658=DIRECTION('',(-0.,-0.,1.));
#1659=DIRECTION('',(-1.,0.,0.));
#1660=AXIS2_PLACEMENT_3D('',#1657,#1658,#1659);
#1661=CIRCLE('',#1660,2.5);
#1662=EDGE_CURVE('',#1620,#1650,#1661,.T.);
#1663=ORIENTED_EDGE('',*,*,#1662,.F.);
#1664=ORIENTED_EDGE('',*,*,#1625,.T.);
#1665=ORIENTED_EDGE('',*,*,#1550,.T.);
#1666=EDGE_LOOP('',(#1656,#1663,#1664,#1665));
#1667=FACE_BOUND('',#1666,.T.);
#1668=ADVANCED_FACE('',(#1667),#1648,.T.);
#1669=CARTESIAN_POINT('',(-6.,2.5,3.));
#1670=DIRECTION('',(0.,-1.,0.));
#1671=DIRECTION('',(0.,0.,-1.));
#1672=AXIS2_PLACEMENT_3D('',#1669,#1670,#1671);
#1673=PLANE('',#1672);
#1674=ORIENTED_EDGE('',*,*,#1532,.T.);
#1675=ORIENTED_EDGE('',*,*,#1607,.F.);
#1676=CARTESIAN_POINT('',(8.5,2.5,3.));
#1677=VERTEX_POINT('',#1676);
#1678=CARTESIAN_POINT('',(8.5,2.5,3.));
#1679=DIRECTION('',(-1.,-0.,0.));
#1680=VECTOR('',#1679,14.5);
#1681=LINE('',#1678,#1680);
#1682=EDGE_CURVE('',#1677,#1595,#1681,.T.);
#1683=ORIENTED_EDGE('',*,*,#1682,.F.);
#1684=CARTESIAN_POINT('',(8.5,2.5,3.));
#1685=DIRECTION('',(0.,0.,-1.));
#1686=VECTOR('',#1685,1.);
#1687=LINE('',#1684,#1686);
#1688=EDGE_CURVE('',#1677,#1527,#1687,.T.);
#1689=ORIENTED_EDGE('',*,*,#1688,.T.);
#1690=EDGE_LOOP('',(#1674,#1675,#1683,#1689));
#1691=FACE_BOUND('',#1690,.T.);
#1692=ADVANCED_FACE('',(#1691),#1673,.F.);
#1693=CARTESIAN_POINT('',(-6.,0.,3.));
#1694=DIRECTION('',(0.,0.,1.));
#1695=DIRECTION('',(1.,0.,0.));
#1696=AXIS2_PLACEMENT_3D('',#1693,#1694,#1695);
#1697=PLANE('',#1696);
#1698=ORIENTED_EDGE('',*,*,#617,.F.);
#1699=EDGE_LOOP('',(#1698));
#1700=FACE_BOUND('',#1699,.T.);
#1701=ORIENTED_EDGE('',*,*,#1601,.T.);
#1702=CARTESIAN_POINT('',(-6.,0.,3.));
#1703=DIRECTION('',(-0.,-0.,1.));
#1704=DIRECTION('',(-1.,0.,0.));
#1705=AXIS2_PLACEMENT_3D('',#1702,#1703,#1704);
#1706=CIRCLE('',#1705,2.5);
#1707=EDGE_CURVE('',#1587,#1628,#1706,.T.);
#1708=ORIENTED_EDGE('',*,*,#1707,.T.);
#1709=ORIENTED_EDGE('',*,*,#1633,.T.);
#1710=ORIENTED_EDGE('',*,*,#1662,.T.);
#1711=CARTESIAN_POINT('',(8.5,0.,3.));
#1712=DIRECTION('',(-0.,-0.,1.));
#1713=DIRECTION('',(-1.,0.,0.));
#1714=AXIS2_PLACEMENT_3D('',#1711,#1712,#1713);
#1715=CIRCLE('',#1714,2.5);
#1716=EDGE_CURVE('',#1650,#1677,#1715,.T.);
#1717=ORIENTED_EDGE('',*,*,#1716,.T.);
#1718=ORIENTED_EDGE('',*,*,#1682,.T.);
#1719=EDGE_LOOP('',(#1701,#1708,#1709,#1710,#1717,#1718));
#1720=FACE_BOUND('',#1719,.T.);
#1721=ORIENTED_EDGE('',*,*,#812,.F.);
#1722=EDGE_LOOP('',(#1721));
#1723=FACE_BOUND('',#1722,.T.);
#1724=ORIENTED_EDGE('',*,*,#537,.F.);
#1725=EDGE_LOOP('',(#1724));
#1726=FACE_BOUND('',#1725,.T.);
#1727=ORIENTED_EDGE('',*,*,#742,.F.);
#1728=EDGE_LOOP('',(#1727));
#1729=FACE_BOUND('',#1728,.T.);
#1730=ORIENTED_EDGE('',*,*,#672,.F.);
#1731=EDGE_LOOP('',(#1730));
#1732=FACE_BOUND('',#1731,.T.);
#1733=ADVANCED_FACE('',(#1700,#1720,#1723,#1726,#1729,#1732),#1697,.T.);
#1734=CARTESIAN_POINT('',(-1.25,0.,-0.85));
#1735=DIRECTION('',(0.,0.,-1.));
#1736=DIRECTION('',(-1.,0.,0.));
#1737=AXIS2_PLACEMENT_3D('',#1734,#1735,#1736);
#1738=CYLINDRICAL_SURFACE('',#1737,0.75);
#1739=CARTESIAN_POINT('',(-2.,-0.,-0.85));
#1740=VERTEX_POINT('',#1739);
#1741=CARTESIAN_POINT('',(-2.,0.,-1.));
#1742=DIRECTION('',(-0.,-0.,1.));
#1743=VECTOR('',#1742,0.15);
#1744=LINE('',#1741,#1743);
#1745=EDGE_CURVE('',#1106,#1740,#1744,.T.);
#1746=ORIENTED_EDGE('',*,*,#1745,.F.);
#1747=ORIENTED_EDGE('',*,*,#1112,.T.);
#1748=ORIENTED_EDGE('',*,*,#1745,.T.);
#1749=CARTESIAN_POINT('',(-1.25,0.,-0.85));
#1750=DIRECTION('',(0.,0.,-1.));
#1751=DIRECTION('',(-1.,0.,0.));
#1752=AXIS2_PLACEMENT_3D('',#1749,#1750,#1751);
#1753=CIRCLE('',#1752,0.75);
#1754=EDGE_CURVE('',#1740,#1740,#1753,.T.);
#1755=ORIENTED_EDGE('',*,*,#1754,.F.);
#1756=EDGE_LOOP('',(#1746,#1747,#1748,#1755));
#1757=FACE_BOUND('',#1756,.T.);
#1758=ADVANCED_FACE('',(#1757),#1738,.F.);
#1759=CARTESIAN_POINT('',(-1.25,0.,-0.85));
#1760=DIRECTION('',(0.,0.,-1.));
#1761=DIRECTION('',(-1.,0.,0.));
#1762=AXIS2_PLACEMENT_3D('',#1759,#1760,#1761);
#1763=PLANE('',#1762);
#1764=ORIENTED_EDGE('',*,*,#1754,.T.);
#1765=EDGE_LOOP('',(#1764));
#1766=FACE_BOUND('',#1765,.T.);
#1767=ADVANCED_FACE('',(#1766),#1763,.T.);
#1768=OVER_RIDING_STYLED_ITEM('',(#86),#1767,#54);
#1769=CARTESIAN_POINT('',(1.25,0.,-0.85));
#1770=DIRECTION('',(0.,0.,-1.));
#1771=DIRECTION('',(-1.,0.,0.));
#1772=AXIS2_PLACEMENT_3D('',#1769,#1770,#1771);
#1773=CYLINDRICAL_SURFACE('',#1772,0.75);
#1774=CARTESIAN_POINT('',(0.5,-0.,-0.85));
#1775=VERTEX_POINT('',#1774);
#1776=CARTESIAN_POINT('',(0.5,0.,-1.));
#1777=DIRECTION('',(-0.,-0.,1.));
#1778=VECTOR('',#1777,0.15);
#1779=LINE('',#1776,#1778);
#1780=EDGE_CURVE('',#1095,#1775,#1779,.T.);
#1781=ORIENTED_EDGE('',*,*,#1780,.F.);
#1782=ORIENTED_EDGE('',*,*,#1101,.T.);
#1783=ORIENTED_EDGE('',*,*,#1780,.T.);
#1784=CARTESIAN_POINT('',(1.25,0.,-0.85));
#1785=DIRECTION('',(0.,0.,-1.));
#1786=DIRECTION('',(-1.,0.,0.));
#1787=AXIS2_PLACEMENT_3D('',#1784,#1785,#1786);
#1788=CIRCLE('',#1787,0.75);
#1789=EDGE_CURVE('',#1775,#1775,#1788,.T.);
#1790=ORIENTED_EDGE('',*,*,#1789,.F.);
#1791=EDGE_LOOP('',(#1781,#1782,#1783,#1790));
#1792=FACE_BOUND('',#1791,.T.);
#1793=ADVANCED_FACE('',(#1792),#1773,.F.);
#1794=CARTESIAN_POINT('',(1.25,0.,-0.85));
#1795=DIRECTION('',(0.,0.,1.));
#1796=DIRECTION('',(1.,0.,0.));
#1797=AXIS2_PLACEMENT_3D('',#1794,#1795,#1796);
#1798=PLANE('',#1797);
#1799=ORIENTED_EDGE('',*,*,#1789,.T.);
#1800=EDGE_LOOP('',(#1799));
#1801=FACE_BOUND('',#1800,.T.);
#1802=ADVANCED_FACE('',(#1801),#1798,.F.);
#1803=OVER_RIDING_STYLED_ITEM('',(#86),#1802,#54);
#1804=CARTESIAN_POINT('',(3.75,0.,-0.85));
#1805=DIRECTION('',(0.,0.,-1.));
#1806=DIRECTION('',(-1.,0.,0.));
#1807=AXIS2_PLACEMENT_3D('',#1804,#1805,#1806);
#1808=CYLINDRICAL_SURFACE('',#1807,0.75);
#1809=CARTESIAN_POINT('',(3.,-0.,-0.85));
#1810=VERTEX_POINT('',#1809);
#1811=CARTESIAN_POINT('',(3.,0.,-1.));
#1812=DIRECTION('',(-0.,-0.,1.));
#1813=VECTOR('',#1812,0.15);
#1814=LINE('',#1811,#1813);
#1815=EDGE_CURVE('',#1084,#1810,#1814,.T.);
#1816=ORIENTED_EDGE('',*,*,#1815,.F.);
#1817=ORIENTED_EDGE('',*,*,#1090,.T.);
#1818=ORIENTED_EDGE('',*,*,#1815,.T.);
#1819=CARTESIAN_POINT('',(3.75,0.,-0.85));
#1820=DIRECTION('',(0.,0.,-1.));
#1821=DIRECTION('',(-1.,0.,0.));
#1822=AXIS2_PLACEMENT_3D('',#1819,#1820,#1821);
#1823=CIRCLE('',#1822,0.75);
#1824=EDGE_CURVE('',#1810,#1810,#1823,.T.);
#1825=ORIENTED_EDGE('',*,*,#1824,.F.);
#1826=EDGE_LOOP('',(#1816,#1817,#1818,#1825));
#1827=FACE_BOUND('',#1826,.T.);
#1828=ADVANCED_FACE('',(#1827),#1808,.F.);
#1829=CARTESIAN_POINT('',(3.75,0.,-0.85));
#1830=DIRECTION('',(0.,0.,1.));
#1831=DIRECTION('',(1.,0.,0.));
#1832=AXIS2_PLACEMENT_3D('',#1829,#1830,#1831);
#1833=PLANE('',#1832);
#1834=ORIENTED_EDGE('',*,*,#1824,.T.);
#1835=EDGE_LOOP('',(#1834));
#1836=FACE_BOUND('',#1835,.T.);
#1837=ADVANCED_FACE('',(#1836),#1833,.F.);
#1838=OVER_RIDING_STYLED_ITEM('',(#86),#1837,#54);
#1839=CARTESIAN_POINT('',(9.4,0.,-0.85));
#1840=DIRECTION('',(0.,0.,-1.));
#1841=DIRECTION('',(-1.,0.,0.));
#1842=AXIS2_PLACEMENT_3D('',#1839,#1840,#1841);
#1843=CYLINDRICAL_SURFACE('',#1842,1.25);
#1844=CARTESIAN_POINT('',(8.15,-0.,-0.85));
#1845=VERTEX_POINT('',#1844);
#1846=CARTESIAN_POINT('',(8.15,0.,-1.));
#1847=DIRECTION('',(-0.,-0.,1.));
#1848=VECTOR('',#1847,0.15);
#1849=LINE('',#1846,#1848);
#1850=EDGE_CURVE('',#1073,#1845,#1849,.T.);
#1851=ORIENTED_EDGE('',*,*,#1850,.F.);
#1852=ORIENTED_EDGE('',*,*,#1079,.T.);
#1853=ORIENTED_EDGE('',*,*,#1850,.T.);
#1854=CARTESIAN_POINT('',(9.4,0.,-0.85));
#1855=DIRECTION('',(0.,0.,-1.));
#1856=DIRECTION('',(-1.,0.,0.));
#1857=AXIS2_PLACEMENT_3D('',#1854,#1855,#1856);
#1858=CIRCLE('',#1857,1.25);
#1859=EDGE_CURVE('',#1845,#1845,#1858,.T.);
#1860=ORIENTED_EDGE('',*,*,#1859,.F.);
#1861=EDGE_LOOP('',(#1851,#1852,#1853,#1860));
#1862=FACE_BOUND('',#1861,.T.);
#1863=ADVANCED_FACE('',(#1862),#1843,.F.);
#1864=CARTESIAN_POINT('',(9.4,0.,-0.85));
#1865=DIRECTION('',(0.,0.,1.));
#1866=DIRECTION('',(1.,0.,0.));
#1867=AXIS2_PLACEMENT_3D('',#1864,#1865,#1866);
#1868=PLANE('',#1867);
#1869=ORIENTED_EDGE('',*,*,#1859,.T.);
#1870=EDGE_LOOP('',(#1869));
#1871=FACE_BOUND('',#1870,.T.);
#1872=ADVANCED_FACE('',(#1871),#1868,.F.);
#1873=COLOUR_RGB('',0.898039222,0.917647064,0.929411769);
#1874=FILL_AREA_STYLE_COLOUR('',#1873);
#1875=FILL_AREA_STYLE('',(#1874));
#1876=SURFACE_STYLE_FILL_AREA(#1875);
#1877=SURFACE_SIDE_STYLE('',(#1876));
#1878=SURFACE_STYLE_USAGE(.BOTH.,#1877);
#1879=PRESENTATION_STYLE_ASSIGNMENT((#1878));
#1880=OVER_RIDING_STYLED_ITEM('',(#1879),#1872,#54);
#1881=CARTESIAN_POINT('',(-7.,0.,-0.85));
#1882=DIRECTION('',(0.,0.,-1.));
#1883=DIRECTION('',(-1.,0.,0.));
#1884=AXIS2_PLACEMENT_3D('',#1881,#1882,#1883);
#1885=CYLINDRICAL_SURFACE('',#1884,1.25);
#1886=CARTESIAN_POINT('',(-8.25,-0.,-0.85));
#1887=VERTEX_POINT('',#1886);
#1888=CARTESIAN_POINT('',(-8.25,0.,-1.));
#1889=DIRECTION('',(-0.,-0.,1.));
#1890=VECTOR('',#1889,0.15);
#1891=LINE('',#1888,#1890);
#1892=EDGE_CURVE('',#1062,#1887,#1891,.T.);
#1893=ORIENTED_EDGE('',*,*,#1892,.F.);
#1894=ORIENTED_EDGE('',*,*,#1068,.T.);
#1895=ORIENTED_EDGE('',*,*,#1892,.T.);
#1896=CARTESIAN_POINT('',(-7.,0.,-0.85));
#1897=DIRECTION('',(0.,0.,-1.));
#1898=DIRECTION('',(-1.,0.,0.));
#1899=AXIS2_PLACEMENT_3D('',#1896,#1897,#1898);
#1900=CIRCLE('',#1899,1.25);
#1901=EDGE_CURVE('',#1887,#1887,#1900,.T.);
#1902=ORIENTED_EDGE('',*,*,#1901,.F.);
#1903=EDGE_LOOP('',(#1893,#1894,#1895,#1902));
#1904=FACE_BOUND('',#1903,.T.);
#1905=ADVANCED_FACE('',(#1904),#1885,.F.);
#1906=CARTESIAN_POINT('',(-7.,0.,-0.85));
#1907=DIRECTION('',(0.,0.,-1.));
#1908=DIRECTION('',(-1.,0.,0.));
#1909=AXIS2_PLACEMENT_3D('',#1906,#1907,#1908);
#1910=PLANE('',#1909);
#1911=ORIENTED_EDGE('',*,*,#1901,.T.);
#1912=EDGE_LOOP('',(#1911));
#1913=FACE_BOUND('',#1912,.T.);
#1914=ADVANCED_FACE('',(#1913),#1910,.T.);
#1915=OVER_RIDING_STYLED_ITEM('',(#1879),#1914,#54);
#1916=CARTESIAN_POINT('',(-3.75,0.,-0.85));
#1917=DIRECTION('',(0.,0.,-1.));
#1918=DIRECTION('',(-1.,0.,0.));
#1919=AXIS2_PLACEMENT_3D('',#1916,#1917,#1918);
#1920=CYLINDRICAL_SURFACE('',#1919,0.75);
#1921=CARTESIAN_POINT('',(-4.5,-0.,-0.85));
#1922=VERTEX_POINT('',#1921);
#1923=CARTESIAN_POINT('',(-4.5,0.,-1.));
#1924=DIRECTION('',(-0.,-0.,1.));
#1925=VECTOR('',#1924,0.15);
#1926=LINE('',#1923,#1925);
#1927=EDGE_CURVE('',#1051,#1922,#1926,.T.);
#1928=ORIENTED_EDGE('',*,*,#1927,.F.);
#1929=ORIENTED_EDGE('',*,*,#1057,.T.);
#1930=ORIENTED_EDGE('',*,*,#1927,.T.);
#1931=CARTESIAN_POINT('',(-3.75,0.,-0.85));
#1932=DIRECTION('',(0.,0.,-1.));
#1933=DIRECTION('',(-1.,0.,0.));
#1934=AXIS2_PLACEMENT_3D('',#1931,#1932,#1933);
#1935=CIRCLE('',#1934,0.75);
#1936=EDGE_CURVE('',#1922,#1922,#1935,.T.);
#1937=ORIENTED_EDGE('',*,*,#1936,.F.);
#1938=EDGE_LOOP('',(#1928,#1929,#1930,#1937));
#1939=FACE_BOUND('',#1938,.T.);
#1940=ADVANCED_FACE('',(#1939),#1920,.F.);
#1941=CARTESIAN_POINT('',(-3.75,0.,-0.85));
#1942=DIRECTION('',(0.,0.,-1.));
#1943=DIRECTION('',(-1.,0.,0.));
#1944=AXIS2_PLACEMENT_3D('',#1941,#1942,#1943);
#1945=PLANE('',#1944);
#1946=ORIENTED_EDGE('',*,*,#1936,.T.);
#1947=EDGE_LOOP('',(#1946));
#1948=FACE_BOUND('',#1947,.T.);
#1949=ADVANCED_FACE('',(#1948),#1945,.T.);
#1950=OVER_RIDING_STYLED_ITEM('',(#86),#1949,#54);
#1951=CARTESIAN_POINT('',(0.,-4.179562762,3.648818177));
#1952=DIRECTION('',(0.,0.03558361,0.999366703));
#1953=DIRECTION('',(1.,0.,0.));
#1954=AXIS2_PLACEMENT_3D('',#1951,#1952,#1953);
#1955=PLANE('',#1954);
#1956=CARTESIAN_POINT('',(-3.75,-0.,3.5));
#1957=DIRECTION('',(-0.,0.03558361,0.999366703));
#1958=DIRECTION('',(1.,0.,0.));
#1959=AXIS2_PLACEMENT_3D('',#1956,#1957,#1958);
#1960=CIRCLE('',#1959,0.3);
#1961=EDGE_CURVE('',#771,#779,#1960,.T.);
#1962=ORIENTED_EDGE('',*,*,#1961,.F.);
#1963=ORIENTED_EDGE('',*,*,#827,.T.);
#1964=EDGE_LOOP('',(#1962,#1963));
#1965=FACE_BOUND('',#1964,.T.);
#1966=ADVANCED_FACE('',(#1965),#1955,.F.);
#1967=OVER_RIDING_STYLED_ITEM('',(#86),#1966,#54);
#1968=CARTESIAN_POINT('',(0.,-5.7,0.));
#1969=DIRECTION('',(0.,-1.,0.));
#1970=DIRECTION('',(1.,0.,0.));
#1971=AXIS2_PLACEMENT_3D('',#1968,#1969,#1970);
#1972=PLANE('',#1971);
#1973=CARTESIAN_POINT('',(-3.45,-5.7,4.182211344));
#1974=VERTEX_POINT('',#1973);
#1975=CARTESIAN_POINT('',(-3.75,-5.7,4.482211344));
#1976=VERTEX_POINT('',#1975);
#1977=CARTESIAN_POINT('',(-3.75,-5.7,4.182211344));
#1978=DIRECTION('',(0.,-1.,0.));
#1979=DIRECTION('',(1.,0.,0.));
#1980=AXIS2_PLACEMENT_3D('',#1977,#1978,#1979);
#1981=CIRCLE('',#1980,0.3);
#1982=EDGE_CURVE('',#1974,#1976,#1981,.T.);
#1983=ORIENTED_EDGE('',*,*,#1982,.T.);
#1984=CARTESIAN_POINT('',(-3.75,-5.7,4.182211344));
#1985=DIRECTION('',(0.,-1.,0.));
#1986=DIRECTION('',(1.,0.,0.));
#1987=AXIS2_PLACEMENT_3D('',#1984,#1985,#1986);
#1988=CIRCLE('',#1987,0.3);
#1989=EDGE_CURVE('',#1976,#1974,#1988,.T.);
#1990=ORIENTED_EDGE('',*,*,#1989,.T.);
#1991=EDGE_LOOP('',(#1983,#1990));
#1992=FACE_BOUND('',#1991,.T.);
#1993=ADVANCED_FACE('',(#1992),#1972,.T.);
#1994=OVER_RIDING_STYLED_ITEM('',(#86),#1993,#54);
#1995=CARTESIAN_POINT('',(-3.45,-0.640656859,4.182402087));
#1996=CARTESIAN_POINT('',(-3.45,-0.63991219,4.182375573));
#1997=CARTESIAN_POINT('',(-3.45,-0.639167521,4.182349058));
#1998=CARTESIAN_POINT('',(-3.45,-0.637902349,4.18230401));
#1999=CARTESIAN_POINT('',(-3.45,-0.637381846,4.182285477));
#2000=CARTESIAN_POINT('',(-3.45,-0.63660109,4.182257677));
#2001=CARTESIAN_POINT('',(-3.45,-0.636340838,4.182248415));
#2002=CARTESIAN_POINT('',(-3.45,-0.635820335,4.182229873));
#2003=CARTESIAN_POINT('',(-3.45,-0.635560079,4.18222071));
#2004=CARTESIAN_POINT('',(-3.45,-0.634962937,4.182199221));
#2005=CARTESIAN_POINT('',(-3.45,-0.634626041,4.182187094));
#2006=CARTESIAN_POINT('',(-3.45,-0.633952283,4.182162069));
#2007=CARTESIAN_POINT('',(-3.45,-0.633615414,4.182149298));
#2008=CARTESIAN_POINT('',(-3.45,-0.63260484,4.182110211));
#2009=CARTESIAN_POINT('',(-3.45,-0.631931167,4.182083119));
#2010=CARTESIAN_POINT('',(-3.45,-0.629910292,4.181998742));
#2011=CARTESIAN_POINT('',(-3.45,-0.628563227,4.181938358));
#2012=CARTESIAN_POINT('',(-3.45,-0.624522668,4.181744809));
#2013=CARTESIAN_POINT('',(-3.45,-0.621829801,4.181599248));
#2014=CARTESIAN_POINT('',(-3.45,-0.613754313,4.181113016));
#2015=CARTESIAN_POINT('',(-3.45,-0.608374784,4.180722793));
#2016=CARTESIAN_POINT('',(-3.45,-0.592253275,4.179354288));
#2017=CARTESIAN_POINT('',(-3.45,-0.581528323,4.178178127));
#2018=CARTESIAN_POINT('',(-3.45,-0.549459592,4.17386242));
#2019=CARTESIAN_POINT('',(-3.45,-0.528221892,4.169934974));
#2020=CARTESIAN_POINT('',(-3.45,-0.465240572,4.155058754));
#2021=CARTESIAN_POINT('',(-3.45,-0.424236357,4.141008279));
#2022=CARTESIAN_POINT('',(-3.45,-0.306498623,4.087254737));
#2023=CARTESIAN_POINT('',(-3.45,-0.235162601,4.03582598));
#2024=CARTESIAN_POINT('',(-3.45,-0.117556039,3.90953517));
#2025=CARTESIAN_POINT('',(-3.45,-0.071331092,3.834722075));
#2026=CARTESIAN_POINT('',(-3.45,-0.011006216,3.67303855));
#2027=CARTESIAN_POINT('',(-3.45,0.003070906,3.586246514));
#2028=CARTESIAN_POINT('',(-3.45,-0.,3.5));
#2029=CARTESIAN_POINT('',(-3.45,-0.619306693,4.782022109));
#2030=CARTESIAN_POINT('',(-3.45,-0.618562024,4.781995594));
#2031=CARTESIAN_POINT('',(-3.45,-0.617817355,4.78196908));
#2032=CARTESIAN_POINT('',(-3.45,-0.616552183,4.781924032));
#2033=CARTESIAN_POINT('',(-3.45,-0.61603168,4.781905499));
#2034=CARTESIAN_POINT('',(-3.45,-0.615250924,4.781877699));
#2035=CARTESIAN_POINT('',(-3.45,-0.615016582,4.781869364));
#2036=CARTESIAN_POINT('',(-3.45,-0.61444426,4.781848968));
#2037=CARTESIAN_POINT('',(-3.45,-0.614328355,4.781845038));
#2038=CARTESIAN_POINT('',(-3.45,-0.613459447,4.781813667));
#2039=CARTESIAN_POINT('',(-3.45,-0.61266257,4.781785043));
#2040=CARTESIAN_POINT('',(-3.45,-0.611375535,4.78173724));
#2041=CARTESIAN_POINT('',(-3.45,-0.610732037,4.781712844));
#2042=CARTESIAN_POINT('',(-3.45,-0.608801608,4.781638177));
#2043=CARTESIAN_POINT('',(-3.45,-0.607514738,4.781586425));
#2044=CARTESIAN_POINT('',(-3.45,-0.603654397,4.781425247));
#2045=CARTESIAN_POINT('',(-3.45,-0.601081191,4.781309899));
#2046=CARTESIAN_POINT('',(-3.45,-0.593362789,4.780940176));
#2047=CARTESIAN_POINT('',(-3.45,-0.588218791,4.780662121));
#2048=CARTESIAN_POINT('',(-3.45,-0.57279274,4.779733305));
#2049=CARTESIAN_POINT('',(-3.45,-0.562516594,4.778987889));
#2050=CARTESIAN_POINT('',(-3.45,-0.531720781,4.776373728));
#2051=CARTESIAN_POINT('',(-3.45,-0.51123364,4.774126988));
#2052=CARTESIAN_POINT('',(-3.45,-0.449974945,4.765882989));
#2053=CARTESIAN_POINT('',(-3.45,-0.409406023,4.758380658));
#2054=CARTESIAN_POINT('',(-3.45,-0.289097128,4.729963635));
#2055=CARTESIAN_POINT('',(-3.45,-0.210769588,4.703123977));
#2056=CARTESIAN_POINT('',(-3.45,0.014136728,4.600442273));
#2057=CARTESIAN_POINT('',(-3.45,0.150405037,4.502201447));
#2058=CARTESIAN_POINT('',(-3.45,0.375060784,4.260956776));
#2059=CARTESIAN_POINT('',(-3.45,0.463361131,4.118046453));
#2060=CARTESIAN_POINT('',(-3.45,0.578595601,3.809193506));
#2061=CARTESIAN_POINT('',(-3.45,0.605486163,3.643400633));
#2062=CARTESIAN_POINT('',(-3.45,0.599620022,3.478649834));
#2063=CARTESIAN_POINT('',(-4.05,-0.619306693,4.782022109));
#2064=CARTESIAN_POINT('',(-4.05,-0.618562024,4.781995594));
#2065=CARTESIAN_POINT('',(-4.05,-0.617817355,4.78196908));
#2066=CARTESIAN_POINT('',(-4.05,-0.616552183,4.781924032));
#2067=CARTESIAN_POINT('',(-4.05,-0.61603168,4.781905499));
#2068=CARTESIAN_POINT('',(-4.05,-0.615250924,4.781877699));
#2069=CARTESIAN_POINT('',(-4.05,-0.615016582,4.781869364));
#2070=CARTESIAN_POINT('',(-4.05,-0.61444426,4.781848968));
#2071=CARTESIAN_POINT('',(-4.05,-0.614328355,4.781845038));
#2072=CARTESIAN_POINT('',(-4.05,-0.613459447,4.781813667));
#2073=CARTESIAN_POINT('',(-4.05,-0.61266257,4.781785043));
#2074=CARTESIAN_POINT('',(-4.05,-0.611375535,4.78173724));
#2075=CARTESIAN_POINT('',(-4.05,-0.610732037,4.781712844));
#2076=CARTESIAN_POINT('',(-4.05,-0.608801608,4.781638177));
#2077=CARTESIAN_POINT('',(-4.05,-0.607514738,4.781586425));
#2078=CARTESIAN_POINT('',(-4.05,-0.603654397,4.781425247));
#2079=CARTESIAN_POINT('',(-4.05,-0.601081191,4.781309899));
#2080=CARTESIAN_POINT('',(-4.05,-0.593362789,4.780940176));
#2081=CARTESIAN_POINT('',(-4.05,-0.588218791,4.780662121));
#2082=CARTESIAN_POINT('',(-4.05,-0.57279274,4.779733305));
#2083=CARTESIAN_POINT('',(-4.05,-0.562516594,4.778987889));
#2084=CARTESIAN_POINT('',(-4.05,-0.531720781,4.776373728));
#2085=CARTESIAN_POINT('',(-4.05,-0.51123364,4.774126988));
#2086=CARTESIAN_POINT('',(-4.05,-0.449974945,4.765882989));
#2087=CARTESIAN_POINT('',(-4.05,-0.409406023,4.758380658));
#2088=CARTESIAN_POINT('',(-4.05,-0.289097128,4.729963635));
#2089=CARTESIAN_POINT('',(-4.05,-0.210769588,4.703123977));
#2090=CARTESIAN_POINT('',(-4.05,0.014136728,4.600442273));
#2091=CARTESIAN_POINT('',(-4.05,0.150405037,4.502201447));
#2092=CARTESIAN_POINT('',(-4.05,0.375060784,4.260956776));
#2093=CARTESIAN_POINT('',(-4.05,0.463361131,4.118046453));
#2094=CARTESIAN_POINT('',(-4.05,0.578595601,3.809193506));
#2095=CARTESIAN_POINT('',(-4.05,0.605486163,3.643400633));
#2096=CARTESIAN_POINT('',(-4.05,0.599620022,3.478649834));
#2097=CARTESIAN_POINT('',(-4.05,-0.640656859,4.182402087));
#2098=CARTESIAN_POINT('',(-4.05,-0.63991219,4.182375573));
#2099=CARTESIAN_POINT('',(-4.05,-0.639167521,4.182349058));
#2100=CARTESIAN_POINT('',(-4.05,-0.637902349,4.18230401));
#2101=CARTESIAN_POINT('',(-4.05,-0.637381846,4.182285477));
#2102=CARTESIAN_POINT('',(-4.05,-0.63660109,4.182257677));
#2103=CARTESIAN_POINT('',(-4.05,-0.636340838,4.182248415));
#2104=CARTESIAN_POINT('',(-4.05,-0.635820335,4.182229873));
#2105=CARTESIAN_POINT('',(-4.05,-0.635560079,4.18222071));
#2106=CARTESIAN_POINT('',(-4.05,-0.634962937,4.182199221));
#2107=CARTESIAN_POINT('',(-4.05,-0.634626041,4.182187094));
#2108=CARTESIAN_POINT('',(-4.05,-0.633952283,4.182162069));
#2109=CARTESIAN_POINT('',(-4.05,-0.633615414,4.182149298));
#2110=CARTESIAN_POINT('',(-4.05,-0.63260484,4.182110211));
#2111=CARTESIAN_POINT('',(-4.05,-0.631931167,4.182083119));
#2112=CARTESIAN_POINT('',(-4.05,-0.629910292,4.181998742));
#2113=CARTESIAN_POINT('',(-4.05,-0.628563227,4.181938358));
#2114=CARTESIAN_POINT('',(-4.05,-0.624522668,4.181744809));
#2115=CARTESIAN_POINT('',(-4.05,-0.621829801,4.181599248));
#2116=CARTESIAN_POINT('',(-4.05,-0.613754313,4.181113016));
#2117=CARTESIAN_POINT('',(-4.05,-0.608374784,4.180722793));
#2118=CARTESIAN_POINT('',(-4.05,-0.592253275,4.179354288));
#2119=CARTESIAN_POINT('',(-4.05,-0.581528323,4.178178127));
#2120=CARTESIAN_POINT('',(-4.05,-0.549459592,4.17386242));
#2121=CARTESIAN_POINT('',(-4.05,-0.528221892,4.169934974));
#2122=CARTESIAN_POINT('',(-4.05,-0.465240572,4.155058754));
#2123=CARTESIAN_POINT('',(-4.05,-0.424236357,4.141008279));
#2124=CARTESIAN_POINT('',(-4.05,-0.306498623,4.087254737));
#2125=CARTESIAN_POINT('',(-4.05,-0.235162601,4.03582598));
#2126=CARTESIAN_POINT('',(-4.05,-0.117556039,3.90953517));
#2127=CARTESIAN_POINT('',(-4.05,-0.071331092,3.834722075));
#2128=CARTESIAN_POINT('',(-4.05,-0.011006216,3.67303855));
#2129=CARTESIAN_POINT('',(-4.05,0.003070906,3.586246514));
#2130=CARTESIAN_POINT('',(-4.05,-0.,3.5));
#2131=CARTESIAN_POINT('',(-4.05,-0.662007025,3.582782066));
#2132=CARTESIAN_POINT('',(-4.05,-0.661262356,3.582755551));
#2133=CARTESIAN_POINT('',(-4.05,-0.660517687,3.582729036));
#2134=CARTESIAN_POINT('',(-4.05,-0.659252515,3.582683988));
#2135=CARTESIAN_POINT('',(-4.05,-0.658732012,3.582665455));
#2136=CARTESIAN_POINT('',(-4.05,-0.657951256,3.582637655));
#2137=CARTESIAN_POINT('',(-4.05,-0.657665095,3.582627467));
#2138=CARTESIAN_POINT('',(-4.05,-0.657196411,3.582610778));
#2139=CARTESIAN_POINT('',(-4.05,-0.656791804,3.582596381));
#2140=CARTESIAN_POINT('',(-4.05,-0.656466426,3.582584775));
#2141=CARTESIAN_POINT('',(-4.05,-0.656589512,3.582589146));
#2142=CARTESIAN_POINT('',(-4.05,-0.65652903,3.582586899));
#2143=CARTESIAN_POINT('',(-4.05,-0.65649879,3.582585753));
#2144=CARTESIAN_POINT('',(-4.05,-0.656408072,3.582582244));
#2145=CARTESIAN_POINT('',(-4.05,-0.656347597,3.582579812));
#2146=CARTESIAN_POINT('',(-4.05,-0.656166186,3.582572238));
#2147=CARTESIAN_POINT('',(-4.05,-0.656045262,3.582566817));
#2148=CARTESIAN_POINT('',(-4.05,-0.655682547,3.582549442));
#2149=CARTESIAN_POINT('',(-4.05,-0.655440812,3.582536376));
#2150=CARTESIAN_POINT('',(-4.05,-0.654715887,3.582492727));
#2151=CARTESIAN_POINT('',(-4.05,-0.654232974,3.582457697));
#2152=CARTESIAN_POINT('',(-4.05,-0.652785768,3.582334849));
#2153=CARTESIAN_POINT('',(-4.05,-0.651823005,3.582229266));
#2154=CARTESIAN_POINT('',(-4.05,-0.64894424,3.581841851));
#2155=CARTESIAN_POINT('',(-4.05,-0.647037761,3.58148929));
#2156=CARTESIAN_POINT('',(-4.05,-0.641384016,3.580153873));
#2157=CARTESIAN_POINT('',(-4.05,-0.637703125,3.578892581));
#2158=CARTESIAN_POINT('',(-4.05,-0.627133974,3.574067201));
#2159=CARTESIAN_POINT('',(-4.05,-0.620730239,3.569450514));
#2160=CARTESIAN_POINT('',(-4.05,-0.610172863,3.558113564));
#2161=CARTESIAN_POINT('',(-4.05,-0.606023314,3.551397698));
#2162=CARTESIAN_POINT('',(-4.05,-0.600608034,3.536883594));
#2163=CARTESIAN_POINT('',(-4.05,-0.599344351,3.529092395));
#2164=CARTESIAN_POINT('',(-4.05,-0.599620022,3.521350166));
#2165=CARTESIAN_POINT('',(-3.45,-0.662007025,3.582782066));
#2166=CARTESIAN_POINT('',(-3.45,-0.661262356,3.582755551));
#2167=CARTESIAN_POINT('',(-3.45,-0.660517687,3.582729036));
#2168=CARTESIAN_POINT('',(-3.45,-0.659252515,3.582683988));
#2169=CARTESIAN_POINT('',(-3.45,-0.658732012,3.582665455));
#2170=CARTESIAN_POINT('',(-3.45,-0.657951256,3.582637655));
#2171=CARTESIAN_POINT('',(-3.45,-0.657665095,3.582627467));
#2172=CARTESIAN_POINT('',(-3.45,-0.657196411,3.582610778));
#2173=CARTESIAN_POINT('',(-3.45,-0.656791804,3.582596381));
#2174=CARTESIAN_POINT('',(-3.45,-0.656466426,3.582584775));
#2175=CARTESIAN_POINT('',(-3.45,-0.656589512,3.582589146));
#2176=CARTESIAN_POINT('',(-3.45,-0.65652903,3.582586899));
#2177=CARTESIAN_POINT('',(-3.45,-0.65649879,3.582585753));
#2178=CARTESIAN_POINT('',(-3.45,-0.656408072,3.582582244));
#2179=CARTESIAN_POINT('',(-3.45,-0.656347597,3.582579812));
#2180=CARTESIAN_POINT('',(-3.45,-0.656166186,3.582572238));
#2181=CARTESIAN_POINT('',(-3.45,-0.656045262,3.582566817));
#2182=CARTESIAN_POINT('',(-3.45,-0.655682547,3.582549442));
#2183=CARTESIAN_POINT('',(-3.45,-0.655440812,3.582536376));
#2184=CARTESIAN_POINT('',(-3.45,-0.654715887,3.582492727));
#2185=CARTESIAN_POINT('',(-3.45,-0.654232974,3.582457697));
#2186=CARTESIAN_POINT('',(-3.45,-0.652785768,3.582334849));
#2187=CARTESIAN_POINT('',(-3.45,-0.651823005,3.582229266));
#2188=CARTESIAN_POINT('',(-3.45,-0.64894424,3.581841851));
#2189=CARTESIAN_POINT('',(-3.45,-0.647037761,3.58148929));
#2190=CARTESIAN_POINT('',(-3.45,-0.641384016,3.580153873));
#2191=CARTESIAN_POINT('',(-3.45,-0.637703125,3.578892581));
#2192=CARTESIAN_POINT('',(-3.45,-0.627133974,3.574067201));
#2193=CARTESIAN_POINT('',(-3.45,-0.620730239,3.569450514));
#2194=CARTESIAN_POINT('',(-3.45,-0.610172863,3.558113564));
#2195=CARTESIAN_POINT('',(-3.45,-0.606023314,3.551397698));
#2196=CARTESIAN_POINT('',(-3.45,-0.600608034,3.536883594));
#2197=CARTESIAN_POINT('',(-3.45,-0.599344351,3.529092395));
#2198=CARTESIAN_POINT('',(-3.45,-0.599620022,3.521350166));
#2199=CARTESIAN_POINT('',(-3.45,-0.640656859,4.182402087));
#2200=CARTESIAN_POINT('',(-3.45,-0.63991219,4.182375573));
#2201=CARTESIAN_POINT('',(-3.45,-0.639167521,4.182349058));
#2202=CARTESIAN_POINT('',(-3.45,-0.637902349,4.18230401));
#2203=CARTESIAN_POINT('',(-3.45,-0.637381846,4.182285477));
#2204=CARTESIAN_POINT('',(-3.45,-0.63660109,4.182257677));
#2205=CARTESIAN_POINT('',(-3.45,-0.636340838,4.182248415));
#2206=CARTESIAN_POINT('',(-3.45,-0.635820335,4.182229873));
#2207=CARTESIAN_POINT('',(-3.45,-0.635560079,4.18222071));
#2208=CARTESIAN_POINT('',(-3.45,-0.634962937,4.182199221));
#2209=CARTESIAN_POINT('',(-3.45,-0.634626041,4.182187094));
#2210=CARTESIAN_POINT('',(-3.45,-0.633952283,4.182162069));
#2211=CARTESIAN_POINT('',(-3.45,-0.633615414,4.182149298));
#2212=CARTESIAN_POINT('',(-3.45,-0.63260484,4.182110211));
#2213=CARTESIAN_POINT('',(-3.45,-0.631931167,4.182083119));
#2214=CARTESIAN_POINT('',(-3.45,-0.629910292,4.181998742));
#2215=CARTESIAN_POINT('',(-3.45,-0.628563227,4.181938358));
#2216=CARTESIAN_POINT('',(-3.45,-0.624522668,4.181744809));
#2217=CARTESIAN_POINT('',(-3.45,-0.621829801,4.181599248));
#2218=CARTESIAN_POINT('',(-3.45,-0.613754313,4.181113016));
#2219=CARTESIAN_POINT('',(-3.45,-0.608374784,4.180722793));
#2220=CARTESIAN_POINT('',(-3.45,-0.592253275,4.179354288));
#2221=CARTESIAN_POINT('',(-3.45,-0.581528323,4.178178127));
#2222=CARTESIAN_POINT('',(-3.45,-0.549459592,4.17386242));
#2223=CARTESIAN_POINT('',(-3.45,-0.528221892,4.169934974));
#2224=CARTESIAN_POINT('',(-3.45,-0.465240572,4.155058754));
#2225=CARTESIAN_POINT('',(-3.45,-0.424236357,4.141008279));
#2226=CARTESIAN_POINT('',(-3.45,-0.306498623,4.087254737));
#2227=CARTESIAN_POINT('',(-3.45,-0.235162601,4.03582598));
#2228=CARTESIAN_POINT('',(-3.45,-0.117556039,3.90953517));
#2229=CARTESIAN_POINT('',(-3.45,-0.071331092,3.834722075));
#2230=CARTESIAN_POINT('',(-3.45,-0.011006216,3.67303855));
#2231=CARTESIAN_POINT('',(-3.45,0.003070906,3.586246514));
#2232=CARTESIAN_POINT('',(-3.45,-0.,3.5));
#2233=(BOUNDED_SURFACE()
B_SPLINE_SURFACE(3,3,((#1995,#1996,#1997,#1998,#1999,#2000,#2001,#2002,#2003,#2004,#2005,#2006,#2007,#2008,#2009,#2010,#2011,#2012,#2013,#2014,#2015,#2016,#2017,#2018,#2019,#2020,
#2021,#2022,#2023,#2024,#2025,#2026,#2027,#2028),(#2029,#2030,#2031,#2032,#2033,#2034,#2035,#2036,#2037,#2038,#2039,#2040,#2041,#2042,#2043,#2044,#2045,#2046,#2047,#2048,#2049,#2050,#2051,#2052,#2053,#2054,
#2055,#2056,#2057,#2058,#2059,#2060,#2061,#2062),(#2063,#2064,#2065,#2066,#2067,#2068,#2069,#2070,#2071,#2072,#2073,#2074,#2075,#2076,#2077,#2078,#2079,#2080,#2081,#2082,#2083,#2084,#2085,#2086,#2087,#2088,
#2089,#2090,#2091,#2092,#2093,#2094,#2095,#2096),(#2097,#2098,#2099,#2100,#2101,#2102,#2103,#2104,#2105,#2106,#2107,#2108,#2109,#2110,#2111,#2112,#2113,#2114,#2115,#2116,#2117,#2118,#2119,#2120,#2121,#2122,
#2123,#2124,#2125,#2126,#2127,#2128,#2129,#2130),(#2131,#2132,#2133,#2134,#2135,#2136,#2137,#2138,#2139,#2140,#2141,#2142,#2143,#2144,#2145,#2146,#2147,#2148,#2149,#2150,#2151,#2152,#2153,#2154,#2155,#2156,
#2157,#2158,#2159,#2160,#2161,#2162,#2163,#2164),(#2165,#2166,#2167,#2168,#2169,#2170,#2171,#2172,#2173,#2174,#2175,#2176,#2177,#2178,#2179,#2180,#2181,#2182,#2183,#2184,#2185,#2186,#2187,#2188,#2189,#2190,
#2191,#2192,#2193,#2194,#2195,#2196,#2197,#2198),(#2199,#2200,#2201,#2202,#2203,#2204,#2205,#2206,#2207,#2208,#2209,#2210,#2211,#2212,#2213,#2214,#2215,#2216,#2217,#2218,#2219,#2220,#2221,#2222,#2223,#2224,
#2225,#2226,#2227,#2228,#2229,#2230,#2231,#2232)),.UNSPECIFIED.,.T.,.F.,.U.)
B_SPLINE_SURFACE_WITH_KNOTS((4,3,4),(4,2,2,2,2,2,2,2,2,2,2,2,2,2,2,2,4),(0.,0.5,1.),(-0.005176085,-0.003017536,-0.001508768,-0.000754384,0.,0.000976562,0.001953125,0.00390625,0.0078125,0.015625,0.03125,0.0625,0.125,0.25,0.5,0.75,1.),.UNSPECIFIED.)
GEOMETRIC_REPRESENTATION_ITEM()
RATIONAL_B_SPLINE_SURFACE(((1.,1.,1.,1.,1.,1.,1.,1.,1.,1.,1.,1.,1.,1.,1.,1.,1.,1.,1.,1.,1.,1.,1.,1.,1.,1.,
1.,1.,1.,1.,1.,1.,1.,1.),(0.333333333,0.333333333,0.333333333,0.333333333,0.333333333,0.333333333,0.333333333,0.333333333,0.333333333,0.333333333,0.333333333,0.333333333,0.333333333,0.333333333,0.333333333,0.333333333,0.333333333,0.333333333,0.333333333,0.333333333,0.333333333,0.333333333,0.333333333,0.333333333,0.333333333,0.333333333,
0.333333333,0.333333333,0.333333333,0.333333333,0.333333333,0.333333333,0.333333333,0.333333333),(0.333333333,0.333333333,0.333333333,0.333333333,0.333333333,0.333333333,0.333333333,0.333333333,0.333333333,0.333333333,0.333333333,0.333333333,0.333333333,0.333333333,0.333333333,0.333333333,0.333333333,0.333333333,0.333333333,0.333333333,0.333333333,0.333333333,0.333333333,0.333333333,0.333333333,0.333333333,
0.333333333,0.333333333,0.333333333,0.333333333,0.333333333,0.333333333,0.333333333,0.333333333),(1.,1.,1.,1.,1.,1.,1.,1.,1.,1.,1.,1.,1.,1.,1.,1.,1.,1.,1.,1.,1.,1.,1.,1.,1.,1.,
1.,1.,1.,1.,1.,1.,1.,1.),(0.333333333,0.333333333,0.333333333,0.333333333,0.333333333,0.333333333,0.333333333,0.333333333,0.333333333,0.333333333,0.333333333,0.333333333,0.333333333,0.333333333,0.333333333,0.333333333,0.333333333,0.333333333,0.333333333,0.333333333,0.333333333,0.333333333,0.333333333,0.333333333,0.333333333,0.333333333,
0.333333333,0.333333333,0.333333333,0.333333333,0.333333333,0.333333333,0.333333333,0.333333333),(0.333333333,0.333333333,0.333333333,0.333333333,0.333333333,0.333333333,0.333333333,0.333333333,0.333333333,0.333333333,0.333333333,0.333333333,0.333333333,0.333333333,0.333333333,0.333333333,0.333333333,0.333333333,0.333333333,0.333333333,0.333333333,0.333333333,0.333333333,0.333333333,0.333333333,0.333333333,
0.333333333,0.333333333,0.333333333,0.333333333,0.333333333,0.333333333,0.333333333,0.333333333),(1.,1.,1.,1.,1.,1.,1.,1.,1.,1.,1.,1.,1.,1.,1.,1.,1.,1.,1.,1.,1.,1.,1.,1.,1.,1.,
1.,1.,1.,1.,1.,1.,1.,1.)))
REPRESENTATION_ITEM('')
SURFACE()
);
#2234=CARTESIAN_POINT('',(-3.45,-0.635299832,4.182211344));
#2235=VERTEX_POINT('',#2234);
#2236=CARTESIAN_POINT('',(-3.45,-0.,3.5));
#2237=CARTESIAN_POINT('',(-3.45,0.003070906,3.586246514));
#2238=CARTESIAN_POINT('',(-3.45,-0.011006216,3.67303855));
#2239=CARTESIAN_POINT('',(-3.45,-0.071331092,3.834722075));
#2240=CARTESIAN_POINT('',(-3.45,-0.117556039,3.90953517));
#2241=CARTESIAN_POINT('',(-3.45,-0.235162601,4.03582598));
#2242=CARTESIAN_POINT('',(-3.45,-0.306498623,4.087254737));
#2243=CARTESIAN_POINT('',(-3.45,-0.424236357,4.141008279));
#2244=CARTESIAN_POINT('',(-3.45,-0.465240572,4.155058754));
#2245=CARTESIAN_POINT('',(-3.45,-0.528221892,4.169934974));
#2246=CARTESIAN_POINT('',(-3.45,-0.549459592,4.17386242));
#2247=CARTESIAN_POINT('',(-3.45,-0.581528323,4.178178127));
#2248=CARTESIAN_POINT('',(-3.45,-0.592253275,4.179354288));
#2249=CARTESIAN_POINT('',(-3.45,-0.608374784,4.180722793));
#2250=CARTESIAN_POINT('',(-3.45,-0.613754313,4.181113016));
#2251=CARTESIAN_POINT('',(-3.45,-0.621829801,4.181599248));
#2252=CARTESIAN_POINT('',(-3.45,-0.624522668,4.181744809));
#2253=CARTESIAN_POINT('',(-3.45,-0.628563227,4.181938358));
#2254=CARTESIAN_POINT('',(-3.45,-0.629910292,4.181998742));
#2255=CARTESIAN_POINT('',(-3.45,-0.631931167,4.182083119));
#2256=CARTESIAN_POINT('',(-3.45,-0.63260484,4.182110211));
#2257=CARTESIAN_POINT('',(-3.45,-0.633615414,4.182149298));
#2258=CARTESIAN_POINT('',(-3.45,-0.633952283,4.182162069));
#2259=CARTESIAN_POINT('',(-3.45,-0.634626041,4.182187094));
#2260=CARTESIAN_POINT('',(-3.45,-0.634962937,4.182199221));
#2261=CARTESIAN_POINT('',(-3.45,-0.635299832,4.182211344));
#2262=B_SPLINE_CURVE_WITH_KNOTS('',3,(#2236,#2237,#2238,#2239,#2240,#2241,#2242,#2243,#2244,#2245,#2246,#2247,#2248,#2249,#2250,#2251,#2252,#2253,#2254,#2255,#2256,#2257,#2258,#2259,#2260,#2261),.UNSPECIFIED.,.F.,.F.,(4,2,2,2,2,2,2,2,2,2,2,2,4),(-0.193122283,0.056877717,0.306877717,0.556877717,0.681877717,0.744377717,0.775627717,0.791252717,0.799065217,0.802971467,0.804924592,0.805901155,0.806877717),.UNSPECIFIED.);
#2263=EDGE_CURVE('',#779,#2235,#2262,.T.);
#2264=ORIENTED_EDGE('',*,*,#2263,.F.);
#2265=ORIENTED_EDGE('',*,*,#797,.F.);
#2266=ORIENTED_EDGE('',*,*,#1961,.T.);
#2267=ORIENTED_EDGE('',*,*,#2263,.T.);
#2268=CARTESIAN_POINT('',(-4.05,-0.635299832,4.182211344));
#2269=VERTEX_POINT('',#2268);
#2270=CARTESIAN_POINT('',(-3.45,-0.635299832,4.182211344));
#2271=CARTESIAN_POINT('',(-3.450000121,-0.636729789,4.10293782));
#2272=CARTESIAN_POINT('',(-3.482472829,-0.638273245,4.02536673));
#2273=CARTESIAN_POINT('',(-3.538074762,-0.639445124,3.969872715));
#2274=CARTESIAN_POINT('',(-3.593676696,-0.640617002,3.914378699));
#2275=CARTESIAN_POINT('',(-3.671993185,-0.641381354,3.882166908));
#2276=CARTESIAN_POINT('',(-3.750157917,-0.641443407,3.882211386));
#2277=CARTESIAN_POINT('',(-3.828322649,-0.641505459,3.882255863));
#2278=CARTESIAN_POINT('',(-3.906523944,-0.640625982,3.914450591));
#2279=CARTESIAN_POINT('',(-3.962170978,-0.639439883,3.970118261));
#2280=CARTESIAN_POINT('',(-3.976082736,-0.639143358,3.984035178));
#2281=CARTESIAN_POINT('',(-3.988680023,-0.638814015,3.999417108));
#2282=CARTESIAN_POINT('',(-3.999528421,-0.638479309,4.015671358));
#2283=CARTESIAN_POINT('',(-4.01037682,-0.638144604,4.031925609));
#2284=CARTESIAN_POINT('',(-4.019651527,-0.638883259,4.049250486));
#2285=CARTESIAN_POINT('',(-4.02721352,-0.63744422,4.067526278));
#2286=CARTESIAN_POINT('',(-4.034775513,-0.636005182,4.085802069));
#2287=CARTESIAN_POINT('',(-4.040435585,-0.636720809,4.104562908));
#2288=CARTESIAN_POINT('',(-4.044245874,-0.636364611,4.123736003));
#2289=CARTESIAN_POINT('',(-4.048056163,-0.636008412,4.142909099));
#2290=CARTESIAN_POINT('',(-4.049999999,-0.635661628,4.162116807));
#2291=CARTESIAN_POINT('',(-4.05,-0.635299832,4.182211344));
#2292=B_SPLINE_CURVE_WITH_KNOTS('',3,(#2270,#2271,#2272,#2273,#2274,#2275,#2276,#2277,#2278,#2279,#2280,#2281,#2282,#2283,#2284,#2285,#2286,#2287,#2288,#2289,#2290,#2291),.UNSPECIFIED.,.F.,.F.,(4,3,3,3,3,3,3,4),(-0.000018275,0.000216209,0.000450693,0.000685177,0.000743798,0.000802419,0.00086104,0.000919661),.UNSPECIFIED.);
#2293=EDGE_CURVE('',#2235,#2269,#2292,.T.);
#2294=ORIENTED_EDGE('',*,*,#2293,.T.);
#2295=CARTESIAN_POINT('',(-3.75,-0.629960778,4.482211349));
#2296=VERTEX_POINT('',#2295);
#2297=CARTESIAN_POINT('',(-3.45,-0.635299832,4.182211344));
#2298=CARTESIAN_POINT('',(-3.450000121,-0.633881282,4.26148357));
#2299=CARTESIAN_POINT('',(-3.482473009,-0.632479426,4.339056754));
#2300=CARTESIAN_POINT('',(-3.538075931,-0.631520727,4.39455114));
#2301=CARTESIAN_POINT('',(-3.593678853,-0.630562027,4.450045526));
#2302=CARTESIAN_POINT('',(-3.671995328,-0.630044313,4.482255862));
#2303=CARTESIAN_POINT('',(-3.750158309,-0.629960608,4.482211303));
#2304=CARTESIAN_POINT('',(-3.82832129,-0.629876902,4.482166743));
#2305=CARTESIAN_POINT('',(-3.906522672,-0.630552029,4.449973121));
#2306=CARTESIAN_POINT('',(-3.96217051,-0.631525109,4.394304896));
#2307=CARTESIAN_POINT('',(-3.97608247,-0.631768379,4.38038784));
#2308=CARTESIAN_POINT('',(-3.988680047,-0.632046563,4.365005585));
#2309=CARTESIAN_POINT('',(-3.999528583,-0.63233585,4.348751088));
#2310=CARTESIAN_POINT('',(-4.010377118,-0.632625138,4.332496592));
#2311=CARTESIAN_POINT('',(-4.019652157,-0.63173962,4.31517083));
#2312=CARTESIAN_POINT('',(-4.027213851,-0.633252393,4.296895611));
#2313=CARTESIAN_POINT('',(-4.034775545,-0.634765166,4.278620392));
#2314=CARTESIAN_POINT('',(-4.040435875,-0.633917839,4.259858766));
#2315=CARTESIAN_POINT('',(-4.044246047,-0.634259071,4.240685816));
#2316=CARTESIAN_POINT('',(-4.048056219,-0.634600304,4.221512865));
#2317=CARTESIAN_POINT('',(-4.050000001,-0.634940914,4.202305399));
#2318=CARTESIAN_POINT('',(-4.05,-0.635299832,4.182211344));
#2319=B_SPLINE_CURVE_WITH_KNOTS('',3,(#2297,#2298,#2299,#2300,#2301,#2302,#2303,#2304,#2305,#2306,#2307,#2308,#2309,#2310,#2311,#2312,#2313,#2314,#2315,#2316,#2317,#2318),.UNSPECIFIED.,.F.,.F.,(4,3,3,3,3,3,3,4),(-0.000018275,0.000216204,0.000450683,0.000685162,0.000743781,0.000802401,0.000861021,0.000919641),.UNSPECIFIED.);
#2320=EDGE_CURVE('',#2296,#2269,#2319,.T.);
#2321=ORIENTED_EDGE('',*,*,#2320,.F.);
#2322=CARTESIAN_POINT('',(-3.45,-0.635299832,4.182211344));
#2323=CARTESIAN_POINT('',(-3.450000121,-0.633881282,4.26148357));
#2324=CARTESIAN_POINT('',(-3.482473009,-0.632479426,4.339056754));
#2325=CARTESIAN_POINT('',(-3.538075931,-0.631520727,4.39455114));
#2326=CARTESIAN_POINT('',(-3.593678853,-0.630562027,4.450045526));
#2327=CARTESIAN_POINT('',(-3.671995328,-0.630044313,4.482255862));
#2328=CARTESIAN_POINT('',(-3.750158309,-0.629960608,4.482211303));
#2329=CARTESIAN_POINT('',(-3.82832129,-0.629876902,4.482166743));
#2330=CARTESIAN_POINT('',(-3.906522672,-0.630552029,4.449973121));
#2331=CARTESIAN_POINT('',(-3.96217051,-0.631525109,4.394304896));
#2332=CARTESIAN_POINT('',(-3.97608247,-0.631768379,4.38038784));
#2333=CARTESIAN_POINT('',(-3.988680047,-0.632046563,4.365005585));
#2334=CARTESIAN_POINT('',(-3.999528583,-0.63233585,4.348751088));
#2335=CARTESIAN_POINT('',(-4.010377118,-0.632625138,4.332496592));
#2336=CARTESIAN_POINT('',(-4.019652157,-0.63173962,4.31517083));
#2337=CARTESIAN_POINT('',(-4.027213851,-0.633252393,4.296895611));
#2338=CARTESIAN_POINT('',(-4.034775545,-0.634765166,4.278620392));
#2339=CARTESIAN_POINT('',(-4.040435875,-0.633917839,4.259858766));
#2340=CARTESIAN_POINT('',(-4.044246047,-0.634259071,4.240685816));
#2341=CARTESIAN_POINT('',(-4.048056219,-0.634600304,4.221512865));
#2342=CARTESIAN_POINT('',(-4.050000001,-0.634940914,4.202305399));
#2343=CARTESIAN_POINT('',(-4.05,-0.635299832,4.182211344));
#2344=B_SPLINE_CURVE_WITH_KNOTS('',3,(#2322,#2323,#2324,#2325,#2326,#2327,#2328,#2329,#2330,#2331,#2332,#2333,#2334,#2335,#2336,#2337,#2338,#2339,#2340,#2341,#2342,#2343),.UNSPECIFIED.,.F.,.F.,(4,3,3,3,3,3,3,4),(-0.000018275,0.000216204,0.000450683,0.000685162,0.000743781,0.000802401,0.000861021,0.000919641),.UNSPECIFIED.);
#2345=EDGE_CURVE('',#2235,#2296,#2344,.T.);
#2346=ORIENTED_EDGE('',*,*,#2345,.F.);
#2347=EDGE_LOOP('',(#2264,#2265,#2266,#2267,#2294,#2321,#2346));
#2348=FACE_BOUND('',#2347,.T.);
#2349=ADVANCED_FACE('',(#2348),#2233,.F.);
#2350=OVER_RIDING_STYLED_ITEM('',(#86),#2349,#54);
#2351=CARTESIAN_POINT('',(-3.75,-5.7,4.182211344));
#2352=DIRECTION('',(0.,1.,0.));
#2353=DIRECTION('',(0.,-0.,1.));
#2354=AXIS2_PLACEMENT_3D('',#2351,#2352,#2353);
#2355=CYLINDRICAL_SURFACE('',#2354,0.3);
#2356=CARTESIAN_POINT('',(-3.75,-0.629960778,4.482211344));
#2357=DIRECTION('',(-0.,-1.,-0.));
#2358=VECTOR('',#2357,5.070039222);
#2359=LINE('',#2356,#2358);
#2360=EDGE_CURVE('',#2296,#1976,#2359,.T.);
#2361=ORIENTED_EDGE('',*,*,#2360,.T.);
#2362=ORIENTED_EDGE('',*,*,#1982,.F.);
#2363=ORIENTED_EDGE('',*,*,#1989,.F.);
#2364=ORIENTED_EDGE('',*,*,#2360,.F.);
#2365=ORIENTED_EDGE('',*,*,#2320,.T.);
#2366=ORIENTED_EDGE('',*,*,#2293,.F.);
#2367=ORIENTED_EDGE('',*,*,#2345,.T.);
#2368=EDGE_LOOP('',(#2361,#2362,#2363,#2364,#2365,#2366,#2367));
#2369=FACE_BOUND('',#2368,.T.);
#2370=ADVANCED_FACE('',(#2369),#2355,.T.);
#2371=OVER_RIDING_STYLED_ITEM('',(#86),#2370,#54);
#2372=CARTESIAN_POINT('',(5.,-4.179562762,3.648818177));
#2373=DIRECTION('',(0.,0.03558361,0.999366703));
#2374=DIRECTION('',(1.,0.,0.));
#2375=AXIS2_PLACEMENT_3D('',#2372,#2373,#2374);
#2376=PLANE('',#2375);
#2377=CARTESIAN_POINT('',(1.25,-0.,3.5));
#2378=DIRECTION('',(-0.,0.03558361,0.999366703));
#2379=DIRECTION('',(1.,0.,0.));
#2380=AXIS2_PLACEMENT_3D('',#2377,#2378,#2379);
#2381=CIRCLE('',#2380,0.3);
#2382=EDGE_CURVE('',#701,#709,#2381,.T.);
#2383=ORIENTED_EDGE('',*,*,#2382,.F.);
#2384=ORIENTED_EDGE('',*,*,#757,.T.);
#2385=EDGE_LOOP('',(#2383,#2384));
#2386=FACE_BOUND('',#2385,.T.);
#2387=ADVANCED_FACE('',(#2386),#2376,.F.);
#2388=OVER_RIDING_STYLED_ITEM('',(#86),#2387,#54);
#2389=CARTESIAN_POINT('',(5.,-5.7,0.));
#2390=DIRECTION('',(0.,-1.,0.));
#2391=DIRECTION('',(1.,0.,0.));
#2392=AXIS2_PLACEMENT_3D('',#2389,#2390,#2391);
#2393=PLANE('',#2392);
#2394=CARTESIAN_POINT('',(1.55,-5.7,4.182211344));
#2395=VERTEX_POINT('',#2394);
#2396=CARTESIAN_POINT('',(1.25,-5.7,4.482211344));
#2397=VERTEX_POINT('',#2396);
#2398=CARTESIAN_POINT('',(1.25,-5.7,4.182211344));
#2399=DIRECTION('',(0.,-1.,0.));
#2400=DIRECTION('',(1.,0.,0.));
#2401=AXIS2_PLACEMENT_3D('',#2398,#2399,#2400);
#2402=CIRCLE('',#2401,0.3);
#2403=EDGE_CURVE('',#2395,#2397,#2402,.T.);
#2404=ORIENTED_EDGE('',*,*,#2403,.T.);
#2405=CARTESIAN_POINT('',(1.25,-5.7,4.182211344));
#2406=DIRECTION('',(0.,-1.,0.));
#2407=DIRECTION('',(1.,0.,0.));
#2408=AXIS2_PLACEMENT_3D('',#2405,#2406,#2407);
#2409=CIRCLE('',#2408,0.3);
#2410=EDGE_CURVE('',#2397,#2395,#2409,.T.);
#2411=ORIENTED_EDGE('',*,*,#2410,.T.);
#2412=EDGE_LOOP('',(#2404,#2411));
#2413=FACE_BOUND('',#2412,.T.);
#2414=ADVANCED_FACE('',(#2413),#2393,.T.);
#2415=OVER_RIDING_STYLED_ITEM('',(#86),#2414,#54);
#2416=CARTESIAN_POINT('',(1.55,-0.640656859,4.182402087));
#2417=CARTESIAN_POINT('',(1.55,-0.63991219,4.182375573));
#2418=CARTESIAN_POINT('',(1.55,-0.639167521,4.182349058));
#2419=CARTESIAN_POINT('',(1.55,-0.637902349,4.18230401));
#2420=CARTESIAN_POINT('',(1.55,-0.637381846,4.182285477));
#2421=CARTESIAN_POINT('',(1.55,-0.63660109,4.182257677));
#2422=CARTESIAN_POINT('',(1.55,-0.636340838,4.182248415));
#2423=CARTESIAN_POINT('',(1.55,-0.635820335,4.182229873));
#2424=CARTESIAN_POINT('',(1.55,-0.635560079,4.18222071));
#2425=CARTESIAN_POINT('',(1.55,-0.634962937,4.182199221));
#2426=CARTESIAN_POINT('',(1.55,-0.634626041,4.182187094));
#2427=CARTESIAN_POINT('',(1.55,-0.633952283,4.182162069));
#2428=CARTESIAN_POINT('',(1.55,-0.633615414,4.182149298));
#2429=CARTESIAN_POINT('',(1.55,-0.63260484,4.182110211));
#2430=CARTESIAN_POINT('',(1.55,-0.631931167,4.182083119));
#2431=CARTESIAN_POINT('',(1.55,-0.629910292,4.181998742));
#2432=CARTESIAN_POINT('',(1.55,-0.628563227,4.181938358));
#2433=CARTESIAN_POINT('',(1.55,-0.624522668,4.181744809));
#2434=CARTESIAN_POINT('',(1.55,-0.621829801,4.181599248));
#2435=CARTESIAN_POINT('',(1.55,-0.613754313,4.181113016));
#2436=CARTESIAN_POINT('',(1.55,-0.608374784,4.180722793));
#2437=CARTESIAN_POINT('',(1.55,-0.592253275,4.179354288));
#2438=CARTESIAN_POINT('',(1.55,-0.581528323,4.178178127));
#2439=CARTESIAN_POINT('',(1.55,-0.549459592,4.17386242));
#2440=CARTESIAN_POINT('',(1.55,-0.528221892,4.169934974));
#2441=CARTESIAN_POINT('',(1.55,-0.465240572,4.155058754));
#2442=CARTESIAN_POINT('',(1.55,-0.424236357,4.141008279));
#2443=CARTESIAN_POINT('',(1.55,-0.306498623,4.087254737));
#2444=CARTESIAN_POINT('',(1.55,-0.235162601,4.03582598));
#2445=CARTESIAN_POINT('',(1.55,-0.117556039,3.90953517));
#2446=CARTESIAN_POINT('',(1.55,-0.071331092,3.834722075));
#2447=CARTESIAN_POINT('',(1.55,-0.011006216,3.67303855));
#2448=CARTESIAN_POINT('',(1.55,0.003070906,3.586246514));
#2449=CARTESIAN_POINT('',(1.55,-0.,3.5));
#2450=CARTESIAN_POINT('',(1.55,-0.619306693,4.782022109));
#2451=CARTESIAN_POINT('',(1.55,-0.618562024,4.781995594));
#2452=CARTESIAN_POINT('',(1.55,-0.617817355,4.78196908));
#2453=CARTESIAN_POINT('',(1.55,-0.616552183,4.781924032));
#2454=CARTESIAN_POINT('',(1.55,-0.61603168,4.781905499));
#2455=CARTESIAN_POINT('',(1.55,-0.615250924,4.781877699));
#2456=CARTESIAN_POINT('',(1.55,-0.615016582,4.781869364));
#2457=CARTESIAN_POINT('',(1.55,-0.61444426,4.781848968));
#2458=CARTESIAN_POINT('',(1.55,-0.614328355,4.781845038));
#2459=CARTESIAN_POINT('',(1.55,-0.613459447,4.781813667));
#2460=CARTESIAN_POINT('',(1.55,-0.61266257,4.781785043));
#2461=CARTESIAN_POINT('',(1.55,-0.611375535,4.78173724));
#2462=CARTESIAN_POINT('',(1.55,-0.610732037,4.781712844));
#2463=CARTESIAN_POINT('',(1.55,-0.608801608,4.781638177));
#2464=CARTESIAN_POINT('',(1.55,-0.607514738,4.781586425));
#2465=CARTESIAN_POINT('',(1.55,-0.603654397,4.781425247));
#2466=CARTESIAN_POINT('',(1.55,-0.601081191,4.781309899));
#2467=CARTESIAN_POINT('',(1.55,-0.593362789,4.780940176));
#2468=CARTESIAN_POINT('',(1.55,-0.588218791,4.780662121));
#2469=CARTESIAN_POINT('',(1.55,-0.57279274,4.779733305));
#2470=CARTESIAN_POINT('',(1.55,-0.562516594,4.778987889));
#2471=CARTESIAN_POINT('',(1.55,-0.531720781,4.776373728));
#2472=CARTESIAN_POINT('',(1.55,-0.51123364,4.774126988));
#2473=CARTESIAN_POINT('',(1.55,-0.449974945,4.765882989));
#2474=CARTESIAN_POINT('',(1.55,-0.409406023,4.758380658));
#2475=CARTESIAN_POINT('',(1.55,-0.289097128,4.729963635));
#2476=CARTESIAN_POINT('',(1.55,-0.210769588,4.703123977));
#2477=CARTESIAN_POINT('',(1.55,0.014136728,4.600442273));
#2478=CARTESIAN_POINT('',(1.55,0.150405037,4.502201447));
#2479=CARTESIAN_POINT('',(1.55,0.375060784,4.260956776));
#2480=CARTESIAN_POINT('',(1.55,0.463361131,4.118046453));
#2481=CARTESIAN_POINT('',(1.55,0.578595601,3.809193506));
#2482=CARTESIAN_POINT('',(1.55,0.605486163,3.643400633));
#2483=CARTESIAN_POINT('',(1.55,0.599620022,3.478649834));
#2484=CARTESIAN_POINT('',(0.95,-0.619306693,4.782022109));
#2485=CARTESIAN_POINT('',(0.95,-0.618562024,4.781995594));
#2486=CARTESIAN_POINT('',(0.95,-0.617817355,4.78196908));
#2487=CARTESIAN_POINT('',(0.95,-0.616552183,4.781924032));
#2488=CARTESIAN_POINT('',(0.95,-0.61603168,4.781905499));
#2489=CARTESIAN_POINT('',(0.95,-0.615250924,4.781877699));
#2490=CARTESIAN_POINT('',(0.95,-0.615016582,4.781869364));
#2491=CARTESIAN_POINT('',(0.95,-0.61444426,4.781848968));
#2492=CARTESIAN_POINT('',(0.95,-0.614328355,4.781845038));
#2493=CARTESIAN_POINT('',(0.95,-0.613459447,4.781813667));
#2494=CARTESIAN_POINT('',(0.95,-0.61266257,4.781785043));
#2495=CARTESIAN_POINT('',(0.95,-0.611375535,4.78173724));
#2496=CARTESIAN_POINT('',(0.95,-0.610732037,4.781712844));
#2497=CARTESIAN_POINT('',(0.95,-0.608801608,4.781638177));
#2498=CARTESIAN_POINT('',(0.95,-0.607514738,4.781586425));
#2499=CARTESIAN_POINT('',(0.95,-0.603654397,4.781425247));
#2500=CARTESIAN_POINT('',(0.95,-0.601081191,4.781309899));
#2501=CARTESIAN_POINT('',(0.95,-0.593362789,4.780940176));
#2502=CARTESIAN_POINT('',(0.95,-0.588218791,4.780662121));
#2503=CARTESIAN_POINT('',(0.95,-0.57279274,4.779733305));
#2504=CARTESIAN_POINT('',(0.95,-0.562516594,4.778987889));
#2505=CARTESIAN_POINT('',(0.95,-0.531720781,4.776373728));
#2506=CARTESIAN_POINT('',(0.95,-0.51123364,4.774126988));
#2507=CARTESIAN_POINT('',(0.95,-0.449974945,4.765882989));
#2508=CARTESIAN_POINT('',(0.95,-0.409406023,4.758380658));
#2509=CARTESIAN_POINT('',(0.95,-0.289097128,4.729963635));
#2510=CARTESIAN_POINT('',(0.95,-0.210769588,4.703123977));
#2511=CARTESIAN_POINT('',(0.95,0.014136728,4.600442273));
#2512=CARTESIAN_POINT('',(0.95,0.150405037,4.502201447));
#2513=CARTESIAN_POINT('',(0.95,0.375060784,4.260956776));
#2514=CARTESIAN_POINT('',(0.95,0.463361131,4.118046453));
#2515=CARTESIAN_POINT('',(0.95,0.578595601,3.809193506));
#2516=CARTESIAN_POINT('',(0.95,0.605486163,3.643400633));
#2517=CARTESIAN_POINT('',(0.95,0.599620022,3.478649834));
#2518=CARTESIAN_POINT('',(0.95,-0.640656859,4.182402087));
#2519=CARTESIAN_POINT('',(0.95,-0.63991219,4.182375573));
#2520=CARTESIAN_POINT('',(0.95,-0.639167521,4.182349058));
#2521=CARTESIAN_POINT('',(0.95,-0.637902349,4.18230401));
#2522=CARTESIAN_POINT('',(0.95,-0.637381846,4.182285477));
#2523=CARTESIAN_POINT('',(0.95,-0.63660109,4.182257677));
#2524=CARTESIAN_POINT('',(0.95,-0.636340838,4.182248415));
#2525=CARTESIAN_POINT('',(0.95,-0.635820335,4.182229873));
#2526=CARTESIAN_POINT('',(0.95,-0.635560079,4.18222071));
#2527=CARTESIAN_POINT('',(0.95,-0.634962937,4.182199221));
#2528=CARTESIAN_POINT('',(0.95,-0.634626041,4.182187094));
#2529=CARTESIAN_POINT('',(0.95,-0.633952283,4.182162069));
#2530=CARTESIAN_POINT('',(0.95,-0.633615414,4.182149298));
#2531=CARTESIAN_POINT('',(0.95,-0.63260484,4.182110211));
#2532=CARTESIAN_POINT('',(0.95,-0.631931167,4.182083119));
#2533=CARTESIAN_POINT('',(0.95,-0.629910292,4.181998742));
#2534=CARTESIAN_POINT('',(0.95,-0.628563227,4.181938358));
#2535=CARTESIAN_POINT('',(0.95,-0.624522668,4.181744809));
#2536=CARTESIAN_POINT('',(0.95,-0.621829801,4.181599248));
#2537=CARTESIAN_POINT('',(0.95,-0.613754313,4.181113016));
#2538=CARTESIAN_POINT('',(0.95,-0.608374784,4.180722793));
#2539=CARTESIAN_POINT('',(0.95,-0.592253275,4.179354288));
#2540=CARTESIAN_POINT('',(0.95,-0.581528323,4.178178127));
#2541=CARTESIAN_POINT('',(0.95,-0.549459592,4.17386242));
#2542=CARTESIAN_POINT('',(0.95,-0.528221892,4.169934974));
#2543=CARTESIAN_POINT('',(0.95,-0.465240572,4.155058754));
#2544=CARTESIAN_POINT('',(0.95,-0.424236357,4.141008279));
#2545=CARTESIAN_POINT('',(0.95,-0.306498623,4.087254737));
#2546=CARTESIAN_POINT('',(0.95,-0.235162601,4.03582598));
#2547=CARTESIAN_POINT('',(0.95,-0.117556039,3.90953517));
#2548=CARTESIAN_POINT('',(0.95,-0.071331092,3.834722075));
#2549=CARTESIAN_POINT('',(0.95,-0.011006216,3.67303855));
#2550=CARTESIAN_POINT('',(0.95,0.003070906,3.586246514));
#2551=CARTESIAN_POINT('',(0.95,-0.,3.5));
#2552=CARTESIAN_POINT('',(0.95,-0.662007025,3.582782066));
#2553=CARTESIAN_POINT('',(0.95,-0.661262356,3.582755551));
#2554=CARTESIAN_POINT('',(0.95,-0.660517687,3.582729036));
#2555=CARTESIAN_POINT('',(0.95,-0.659252515,3.582683988));
#2556=CARTESIAN_POINT('',(0.95,-0.658732012,3.582665455));
#2557=CARTESIAN_POINT('',(0.95,-0.657951256,3.582637655));
#2558=CARTESIAN_POINT('',(0.95,-0.657665095,3.582627467));
#2559=CARTESIAN_POINT('',(0.95,-0.657196411,3.582610778));
#2560=CARTESIAN_POINT('',(0.95,-0.656791804,3.582596381));
#2561=CARTESIAN_POINT('',(0.95,-0.656466426,3.582584775));
#2562=CARTESIAN_POINT('',(0.95,-0.656589512,3.582589146));
#2563=CARTESIAN_POINT('',(0.95,-0.65652903,3.582586899));
#2564=CARTESIAN_POINT('',(0.95,-0.65649879,3.582585753));
#2565=CARTESIAN_POINT('',(0.95,-0.656408072,3.582582244));
#2566=CARTESIAN_POINT('',(0.95,-0.656347597,3.582579812));
#2567=CARTESIAN_POINT('',(0.95,-0.656166186,3.582572238));
#2568=CARTESIAN_POINT('',(0.95,-0.656045262,3.582566817));
#2569=CARTESIAN_POINT('',(0.95,-0.655682547,3.582549442));
#2570=CARTESIAN_POINT('',(0.95,-0.655440812,3.582536376));
#2571=CARTESIAN_POINT('',(0.95,-0.654715887,3.582492727));
#2572=CARTESIAN_POINT('',(0.95,-0.654232974,3.582457697));
#2573=CARTESIAN_POINT('',(0.95,-0.652785768,3.582334849));
#2574=CARTESIAN_POINT('',(0.95,-0.651823005,3.582229266));
#2575=CARTESIAN_POINT('',(0.95,-0.64894424,3.581841851));
#2576=CARTESIAN_POINT('',(0.95,-0.647037761,3.58148929));
#2577=CARTESIAN_POINT('',(0.95,-0.641384016,3.580153873));
#2578=CARTESIAN_POINT('',(0.95,-0.637703125,3.578892581));
#2579=CARTESIAN_POINT('',(0.95,-0.627133974,3.574067201));
#2580=CARTESIAN_POINT('',(0.95,-0.620730239,3.569450514));
#2581=CARTESIAN_POINT('',(0.95,-0.610172863,3.558113564));
#2582=CARTESIAN_POINT('',(0.95,-0.606023314,3.551397698));
#2583=CARTESIAN_POINT('',(0.95,-0.600608034,3.536883594));
#2584=CARTESIAN_POINT('',(0.95,-0.599344351,3.529092395));
#2585=CARTESIAN_POINT('',(0.95,-0.599620022,3.521350166));
#2586=CARTESIAN_POINT('',(1.55,-0.662007025,3.582782066));
#2587=CARTESIAN_POINT('',(1.55,-0.661262356,3.582755551));
#2588=CARTESIAN_POINT('',(1.55,-0.660517687,3.582729036));
#2589=CARTESIAN_POINT('',(1.55,-0.659252515,3.582683988));
#2590=CARTESIAN_POINT('',(1.55,-0.658732012,3.582665455));
#2591=CARTESIAN_POINT('',(1.55,-0.657951256,3.582637655));
#2592=CARTESIAN_POINT('',(1.55,-0.657665095,3.582627467));
#2593=CARTESIAN_POINT('',(1.55,-0.657196411,3.582610778));
#2594=CARTESIAN_POINT('',(1.55,-0.656791804,3.582596381));
#2595=CARTESIAN_POINT('',(1.55,-0.656466426,3.582584775));
#2596=CARTESIAN_POINT('',(1.55,-0.656589512,3.582589146));
#2597=CARTESIAN_POINT('',(1.55,-0.65652903,3.582586899));
#2598=CARTESIAN_POINT('',(1.55,-0.65649879,3.582585753));
#2599=CARTESIAN_POINT('',(1.55,-0.656408072,3.582582244));
#2600=CARTESIAN_POINT('',(1.55,-0.656347597,3.582579812));
#2601=CARTESIAN_POINT('',(1.55,-0.656166186,3.582572238));
#2602=CARTESIAN_POINT('',(1.55,-0.656045262,3.582566817));
#2603=CARTESIAN_POINT('',(1.55,-0.655682547,3.582549442));
#2604=CARTESIAN_POINT('',(1.55,-0.655440812,3.582536376));
#2605=CARTESIAN_POINT('',(1.55,-0.654715887,3.582492727));
#2606=CARTESIAN_POINT('',(1.55,-0.654232974,3.582457697));
#2607=CARTESIAN_POINT('',(1.55,-0.652785768,3.582334849));
#2608=CARTESIAN_POINT('',(1.55,-0.651823005,3.582229266));
#2609=CARTESIAN_POINT('',(1.55,-0.64894424,3.581841851));
#2610=CARTESIAN_POINT('',(1.55,-0.647037761,3.58148929));
#2611=CARTESIAN_POINT('',(1.55,-0.641384016,3.580153873));
#2612=CARTESIAN_POINT('',(1.55,-0.637703125,3.578892581));
#2613=CARTESIAN_POINT('',(1.55,-0.627133974,3.574067201));
#2614=CARTESIAN_POINT('',(1.55,-0.620730239,3.569450514));
#2615=CARTESIAN_POINT('',(1.55,-0.610172863,3.558113564));
#2616=CARTESIAN_POINT('',(1.55,-0.606023314,3.551397698));
#2617=CARTESIAN_POINT('',(1.55,-0.600608034,3.536883594));
#2618=CARTESIAN_POINT('',(1.55,-0.599344351,3.529092395));
#2619=CARTESIAN_POINT('',(1.55,-0.599620022,3.521350166));
#2620=CARTESIAN_POINT('',(1.55,-0.640656859,4.182402087));
#2621=CARTESIAN_POINT('',(1.55,-0.63991219,4.182375573));
#2622=CARTESIAN_POINT('',(1.55,-0.639167521,4.182349058));
#2623=CARTESIAN_POINT('',(1.55,-0.637902349,4.18230401));
#2624=CARTESIAN_POINT('',(1.55,-0.637381846,4.182285477));
#2625=CARTESIAN_POINT('',(1.55,-0.63660109,4.182257677));
#2626=CARTESIAN_POINT('',(1.55,-0.636340838,4.182248415));
#2627=CARTESIAN_POINT('',(1.55,-0.635820335,4.182229873));
#2628=CARTESIAN_POINT('',(1.55,-0.635560079,4.18222071));
#2629=CARTESIAN_POINT('',(1.55,-0.634962937,4.182199221));
#2630=CARTESIAN_POINT('',(1.55,-0.634626041,4.182187094));
#2631=CARTESIAN_POINT('',(1.55,-0.633952283,4.182162069));
#2632=CARTESIAN_POINT('',(1.55,-0.633615414,4.182149298));
#2633=CARTESIAN_POINT('',(1.55,-0.63260484,4.182110211));
#2634=CARTESIAN_POINT('',(1.55,-0.631931167,4.182083119));
#2635=CARTESIAN_POINT('',(1.55,-0.629910292,4.181998742));
#2636=CARTESIAN_POINT('',(1.55,-0.628563227,4.181938358));
#2637=CARTESIAN_POINT('',(1.55,-0.624522668,4.181744809));
#2638=CARTESIAN_POINT('',(1.55,-0.621829801,4.181599248));
#2639=CARTESIAN_POINT('',(1.55,-0.613754313,4.181113016));
#2640=CARTESIAN_POINT('',(1.55,-0.608374784,4.180722793));
#2641=CARTESIAN_POINT('',(1.55,-0.592253275,4.179354288));
#2642=CARTESIAN_POINT('',(1.55,-0.581528323,4.178178127));
#2643=CARTESIAN_POINT('',(1.55,-0.549459592,4.17386242));
#2644=CARTESIAN_POINT('',(1.55,-0.528221892,4.169934974));
#2645=CARTESIAN_POINT('',(1.55,-0.465240572,4.155058754));
#2646=CARTESIAN_POINT('',(1.55,-0.424236357,4.141008279));
#2647=CARTESIAN_POINT('',(1.55,-0.306498623,4.087254737));
#2648=CARTESIAN_POINT('',(1.55,-0.235162601,4.03582598));
#2649=CARTESIAN_POINT('',(1.55,-0.117556039,3.90953517));
#2650=CARTESIAN_POINT('',(1.55,-0.071331092,3.834722075));
#2651=CARTESIAN_POINT('',(1.55,-0.011006216,3.67303855));
#2652=CARTESIAN_POINT('',(1.55,0.003070906,3.586246514));
#2653=CARTESIAN_POINT('',(1.55,-0.,3.5));
#2654=(BOUNDED_SURFACE()
B_SPLINE_SURFACE(3,3,((#2416,#2417,#2418,#2419,#2420,#2421,#2422,#2423,#2424,#2425,#2426,#2427,#2428,#2429,#2430,#2431,#2432,#2433,#2434,#2435,#2436,#2437,#2438,#2439,#2440,#2441,
#2442,#2443,#2444,#2445,#2446,#2447,#2448,#2449),(#2450,#2451,#2452,#2453,#2454,#2455,#2456,#2457,#2458,#2459,#2460,#2461,#2462,#2463,#2464,#2465,#2466,#2467,#2468,#2469,#2470,#2471,#2472,#2473,#2474,#2475,
#2476,#2477,#2478,#2479,#2480,#2481,#2482,#2483),(#2484,#2485,#2486,#2487,#2488,#2489,#2490,#2491,#2492,#2493,#2494,#2495,#2496,#2497,#2498,#2499,#2500,#2501,#2502,#2503,#2504,#2505,#2506,#2507,#2508,#2509,
#2510,#2511,#2512,#2513,#2514,#2515,#2516,#2517),(#2518,#2519,#2520,#2521,#2522,#2523,#2524,#2525,#2526,#2527,#2528,#2529,#2530,#2531,#2532,#2533,#2534,#2535,#2536,#2537,#2538,#2539,#2540,#2541,#2542,#2543,
#2544,#2545,#2546,#2547,#2548,#2549,#2550,#2551),(#2552,#2553,#2554,#2555,#2556,#2557,#2558,#2559,#2560,#2561,#2562,#2563,#2564,#2565,#2566,#2567,#2568,#2569,#2570,#2571,#2572,#2573,#2574,#2575,#2576,#2577,
#2578,#2579,#2580,#2581,#2582,#2583,#2584,#2585),(#2586,#2587,#2588,#2589,#2590,#2591,#2592,#2593,#2594,#2595,#2596,#2597,#2598,#2599,#2600,#2601,#2602,#2603,#2604,#2605,#2606,#2607,#2608,#2609,#2610,#2611,
#2612,#2613,#2614,#2615,#2616,#2617,#2618,#2619),(#2620,#2621,#2622,#2623,#2624,#2625,#2626,#2627,#2628,#2629,#2630,#2631,#2632,#2633,#2634,#2635,#2636,#2637,#2638,#2639,#2640,#2641,#2642,#2643,#2644,#2645,
#2646,#2647,#2648,#2649,#2650,#2651,#2652,#2653)),.UNSPECIFIED.,.T.,.F.,.U.)
B_SPLINE_SURFACE_WITH_KNOTS((4,3,4),(4,2,2,2,2,2,2,2,2,2,2,2,2,2,2,2,4),(0.,0.5,1.),(-0.005176085,-0.003017536,-0.001508768,-0.000754384,0.,0.000976562,0.001953125,0.00390625,0.0078125,0.015625,0.03125,0.0625,0.125,0.25,0.5,0.75,1.),.UNSPECIFIED.)
GEOMETRIC_REPRESENTATION_ITEM()
RATIONAL_B_SPLINE_SURFACE(((1.,1.,1.,1.,1.,1.,1.,1.,1.,1.,1.,1.,1.,1.,1.,1.,1.,1.,1.,1.,1.,1.,1.,1.,1.,1.,
1.,1.,1.,1.,1.,1.,1.,1.),(0.333333333,0.333333333,0.333333333,0.333333333,0.333333333,0.333333333,0.333333333,0.333333333,0.333333333,0.333333333,0.333333333,0.333333333,0.333333333,0.333333333,0.333333333,0.333333333,0.333333333,0.333333333,0.333333333,0.333333333,0.333333333,0.333333333,0.333333333,0.333333333,0.333333333,0.333333333,
0.333333333,0.333333333,0.333333333,0.333333333,0.333333333,0.333333333,0.333333333,0.333333333),(0.333333333,0.333333333,0.333333333,0.333333333,0.333333333,0.333333333,0.333333333,0.333333333,0.333333333,0.333333333,0.333333333,0.333333333,0.333333333,0.333333333,0.333333333,0.333333333,0.333333333,0.333333333,0.333333333,0.333333333,0.333333333,0.333333333,0.333333333,0.333333333,0.333333333,0.333333333,
0.333333333,0.333333333,0.333333333,0.333333333,0.333333333,0.333333333,0.333333333,0.333333333),(1.,1.,1.,1.,1.,1.,1.,1.,1.,1.,1.,1.,1.,1.,1.,1.,1.,1.,1.,1.,1.,1.,1.,1.,1.,1.,
1.,1.,1.,1.,1.,1.,1.,1.),(0.333333333,0.333333333,0.333333333,0.333333333,0.333333333,0.333333333,0.333333333,0.333333333,0.333333333,0.333333333,0.333333333,0.333333333,0.333333333,0.333333333,0.333333333,0.333333333,0.333333333,0.333333333,0.333333333,0.333333333,0.333333333,0.333333333,0.333333333,0.333333333,0.333333333,0.333333333,
0.333333333,0.333333333,0.333333333,0.333333333,0.333333333,0.333333333,0.333333333,0.333333333),(0.333333333,0.333333333,0.333333333,0.333333333,0.333333333,0.333333333,0.333333333,0.333333333,0.333333333,0.333333333,0.333333333,0.333333333,0.333333333,0.333333333,0.333333333,0.333333333,0.333333333,0.333333333,0.333333333,0.333333333,0.333333333,0.333333333,0.333333333,0.333333333,0.333333333,0.333333333,
0.333333333,0.333333333,0.333333333,0.333333333,0.333333333,0.333333333,0.333333333,0.333333333),(1.,1.,1.,1.,1.,1.,1.,1.,1.,1.,1.,1.,1.,1.,1.,1.,1.,1.,1.,1.,1.,1.,1.,1.,1.,1.,
1.,1.,1.,1.,1.,1.,1.,1.)))
REPRESENTATION_ITEM('')
SURFACE()
);
#2655=CARTESIAN_POINT('',(1.55,-0.635299832,4.182211344));
#2656=VERTEX_POINT('',#2655);
#2657=CARTESIAN_POINT('',(1.55,-0.,3.5));
#2658=CARTESIAN_POINT('',(1.55,0.003070906,3.586246514));
#2659=CARTESIAN_POINT('',(1.55,-0.011006216,3.67303855));
#2660=CARTESIAN_POINT('',(1.55,-0.071331092,3.834722075));
#2661=CARTESIAN_POINT('',(1.55,-0.117556039,3.90953517));
#2662=CARTESIAN_POINT('',(1.55,-0.235162601,4.03582598));
#2663=CARTESIAN_POINT('',(1.55,-0.306498623,4.087254737));
#2664=CARTESIAN_POINT('',(1.55,-0.424236357,4.141008279));
#2665=CARTESIAN_POINT('',(1.55,-0.465240572,4.155058754));
#2666=CARTESIAN_POINT('',(1.55,-0.528221892,4.169934974));
#2667=CARTESIAN_POINT('',(1.55,-0.549459592,4.17386242));
#2668=CARTESIAN_POINT('',(1.55,-0.581528323,4.178178127));
#2669=CARTESIAN_POINT('',(1.55,-0.592253275,4.179354288));
#2670=CARTESIAN_POINT('',(1.55,-0.608374784,4.180722793));
#2671=CARTESIAN_POINT('',(1.55,-0.613754313,4.181113016));
#2672=CARTESIAN_POINT('',(1.55,-0.621829801,4.181599248));
#2673=CARTESIAN_POINT('',(1.55,-0.624522668,4.181744809));
#2674=CARTESIAN_POINT('',(1.55,-0.628563227,4.181938358));
#2675=CARTESIAN_POINT('',(1.55,-0.629910292,4.181998742));
#2676=CARTESIAN_POINT('',(1.55,-0.631931167,4.182083119));
#2677=CARTESIAN_POINT('',(1.55,-0.63260484,4.182110211));
#2678=CARTESIAN_POINT('',(1.55,-0.633615414,4.182149298));
#2679=CARTESIAN_POINT('',(1.55,-0.633952283,4.182162069));
#2680=CARTESIAN_POINT('',(1.55,-0.634626041,4.182187094));
#2681=CARTESIAN_POINT('',(1.55,-0.634962937,4.182199221));
#2682=CARTESIAN_POINT('',(1.55,-0.635299832,4.182211344));
#2683=B_SPLINE_CURVE_WITH_KNOTS('',3,(#2657,#2658,#2659,#2660,#2661,#2662,#2663,#2664,#2665,#2666,#2667,#2668,#2669,#2670,#2671,#2672,#2673,#2674,#2675,#2676,#2677,#2678,#2679,#2680,#2681,#2682),.UNSPECIFIED.,.F.,.F.,(4,2,2,2,2,2,2,2,2,2,2,2,4),(-0.193122283,0.056877717,0.306877717,0.556877717,0.681877717,0.744377717,0.775627717,0.791252717,0.799065217,0.802971467,0.804924592,0.805901155,0.806877717),.UNSPECIFIED.);
#2684=EDGE_CURVE('',#709,#2656,#2683,.T.);
#2685=ORIENTED_EDGE('',*,*,#2684,.F.);
#2686=ORIENTED_EDGE('',*,*,#727,.F.);
#2687=ORIENTED_EDGE('',*,*,#2382,.T.);
#2688=ORIENTED_EDGE('',*,*,#2684,.T.);
#2689=CARTESIAN_POINT('',(0.95,-0.635299832,4.182211344));
#2690=VERTEX_POINT('',#2689);
#2691=CARTESIAN_POINT('',(1.55,-0.635299832,4.182211344));
#2692=CARTESIAN_POINT('',(1.549999879,-0.636729789,4.10293782));
#2693=CARTESIAN_POINT('',(1.517527171,-0.638273245,4.02536673));
#2694=CARTESIAN_POINT('',(1.461925238,-0.639445124,3.969872715));
#2695=CARTESIAN_POINT('',(1.406323304,-0.640617002,3.914378699));
#2696=CARTESIAN_POINT('',(1.328006815,-0.641381354,3.882166908));
#2697=CARTESIAN_POINT('',(1.249842083,-0.641443407,3.882211386));
#2698=CARTESIAN_POINT('',(1.171677351,-0.641505459,3.882255863));
#2699=CARTESIAN_POINT('',(1.093476056,-0.640625982,3.914450591));
#2700=CARTESIAN_POINT('',(1.037829022,-0.639439883,3.970118261));
#2701=CARTESIAN_POINT('',(1.023917264,-0.639143358,3.984035178));
#2702=CARTESIAN_POINT('',(1.011319977,-0.638814015,3.999417108));
#2703=CARTESIAN_POINT('',(1.000471579,-0.638479309,4.015671358));
#2704=CARTESIAN_POINT('',(0.98962318,-0.638144604,4.031925609));
#2705=CARTESIAN_POINT('',(0.980348473,-0.638883259,4.049250486));
#2706=CARTESIAN_POINT('',(0.97278648,-0.63744422,4.067526278));
#2707=CARTESIAN_POINT('',(0.965224487,-0.636005182,4.085802069));
#2708=CARTESIAN_POINT('',(0.959564415,-0.636720809,4.104562908));
#2709=CARTESIAN_POINT('',(0.955754126,-0.636364611,4.123736003));
#2710=CARTESIAN_POINT('',(0.951943837,-0.636008412,4.142909099));
#2711=CARTESIAN_POINT('',(0.950000001,-0.635661628,4.162116807));
#2712=CARTESIAN_POINT('',(0.95,-0.635299832,4.182211344));
#2713=B_SPLINE_CURVE_WITH_KNOTS('',3,(#2691,#2692,#2693,#2694,#2695,#2696,#2697,#2698,#2699,#2700,#2701,#2702,#2703,#2704,#2705,#2706,#2707,#2708,#2709,#2710,#2711,#2712),.UNSPECIFIED.,.F.,.F.,(4,3,3,3,3,3,3,4),(-0.000018275,0.000216209,0.000450693,0.000685177,0.000743798,0.000802419,0.00086104,0.000919661),.UNSPECIFIED.);
#2714=EDGE_CURVE('',#2656,#2690,#2713,.T.);
#2715=ORIENTED_EDGE('',*,*,#2714,.T.);
#2716=CARTESIAN_POINT('',(1.25,-0.629960778,4.482211349));
#2717=VERTEX_POINT('',#2716);
#2718=CARTESIAN_POINT('',(1.55,-0.635299832,4.182211344));
#2719=CARTESIAN_POINT('',(1.549999879,-0.633881282,4.26148357));
#2720=CARTESIAN_POINT('',(1.517526991,-0.632479426,4.339056754));
#2721=CARTESIAN_POINT('',(1.461924069,-0.631520727,4.39455114));
#2722=CARTESIAN_POINT('',(1.406321147,-0.630562027,4.450045526));
#2723=CARTESIAN_POINT('',(1.328004672,-0.630044313,4.482255862));
#2724=CARTESIAN_POINT('',(1.249841691,-0.629960608,4.482211303));
#2725=CARTESIAN_POINT('',(1.17167871,-0.629876902,4.482166743));
#2726=CARTESIAN_POINT('',(1.093477328,-0.630552029,4.449973121));
#2727=CARTESIAN_POINT('',(1.03782949,-0.631525109,4.394304896));
#2728=CARTESIAN_POINT('',(1.02391753,-0.631768379,4.38038784));
#2729=CARTESIAN_POINT('',(1.011319953,-0.632046563,4.365005585));
#2730=CARTESIAN_POINT('',(1.000471417,-0.63233585,4.348751088));
#2731=CARTESIAN_POINT('',(0.989622882,-0.632625138,4.332496592));
#2732=CARTESIAN_POINT('',(0.980347843,-0.63173962,4.31517083));
#2733=CARTESIAN_POINT('',(0.972786149,-0.633252393,4.296895611));
#2734=CARTESIAN_POINT('',(0.965224455,-0.634765166,4.278620392));
#2735=CARTESIAN_POINT('',(0.959564125,-0.633917839,4.259858766));
#2736=CARTESIAN_POINT('',(0.955753953,-0.634259071,4.240685816));
#2737=CARTESIAN_POINT('',(0.951943781,-0.634600304,4.221512865));
#2738=CARTESIAN_POINT('',(0.949999999,-0.634940914,4.202305399));
#2739=CARTESIAN_POINT('',(0.95,-0.635299832,4.182211344));
#2740=B_SPLINE_CURVE_WITH_KNOTS('',3,(#2718,#2719,#2720,#2721,#2722,#2723,#2724,#2725,#2726,#2727,#2728,#2729,#2730,#2731,#2732,#2733,#2734,#2735,#2736,#2737,#2738,#2739),.UNSPECIFIED.,.F.,.F.,(4,3,3,3,3,3,3,4),(-0.000018275,0.000216204,0.000450683,0.000685162,0.000743781,0.000802401,0.000861021,0.000919641),.UNSPECIFIED.);
#2741=EDGE_CURVE('',#2717,#2690,#2740,.T.);
#2742=ORIENTED_EDGE('',*,*,#2741,.F.);
#2743=CARTESIAN_POINT('',(1.55,-0.635299832,4.182211344));
#2744=CARTESIAN_POINT('',(1.549999879,-0.633881282,4.26148357));
#2745=CARTESIAN_POINT('',(1.517526991,-0.632479426,4.339056754));
#2746=CARTESIAN_POINT('',(1.461924069,-0.631520727,4.39455114));
#2747=CARTESIAN_POINT('',(1.406321147,-0.630562027,4.450045526));
#2748=CARTESIAN_POINT('',(1.328004672,-0.630044313,4.482255862));
#2749=CARTESIAN_POINT('',(1.249841691,-0.629960608,4.482211303));
#2750=CARTESIAN_POINT('',(1.17167871,-0.629876902,4.482166743));
#2751=CARTESIAN_POINT('',(1.093477328,-0.630552029,4.449973121));
#2752=CARTESIAN_POINT('',(1.03782949,-0.631525109,4.394304896));
#2753=CARTESIAN_POINT('',(1.02391753,-0.631768379,4.38038784));
#2754=CARTESIAN_POINT('',(1.011319953,-0.632046563,4.365005585));
#2755=CARTESIAN_POINT('',(1.000471417,-0.63233585,4.348751088));
#2756=CARTESIAN_POINT('',(0.989622882,-0.632625138,4.332496592));
#2757=CARTESIAN_POINT('',(0.980347843,-0.63173962,4.31517083));
#2758=CARTESIAN_POINT('',(0.972786149,-0.633252393,4.296895611));
#2759=CARTESIAN_POINT('',(0.965224455,-0.634765166,4.278620392));
#2760=CARTESIAN_POINT('',(0.959564125,-0.633917839,4.259858766));
#2761=CARTESIAN_POINT('',(0.955753953,-0.634259071,4.240685816));
#2762=CARTESIAN_POINT('',(0.951943781,-0.634600304,4.221512865));
#2763=CARTESIAN_POINT('',(0.949999999,-0.634940914,4.202305399));
#2764=CARTESIAN_POINT('',(0.95,-0.635299832,4.182211344));
#2765=B_SPLINE_CURVE_WITH_KNOTS('',3,(#2743,#2744,#2745,#2746,#2747,#2748,#2749,#2750,#2751,#2752,#2753,#2754,#2755,#2756,#2757,#2758,#2759,#2760,#2761,#2762,#2763,#2764),.UNSPECIFIED.,.F.,.F.,(4,3,3,3,3,3,3,4),(-0.000018275,0.000216204,0.000450683,0.000685162,0.000743781,0.000802401,0.000861021,0.000919641),.UNSPECIFIED.);
#2766=EDGE_CURVE('',#2656,#2717,#2765,.T.);
#2767=ORIENTED_EDGE('',*,*,#2766,.F.);
#2768=EDGE_LOOP('',(#2685,#2686,#2687,#2688,#2715,#2742,#2767));
#2769=FACE_BOUND('',#2768,.T.);
#2770=ADVANCED_FACE('',(#2769),#2654,.F.);
#2771=OVER_RIDING_STYLED_ITEM('',(#86),#2770,#54);
#2772=CARTESIAN_POINT('',(1.25,-5.7,4.182211344));
#2773=DIRECTION('',(0.,1.,0.));
#2774=DIRECTION('',(0.,-0.,1.));
#2775=AXIS2_PLACEMENT_3D('',#2772,#2773,#2774);
#2776=CYLINDRICAL_SURFACE('',#2775,0.3);
#2777=CARTESIAN_POINT('',(1.25,-0.629960778,4.482211344));
#2778=DIRECTION('',(-0.,-1.,-0.));
#2779=VECTOR('',#2778,5.070039222);
#2780=LINE('',#2777,#2779);
#2781=EDGE_CURVE('',#2717,#2397,#2780,.T.);
#2782=ORIENTED_EDGE('',*,*,#2781,.T.);
#2783=ORIENTED_EDGE('',*,*,#2403,.F.);
#2784=ORIENTED_EDGE('',*,*,#2410,.F.);
#2785=ORIENTED_EDGE('',*,*,#2781,.F.);
#2786=ORIENTED_EDGE('',*,*,#2741,.T.);
#2787=ORIENTED_EDGE('',*,*,#2714,.F.);
#2788=ORIENTED_EDGE('',*,*,#2766,.T.);
#2789=EDGE_LOOP('',(#2782,#2783,#2784,#2785,#2786,#2787,#2788));
#2790=FACE_BOUND('',#2789,.T.);
#2791=ADVANCED_FACE('',(#2790),#2776,.T.);
#2792=OVER_RIDING_STYLED_ITEM('',(#86),#2791,#54);
#2793=CARTESIAN_POINT('',(7.5,-4.179562762,3.648818177));
#2794=DIRECTION('',(0.,0.03558361,0.999366703));
#2795=DIRECTION('',(1.,0.,0.));
#2796=AXIS2_PLACEMENT_3D('',#2793,#2794,#2795);
#2797=PLANE('',#2796);
#2798=CARTESIAN_POINT('',(3.75,-0.,3.5));
#2799=DIRECTION('',(-0.,0.03558361,0.999366703));
#2800=DIRECTION('',(1.,0.,0.));
#2801=AXIS2_PLACEMENT_3D('',#2798,#2799,#2800);
#2802=CIRCLE('',#2801,0.3);
#2803=EDGE_CURVE('',#631,#639,#2802,.T.);
#2804=ORIENTED_EDGE('',*,*,#2803,.F.);
#2805=ORIENTED_EDGE('',*,*,#687,.T.);
#2806=EDGE_LOOP('',(#2804,#2805));
#2807=FACE_BOUND('',#2806,.T.);
#2808=ADVANCED_FACE('',(#2807),#2797,.F.);
#2809=OVER_RIDING_STYLED_ITEM('',(#86),#2808,#54);
#2810=CARTESIAN_POINT('',(7.5,-5.7,0.));
#2811=DIRECTION('',(0.,-1.,0.));
#2812=DIRECTION('',(1.,0.,0.));
#2813=AXIS2_PLACEMENT_3D('',#2810,#2811,#2812);
#2814=PLANE('',#2813);
#2815=CARTESIAN_POINT('',(4.05,-5.7,4.182211344));
#2816=VERTEX_POINT('',#2815);
#2817=CARTESIAN_POINT('',(3.75,-5.7,4.482211344));
#2818=VERTEX_POINT('',#2817);
#2819=CARTESIAN_POINT('',(3.75,-5.7,4.182211344));
#2820=DIRECTION('',(0.,-1.,0.));
#2821=DIRECTION('',(1.,0.,0.));
#2822=AXIS2_PLACEMENT_3D('',#2819,#2820,#2821);
#2823=CIRCLE('',#2822,0.3);
#2824=EDGE_CURVE('',#2816,#2818,#2823,.T.);
#2825=ORIENTED_EDGE('',*,*,#2824,.T.);
#2826=CARTESIAN_POINT('',(3.75,-5.7,4.182211344));
#2827=DIRECTION('',(0.,-1.,0.));
#2828=DIRECTION('',(1.,0.,0.));
#2829=AXIS2_PLACEMENT_3D('',#2826,#2827,#2828);
#2830=CIRCLE('',#2829,0.3);
#2831=EDGE_CURVE('',#2818,#2816,#2830,.T.);
#2832=ORIENTED_EDGE('',*,*,#2831,.T.);
#2833=EDGE_LOOP('',(#2825,#2832));
#2834=FACE_BOUND('',#2833,.T.);
#2835=ADVANCED_FACE('',(#2834),#2814,.T.);
#2836=OVER_RIDING_STYLED_ITEM('',(#86),#2835,#54);
#2837=CARTESIAN_POINT('',(4.05,-0.640656859,4.182402087));
#2838=CARTESIAN_POINT('',(4.05,-0.63991219,4.182375573));
#2839=CARTESIAN_POINT('',(4.05,-0.639167521,4.182349058));
#2840=CARTESIAN_POINT('',(4.05,-0.637902349,4.18230401));
#2841=CARTESIAN_POINT('',(4.05,-0.637381846,4.182285477));
#2842=CARTESIAN_POINT('',(4.05,-0.63660109,4.182257677));
#2843=CARTESIAN_POINT('',(4.05,-0.636340838,4.182248415));
#2844=CARTESIAN_POINT('',(4.05,-0.635820335,4.182229873));
#2845=CARTESIAN_POINT('',(4.05,-0.635560079,4.18222071));
#2846=CARTESIAN_POINT('',(4.05,-0.634962937,4.182199221));
#2847=CARTESIAN_POINT('',(4.05,-0.634626041,4.182187094));
#2848=CARTESIAN_POINT('',(4.05,-0.633952283,4.182162069));
#2849=CARTESIAN_POINT('',(4.05,-0.633615414,4.182149298));
#2850=CARTESIAN_POINT('',(4.05,-0.63260484,4.182110211));
#2851=CARTESIAN_POINT('',(4.05,-0.631931167,4.182083119));
#2852=CARTESIAN_POINT('',(4.05,-0.629910292,4.181998742));
#2853=CARTESIAN_POINT('',(4.05,-0.628563227,4.181938358));
#2854=CARTESIAN_POINT('',(4.05,-0.624522668,4.181744809));
#2855=CARTESIAN_POINT('',(4.05,-0.621829801,4.181599248));
#2856=CARTESIAN_POINT('',(4.05,-0.613754313,4.181113016));
#2857=CARTESIAN_POINT('',(4.05,-0.608374784,4.180722793));
#2858=CARTESIAN_POINT('',(4.05,-0.592253275,4.179354288));
#2859=CARTESIAN_POINT('',(4.05,-0.581528323,4.178178127));
#2860=CARTESIAN_POINT('',(4.05,-0.549459592,4.17386242));
#2861=CARTESIAN_POINT('',(4.05,-0.528221892,4.169934974));
#2862=CARTESIAN_POINT('',(4.05,-0.465240572,4.155058754));
#2863=CARTESIAN_POINT('',(4.05,-0.424236357,4.141008279));
#2864=CARTESIAN_POINT('',(4.05,-0.306498623,4.087254737));
#2865=CARTESIAN_POINT('',(4.05,-0.235162601,4.03582598));
#2866=CARTESIAN_POINT('',(4.05,-0.117556039,3.90953517));
#2867=CARTESIAN_POINT('',(4.05,-0.071331092,3.834722075));
#2868=CARTESIAN_POINT('',(4.05,-0.011006216,3.67303855));
#2869=CARTESIAN_POINT('',(4.05,0.003070906,3.586246514));
#2870=CARTESIAN_POINT('',(4.05,-0.,3.5));
#2871=CARTESIAN_POINT('',(4.05,-0.619306693,4.782022109));
#2872=CARTESIAN_POINT('',(4.05,-0.618562024,4.781995594));
#2873=CARTESIAN_POINT('',(4.05,-0.617817355,4.78196908));
#2874=CARTESIAN_POINT('',(4.05,-0.616552183,4.781924032));
#2875=CARTESIAN_POINT('',(4.05,-0.61603168,4.781905499));
#2876=CARTESIAN_POINT('',(4.05,-0.615250924,4.781877699));
#2877=CARTESIAN_POINT('',(4.05,-0.615016582,4.781869364));
#2878=CARTESIAN_POINT('',(4.05,-0.61444426,4.781848968));
#2879=CARTESIAN_POINT('',(4.05,-0.614328355,4.781845038));
#2880=CARTESIAN_POINT('',(4.05,-0.613459447,4.781813667));
#2881=CARTESIAN_POINT('',(4.05,-0.61266257,4.781785043));
#2882=CARTESIAN_POINT('',(4.05,-0.611375535,4.78173724));
#2883=CARTESIAN_POINT('',(4.05,-0.610732037,4.781712844));
#2884=CARTESIAN_POINT('',(4.05,-0.608801608,4.781638177));
#2885=CARTESIAN_POINT('',(4.05,-0.607514738,4.781586425));
#2886=CARTESIAN_POINT('',(4.05,-0.603654397,4.781425247));
#2887=CARTESIAN_POINT('',(4.05,-0.601081191,4.781309899));
#2888=CARTESIAN_POINT('',(4.05,-0.593362789,4.780940176));
#2889=CARTESIAN_POINT('',(4.05,-0.588218791,4.780662121));
#2890=CARTESIAN_POINT('',(4.05,-0.57279274,4.779733305));
#2891=CARTESIAN_POINT('',(4.05,-0.562516594,4.778987889));
#2892=CARTESIAN_POINT('',(4.05,-0.531720781,4.776373728));
#2893=CARTESIAN_POINT('',(4.05,-0.51123364,4.774126988));
#2894=CARTESIAN_POINT('',(4.05,-0.449974945,4.765882989));
#2895=CARTESIAN_POINT('',(4.05,-0.409406023,4.758380658));
#2896=CARTESIAN_POINT('',(4.05,-0.289097128,4.729963635));
#2897=CARTESIAN_POINT('',(4.05,-0.210769588,4.703123977));
#2898=CARTESIAN_POINT('',(4.05,0.014136728,4.600442273));
#2899=CARTESIAN_POINT('',(4.05,0.150405037,4.502201447));
#2900=CARTESIAN_POINT('',(4.05,0.375060784,4.260956776));
#2901=CARTESIAN_POINT('',(4.05,0.463361131,4.118046453));
#2902=CARTESIAN_POINT('',(4.05,0.578595601,3.809193506));
#2903=CARTESIAN_POINT('',(4.05,0.605486163,3.643400633));
#2904=CARTESIAN_POINT('',(4.05,0.599620022,3.478649834));
#2905=CARTESIAN_POINT('',(3.45,-0.619306693,4.782022109));
#2906=CARTESIAN_POINT('',(3.45,-0.618562024,4.781995594));
#2907=CARTESIAN_POINT('',(3.45,-0.617817355,4.78196908));
#2908=CARTESIAN_POINT('',(3.45,-0.616552183,4.781924032));
#2909=CARTESIAN_POINT('',(3.45,-0.61603168,4.781905499));
#2910=CARTESIAN_POINT('',(3.45,-0.615250924,4.781877699));
#2911=CARTESIAN_POINT('',(3.45,-0.615016582,4.781869364));
#2912=CARTESIAN_POINT('',(3.45,-0.61444426,4.781848968));
#2913=CARTESIAN_POINT('',(3.45,-0.614328355,4.781845038));
#2914=CARTESIAN_POINT('',(3.45,-0.613459447,4.781813667));
#2915=CARTESIAN_POINT('',(3.45,-0.61266257,4.781785043));
#2916=CARTESIAN_POINT('',(3.45,-0.611375535,4.78173724));
#2917=CARTESIAN_POINT('',(3.45,-0.610732037,4.781712844));
#2918=CARTESIAN_POINT('',(3.45,-0.608801608,4.781638177));
#2919=CARTESIAN_POINT('',(3.45,-0.607514738,4.781586425));
#2920=CARTESIAN_POINT('',(3.45,-0.603654397,4.781425247));
#2921=CARTESIAN_POINT('',(3.45,-0.601081191,4.781309899));
#2922=CARTESIAN_POINT('',(3.45,-0.593362789,4.780940176));
#2923=CARTESIAN_POINT('',(3.45,-0.588218791,4.780662121));
#2924=CARTESIAN_POINT('',(3.45,-0.57279274,4.779733305));
#2925=CARTESIAN_POINT('',(3.45,-0.562516594,4.778987889));
#2926=CARTESIAN_POINT('',(3.45,-0.531720781,4.776373728));
#2927=CARTESIAN_POINT('',(3.45,-0.51123364,4.774126988));
#2928=CARTESIAN_POINT('',(3.45,-0.449974945,4.765882989));
#2929=CARTESIAN_POINT('',(3.45,-0.409406023,4.758380658));
#2930=CARTESIAN_POINT('',(3.45,-0.289097128,4.729963635));
#2931=CARTESIAN_POINT('',(3.45,-0.210769588,4.703123977));
#2932=CARTESIAN_POINT('',(3.45,0.014136728,4.600442273));
#2933=CARTESIAN_POINT('',(3.45,0.150405037,4.502201447));
#2934=CARTESIAN_POINT('',(3.45,0.375060784,4.260956776));
#2935=CARTESIAN_POINT('',(3.45,0.463361131,4.118046453));
#2936=CARTESIAN_POINT('',(3.45,0.578595601,3.809193506));
#2937=CARTESIAN_POINT('',(3.45,0.605486163,3.643400633));
#2938=CARTESIAN_POINT('',(3.45,0.599620022,3.478649834));
#2939=CARTESIAN_POINT('',(3.45,-0.640656859,4.182402087));
#2940=CARTESIAN_POINT('',(3.45,-0.63991219,4.182375573));
#2941=CARTESIAN_POINT('',(3.45,-0.639167521,4.182349058));
#2942=CARTESIAN_POINT('',(3.45,-0.637902349,4.18230401));
#2943=CARTESIAN_POINT('',(3.45,-0.637381846,4.182285477));
#2944=CARTESIAN_POINT('',(3.45,-0.63660109,4.182257677));
#2945=CARTESIAN_POINT('',(3.45,-0.636340838,4.182248415));
#2946=CARTESIAN_POINT('',(3.45,-0.635820335,4.182229873));
#2947=CARTESIAN_POINT('',(3.45,-0.635560079,4.18222071));
#2948=CARTESIAN_POINT('',(3.45,-0.634962937,4.182199221));
#2949=CARTESIAN_POINT('',(3.45,-0.634626041,4.182187094));
#2950=CARTESIAN_POINT('',(3.45,-0.633952283,4.182162069));
#2951=CARTESIAN_POINT('',(3.45,-0.633615414,4.182149298));
#2952=CARTESIAN_POINT('',(3.45,-0.63260484,4.182110211));
#2953=CARTESIAN_POINT('',(3.45,-0.631931167,4.182083119));
#2954=CARTESIAN_POINT('',(3.45,-0.629910292,4.181998742));
#2955=CARTESIAN_POINT('',(3.45,-0.628563227,4.181938358));
#2956=CARTESIAN_POINT('',(3.45,-0.624522668,4.181744809));
#2957=CARTESIAN_POINT('',(3.45,-0.621829801,4.181599248));
#2958=CARTESIAN_POINT('',(3.45,-0.613754313,4.181113016));
#2959=CARTESIAN_POINT('',(3.45,-0.608374784,4.180722793));
#2960=CARTESIAN_POINT('',(3.45,-0.592253275,4.179354288));
#2961=CARTESIAN_POINT('',(3.45,-0.581528323,4.178178127));
#2962=CARTESIAN_POINT('',(3.45,-0.549459592,4.17386242));
#2963=CARTESIAN_POINT('',(3.45,-0.528221892,4.169934974));
#2964=CARTESIAN_POINT('',(3.45,-0.465240572,4.155058754));
#2965=CARTESIAN_POINT('',(3.45,-0.424236357,4.141008279));
#2966=CARTESIAN_POINT('',(3.45,-0.306498623,4.087254737));
#2967=CARTESIAN_POINT('',(3.45,-0.235162601,4.03582598));
#2968=CARTESIAN_POINT('',(3.45,-0.117556039,3.90953517));
#2969=CARTESIAN_POINT('',(3.45,-0.071331092,3.834722075));
#2970=CARTESIAN_POINT('',(3.45,-0.011006216,3.67303855));
#2971=CARTESIAN_POINT('',(3.45,0.003070906,3.586246514));
#2972=CARTESIAN_POINT('',(3.45,-0.,3.5));
#2973=CARTESIAN_POINT('',(3.45,-0.662007025,3.582782066));
#2974=CARTESIAN_POINT('',(3.45,-0.661262356,3.582755551));
#2975=CARTESIAN_POINT('',(3.45,-0.660517687,3.582729036));
#2976=CARTESIAN_POINT('',(3.45,-0.659252515,3.582683988));
#2977=CARTESIAN_POINT('',(3.45,-0.658732012,3.582665455));
#2978=CARTESIAN_POINT('',(3.45,-0.657951256,3.582637655));
#2979=CARTESIAN_POINT('',(3.45,-0.657665095,3.582627467));
#2980=CARTESIAN_POINT('',(3.45,-0.657196411,3.582610778));
#2981=CARTESIAN_POINT('',(3.45,-0.656791804,3.582596381));
#2982=CARTESIAN_POINT('',(3.45,-0.656466426,3.582584775));
#2983=CARTESIAN_POINT('',(3.45,-0.656589512,3.582589146));
#2984=CARTESIAN_POINT('',(3.45,-0.65652903,3.582586899));
#2985=CARTESIAN_POINT('',(3.45,-0.65649879,3.582585753));
#2986=CARTESIAN_POINT('',(3.45,-0.656408072,3.582582244));
#2987=CARTESIAN_POINT('',(3.45,-0.656347597,3.582579812));
#2988=CARTESIAN_POINT('',(3.45,-0.656166186,3.582572238));
#2989=CARTESIAN_POINT('',(3.45,-0.656045262,3.582566817));
#2990=CARTESIAN_POINT('',(3.45,-0.655682547,3.582549442));
#2991=CARTESIAN_POINT('',(3.45,-0.655440812,3.582536376));
#2992=CARTESIAN_POINT('',(3.45,-0.654715887,3.582492727));
#2993=CARTESIAN_POINT('',(3.45,-0.654232974,3.582457697));
#2994=CARTESIAN_POINT('',(3.45,-0.652785768,3.582334849));
#2995=CARTESIAN_POINT('',(3.45,-0.651823005,3.582229266));
#2996=CARTESIAN_POINT('',(3.45,-0.64894424,3.581841851));
#2997=CARTESIAN_POINT('',(3.45,-0.647037761,3.58148929));
#2998=CARTESIAN_POINT('',(3.45,-0.641384016,3.580153873));
#2999=CARTESIAN_POINT('',(3.45,-0.637703125,3.578892581));
#3000=CARTESIAN_POINT('',(3.45,-0.627133974,3.574067201));
#3001=CARTESIAN_POINT('',(3.45,-0.620730239,3.569450514));
#3002=CARTESIAN_POINT('',(3.45,-0.610172863,3.558113564));
#3003=CARTESIAN_POINT('',(3.45,-0.606023314,3.551397698));
#3004=CARTESIAN_POINT('',(3.45,-0.600608034,3.536883594));
#3005=CARTESIAN_POINT('',(3.45,-0.599344351,3.529092395));
#3006=CARTESIAN_POINT('',(3.45,-0.599620022,3.521350166));
#3007=CARTESIAN_POINT('',(4.05,-0.662007025,3.582782066));
#3008=CARTESIAN_POINT('',(4.05,-0.661262356,3.582755551));
#3009=CARTESIAN_POINT('',(4.05,-0.660517687,3.582729036));
#3010=CARTESIAN_POINT('',(4.05,-0.659252515,3.582683988));
#3011=CARTESIAN_POINT('',(4.05,-0.658732012,3.582665455));
#3012=CARTESIAN_POINT('',(4.05,-0.657951256,3.582637655));
#3013=CARTESIAN_POINT('',(4.05,-0.657665095,3.582627467));
#3014=CARTESIAN_POINT('',(4.05,-0.657196411,3.582610778));
#3015=CARTESIAN_POINT('',(4.05,-0.656791804,3.582596381));
#3016=CARTESIAN_POINT('',(4.05,-0.656466426,3.582584775));
#3017=CARTESIAN_POINT('',(4.05,-0.656589512,3.582589146));
#3018=CARTESIAN_POINT('',(4.05,-0.65652903,3.582586899));
#3019=CARTESIAN_POINT('',(4.05,-0.65649879,3.582585753));
#3020=CARTESIAN_POINT('',(4.05,-0.656408072,3.582582244));
#3021=CARTESIAN_POINT('',(4.05,-0.656347597,3.582579812));
#3022=CARTESIAN_POINT('',(4.05,-0.656166186,3.582572238));
#3023=CARTESIAN_POINT('',(4.05,-0.656045262,3.582566817));
#3024=CARTESIAN_POINT('',(4.05,-0.655682547,3.582549442));
#3025=CARTESIAN_POINT('',(4.05,-0.655440812,3.582536376));
#3026=CARTESIAN_POINT('',(4.05,-0.654715887,3.582492727));
#3027=CARTESIAN_POINT('',(4.05,-0.654232974,3.582457697));
#3028=CARTESIAN_POINT('',(4.05,-0.652785768,3.582334849));
#3029=CARTESIAN_POINT('',(4.05,-0.651823005,3.582229266));
#3030=CARTESIAN_POINT('',(4.05,-0.64894424,3.581841851));
#3031=CARTESIAN_POINT('',(4.05,-0.647037761,3.58148929));
#3032=CARTESIAN_POINT('',(4.05,-0.641384016,3.580153873));
#3033=CARTESIAN_POINT('',(4.05,-0.637703125,3.578892581));
#3034=CARTESIAN_POINT('',(4.05,-0.627133974,3.574067201));
#3035=CARTESIAN_POINT('',(4.05,-0.620730239,3.569450514));
#3036=CARTESIAN_POINT('',(4.05,-0.610172863,3.558113564));
#3037=CARTESIAN_POINT('',(4.05,-0.606023314,3.551397698));
#3038=CARTESIAN_POINT('',(4.05,-0.600608034,3.536883594));
#3039=CARTESIAN_POINT('',(4.05,-0.599344351,3.529092395));
#3040=CARTESIAN_POINT('',(4.05,-0.599620022,3.521350166));
#3041=CARTESIAN_POINT('',(4.05,-0.640656859,4.182402087));
#3042=CARTESIAN_POINT('',(4.05,-0.63991219,4.182375573));
#3043=CARTESIAN_POINT('',(4.05,-0.639167521,4.182349058));
#3044=CARTESIAN_POINT('',(4.05,-0.637902349,4.18230401));
#3045=CARTESIAN_POINT('',(4.05,-0.637381846,4.182285477));
#3046=CARTESIAN_POINT('',(4.05,-0.63660109,4.182257677));
#3047=CARTESIAN_POINT('',(4.05,-0.636340838,4.182248415));
#3048=CARTESIAN_POINT('',(4.05,-0.635820335,4.182229873));
#3049=CARTESIAN_POINT('',(4.05,-0.635560079,4.18222071));
#3050=CARTESIAN_POINT('',(4.05,-0.634962937,4.182199221));
#3051=CARTESIAN_POINT('',(4.05,-0.634626041,4.182187094));
#3052=CARTESIAN_POINT('',(4.05,-0.633952283,4.182162069));
#3053=CARTESIAN_POINT('',(4.05,-0.633615414,4.182149298));
#3054=CARTESIAN_POINT('',(4.05,-0.63260484,4.182110211));
#3055=CARTESIAN_POINT('',(4.05,-0.631931167,4.182083119));
#3056=CARTESIAN_POINT('',(4.05,-0.629910292,4.181998742));
#3057=CARTESIAN_POINT('',(4.05,-0.628563227,4.181938358));
#3058=CARTESIAN_POINT('',(4.05,-0.624522668,4.181744809));
#3059=CARTESIAN_POINT('',(4.05,-0.621829801,4.181599248));
#3060=CARTESIAN_POINT('',(4.05,-0.613754313,4.181113016));
#3061=CARTESIAN_POINT('',(4.05,-0.608374784,4.180722793));
#3062=CARTESIAN_POINT('',(4.05,-0.592253275,4.179354288));
#3063=CARTESIAN_POINT('',(4.05,-0.581528323,4.178178127));
#3064=CARTESIAN_POINT('',(4.05,-0.549459592,4.17386242));
#3065=CARTESIAN_POINT('',(4.05,-0.528221892,4.169934974));
#3066=CARTESIAN_POINT('',(4.05,-0.465240572,4.155058754));
#3067=CARTESIAN_POINT('',(4.05,-0.424236357,4.141008279));
#3068=CARTESIAN_POINT('',(4.05,-0.306498623,4.087254737));
#3069=CARTESIAN_POINT('',(4.05,-0.235162601,4.03582598));
#3070=CARTESIAN_POINT('',(4.05,-0.117556039,3.90953517));
#3071=CARTESIAN_POINT('',(4.05,-0.071331092,3.834722075));
#3072=CARTESIAN_POINT('',(4.05,-0.011006216,3.67303855));
#3073=CARTESIAN_POINT('',(4.05,0.003070906,3.586246514));
#3074=CARTESIAN_POINT('',(4.05,-0.,3.5));
#3075=(BOUNDED_SURFACE()
B_SPLINE_SURFACE(3,3,((#2837,#2838,#2839,#2840,#2841,#2842,#2843,#2844,#2845,#2846,#2847,#2848,#2849,#2850,#2851,#2852,#2853,#2854,#2855,#2856,#2857,#2858,#2859,#2860,#2861,#2862,
#2863,#2864,#2865,#2866,#2867,#2868,#2869,#2870),(#2871,#2872,#2873,#2874,#2875,#2876,#2877,#2878,#2879,#2880,#2881,#2882,#2883,#2884,#2885,#2886,#2887,#2888,#2889,#2890,#2891,#2892,#2893,#2894,#2895,#2896,
#2897,#2898,#2899,#2900,#2901,#2902,#2903,#2904),(#2905,#2906,#2907,#2908,#2909,#2910,#2911,#2912,#2913,#2914,#2915,#2916,#2917,#2918,#2919,#2920,#2921,#2922,#2923,#2924,#2925,#2926,#2927,#2928,#2929,#2930,
#2931,#2932,#2933,#2934,#2935,#2936,#2937,#2938),(#2939,#2940,#2941,#2942,#2943,#2944,#2945,#2946,#2947,#2948,#2949,#2950,#2951,#2952,#2953,#2954,#2955,#2956,#2957,#2958,#2959,#2960,#2961,#2962,#2963,#2964,
#2965,#2966,#2967,#2968,#2969,#2970,#2971,#2972),(#2973,#2974,#2975,#2976,#2977,#2978,#2979,#2980,#2981,#2982,#2983,#2984,#2985,#2986,#2987,#2988,#2989,#2990,#2991,#2992,#2993,#2994,#2995,#2996,#2997,#2998,
#2999,#3000,#3001,#3002,#3003,#3004,#3005,#3006),(#3007,#3008,#3009,#3010,#3011,#3012,#3013,#3014,#3015,#3016,#3017,#3018,#3019,#3020,#3021,#3022,#3023,#3024,#3025,#3026,#3027,#3028,#3029,#3030,#3031,#3032,
#3033,#3034,#3035,#3036,#3037,#3038,#3039,#3040),(#3041,#3042,#3043,#3044,#3045,#3046,#3047,#3048,#3049,#3050,#3051,#3052,#3053,#3054,#3055,#3056,#3057,#3058,#3059,#3060,#3061,#3062,#3063,#3064,#3065,#3066,
#3067,#3068,#3069,#3070,#3071,#3072,#3073,#3074)),.UNSPECIFIED.,.T.,.F.,.U.)
B_SPLINE_SURFACE_WITH_KNOTS((4,3,4),(4,2,2,2,2,2,2,2,2,2,2,2,2,2,2,2,4),(0.,0.5,1.),(-0.005176085,-0.003017536,-0.001508768,-0.000754384,0.,0.000976562,0.001953125,0.00390625,0.0078125,0.015625,0.03125,0.0625,0.125,0.25,0.5,0.75,1.),.UNSPECIFIED.)
GEOMETRIC_REPRESENTATION_ITEM()
RATIONAL_B_SPLINE_SURFACE(((1.,1.,1.,1.,1.,1.,1.,1.,1.,1.,1.,1.,1.,1.,1.,1.,1.,1.,1.,1.,1.,1.,1.,1.,1.,1.,
1.,1.,1.,1.,1.,1.,1.,1.),(0.333333333,0.333333333,0.333333333,0.333333333,0.333333333,0.333333333,0.333333333,0.333333333,0.333333333,0.333333333,0.333333333,0.333333333,0.333333333,0.333333333,0.333333333,0.333333333,0.333333333,0.333333333,0.333333333,0.333333333,0.333333333,0.333333333,0.333333333,0.333333333,0.333333333,0.333333333,
0.333333333,0.333333333,0.333333333,0.333333333,0.333333333,0.333333333,0.333333333,0.333333333),(0.333333333,0.333333333,0.333333333,0.333333333,0.333333333,0.333333333,0.333333333,0.333333333,0.333333333,0.333333333,0.333333333,0.333333333,0.333333333,0.333333333,0.333333333,0.333333333,0.333333333,0.333333333,0.333333333,0.333333333,0.333333333,0.333333333,0.333333333,0.333333333,0.333333333,0.333333333,
0.333333333,0.333333333,0.333333333,0.333333333,0.333333333,0.333333333,0.333333333,0.333333333),(1.,1.,1.,1.,1.,1.,1.,1.,1.,1.,1.,1.,1.,1.,1.,1.,1.,1.,1.,1.,1.,1.,1.,1.,1.,1.,
1.,1.,1.,1.,1.,1.,1.,1.),(0.333333333,0.333333333,0.333333333,0.333333333,0.333333333,0.333333333,0.333333333,0.333333333,0.333333333,0.333333333,0.333333333,0.333333333,0.333333333,0.333333333,0.333333333,0.333333333,0.333333333,0.333333333,0.333333333,0.333333333,0.333333333,0.333333333,0.333333333,0.333333333,0.333333333,0.333333333,
0.333333333,0.333333333,0.333333333,0.333333333,0.333333333,0.333333333,0.333333333,0.333333333),(0.333333333,0.333333333,0.333333333,0.333333333,0.333333333,0.333333333,0.333333333,0.333333333,0.333333333,0.333333333,0.333333333,0.333333333,0.333333333,0.333333333,0.333333333,0.333333333,0.333333333,0.333333333,0.333333333,0.333333333,0.333333333,0.333333333,0.333333333,0.333333333,0.333333333,0.333333333,
0.333333333,0.333333333,0.333333333,0.333333333,0.333333333,0.333333333,0.333333333,0.333333333),(1.,1.,1.,1.,1.,1.,1.,1.,1.,1.,1.,1.,1.,1.,1.,1.,1.,1.,1.,1.,1.,1.,1.,1.,1.,1.,
1.,1.,1.,1.,1.,1.,1.,1.)))
REPRESENTATION_ITEM('')
SURFACE()
);
#3076=CARTESIAN_POINT('',(4.05,-0.635299832,4.182211344));
#3077=VERTEX_POINT('',#3076);
#3078=CARTESIAN_POINT('',(4.05,-0.,3.5));
#3079=CARTESIAN_POINT('',(4.05,0.003070906,3.586246514));
#3080=CARTESIAN_POINT('',(4.05,-0.011006216,3.67303855));
#3081=CARTESIAN_POINT('',(4.05,-0.071331092,3.834722075));
#3082=CARTESIAN_POINT('',(4.05,-0.117556039,3.90953517));
#3083=CARTESIAN_POINT('',(4.05,-0.235162601,4.03582598));
#3084=CARTESIAN_POINT('',(4.05,-0.306498623,4.087254737));
#3085=CARTESIAN_POINT('',(4.05,-0.424236357,4.141008279));
#3086=CARTESIAN_POINT('',(4.05,-0.465240572,4.155058754));
#3087=CARTESIAN_POINT('',(4.05,-0.528221892,4.169934974));
#3088=CARTESIAN_POINT('',(4.05,-0.549459592,4.17386242));
#3089=CARTESIAN_POINT('',(4.05,-0.581528323,4.178178127));
#3090=CARTESIAN_POINT('',(4.05,-0.592253275,4.179354288));
#3091=CARTESIAN_POINT('',(4.05,-0.608374784,4.180722793));
#3092=CARTESIAN_POINT('',(4.05,-0.613754313,4.181113016));
#3093=CARTESIAN_POINT('',(4.05,-0.621829801,4.181599248));
#3094=CARTESIAN_POINT('',(4.05,-0.624522668,4.181744809));
#3095=CARTESIAN_POINT('',(4.05,-0.628563227,4.181938358));
#3096=CARTESIAN_POINT('',(4.05,-0.629910292,4.181998742));
#3097=CARTESIAN_POINT('',(4.05,-0.631931167,4.182083119));
#3098=CARTESIAN_POINT('',(4.05,-0.63260484,4.182110211));
#3099=CARTESIAN_POINT('',(4.05,-0.633615414,4.182149298));
#3100=CARTESIAN_POINT('',(4.05,-0.633952283,4.182162069));
#3101=CARTESIAN_POINT('',(4.05,-0.634626041,4.182187094));
#3102=CARTESIAN_POINT('',(4.05,-0.634962937,4.182199221));
#3103=CARTESIAN_POINT('',(4.05,-0.635299832,4.182211344));
#3104=B_SPLINE_CURVE_WITH_KNOTS('',3,(#3078,#3079,#3080,#3081,#3082,#3083,#3084,#3085,#3086,#3087,#3088,#3089,#3090,#3091,#3092,#3093,#3094,#3095,#3096,#3097,#3098,#3099,#3100,#3101,#3102,#3103),.UNSPECIFIED.,.F.,.F.,(4,2,2,2,2,2,2,2,2,2,2,2,4),(-0.193122283,0.056877717,0.306877717,0.556877717,0.681877717,0.744377717,0.775627717,0.791252717,0.799065217,0.802971467,0.804924592,0.805901155,0.806877717),.UNSPECIFIED.);
#3105=EDGE_CURVE('',#639,#3077,#3104,.T.);
#3106=ORIENTED_EDGE('',*,*,#3105,.F.);
#3107=ORIENTED_EDGE('',*,*,#657,.F.);
#3108=ORIENTED_EDGE('',*,*,#2803,.T.);
#3109=ORIENTED_EDGE('',*,*,#3105,.T.);
#3110=CARTESIAN_POINT('',(3.45,-0.635299832,4.182211344));
#3111=VERTEX_POINT('',#3110);
#3112=CARTESIAN_POINT('',(4.05,-0.635299832,4.182211344));
#3113=CARTESIAN_POINT('',(4.049999879,-0.636729789,4.10293782));
#3114=CARTESIAN_POINT('',(4.017527171,-0.638273245,4.02536673));
#3115=CARTESIAN_POINT('',(3.961925238,-0.639445124,3.969872715));
#3116=CARTESIAN_POINT('',(3.906323304,-0.640617002,3.914378699));
#3117=CARTESIAN_POINT('',(3.828006815,-0.641381354,3.882166908));
#3118=CARTESIAN_POINT('',(3.749842083,-0.641443407,3.882211386));
#3119=CARTESIAN_POINT('',(3.671677351,-0.641505459,3.882255863));
#3120=CARTESIAN_POINT('',(3.593476056,-0.640625982,3.914450591));
#3121=CARTESIAN_POINT('',(3.537829022,-0.639439883,3.970118261));
#3122=CARTESIAN_POINT('',(3.523917264,-0.639143358,3.984035178));
#3123=CARTESIAN_POINT('',(3.511319977,-0.638814015,3.999417108));
#3124=CARTESIAN_POINT('',(3.500471579,-0.638479309,4.015671358));
#3125=CARTESIAN_POINT('',(3.48962318,-0.638144604,4.031925609));
#3126=CARTESIAN_POINT('',(3.480348473,-0.638883259,4.049250486));
#3127=CARTESIAN_POINT('',(3.47278648,-0.63744422,4.067526278));
#3128=CARTESIAN_POINT('',(3.465224487,-0.636005182,4.085802069));
#3129=CARTESIAN_POINT('',(3.459564415,-0.636720809,4.104562908));
#3130=CARTESIAN_POINT('',(3.455754126,-0.636364611,4.123736003));
#3131=CARTESIAN_POINT('',(3.451943837,-0.636008412,4.142909099));
#3132=CARTESIAN_POINT('',(3.450000001,-0.635661628,4.162116807));
#3133=CARTESIAN_POINT('',(3.45,-0.635299832,4.182211344));
#3134=B_SPLINE_CURVE_WITH_KNOTS('',3,(#3112,#3113,#3114,#3115,#3116,#3117,#3118,#3119,#3120,#3121,#3122,#3123,#3124,#3125,#3126,#3127,#3128,#3129,#3130,#3131,#3132,#3133),.UNSPECIFIED.,.F.,.F.,(4,3,3,3,3,3,3,4),(-0.000018275,0.000216209,0.000450693,0.000685177,0.000743798,0.000802419,0.00086104,0.000919661),.UNSPECIFIED.);
#3135=EDGE_CURVE('',#3077,#3111,#3134,.T.);
#3136=ORIENTED_EDGE('',*,*,#3135,.T.);
#3137=CARTESIAN_POINT('',(3.75,-0.629960778,4.482211349));
#3138=VERTEX_POINT('',#3137);
#3139=CARTESIAN_POINT('',(4.05,-0.635299832,4.182211344));
#3140=CARTESIAN_POINT('',(4.049999879,-0.633881282,4.26148357));
#3141=CARTESIAN_POINT('',(4.017526991,-0.632479426,4.339056754));
#3142=CARTESIAN_POINT('',(3.961924069,-0.631520727,4.39455114));
#3143=CARTESIAN_POINT('',(3.906321147,-0.630562027,4.450045526));
#3144=CARTESIAN_POINT('',(3.828004672,-0.630044313,4.482255862));
#3145=CARTESIAN_POINT('',(3.749841691,-0.629960608,4.482211303));
#3146=CARTESIAN_POINT('',(3.67167871,-0.629876902,4.482166743));
#3147=CARTESIAN_POINT('',(3.593477328,-0.630552029,4.449973121));
#3148=CARTESIAN_POINT('',(3.53782949,-0.631525109,4.394304896));
#3149=CARTESIAN_POINT('',(3.52391753,-0.631768379,4.38038784));
#3150=CARTESIAN_POINT('',(3.511319953,-0.632046563,4.365005585));
#3151=CARTESIAN_POINT('',(3.500471417,-0.63233585,4.348751088));
#3152=CARTESIAN_POINT('',(3.489622882,-0.632625138,4.332496592));
#3153=CARTESIAN_POINT('',(3.480347843,-0.63173962,4.31517083));
#3154=CARTESIAN_POINT('',(3.472786149,-0.633252393,4.296895611));
#3155=CARTESIAN_POINT('',(3.465224455,-0.634765166,4.278620392));
#3156=CARTESIAN_POINT('',(3.459564125,-0.633917839,4.259858766));
#3157=CARTESIAN_POINT('',(3.455753953,-0.634259071,4.240685816));
#3158=CARTESIAN_POINT('',(3.451943781,-0.634600304,4.221512865));
#3159=CARTESIAN_POINT('',(3.449999999,-0.634940914,4.202305399));
#3160=CARTESIAN_POINT('',(3.45,-0.635299832,4.182211344));
#3161=B_SPLINE_CURVE_WITH_KNOTS('',3,(#3139,#3140,#3141,#3142,#3143,#3144,#3145,#3146,#3147,#3148,#3149,#3150,#3151,#3152,#3153,#3154,#3155,#3156,#3157,#3158,#3159,#3160),.UNSPECIFIED.,.F.,.F.,(4,3,3,3,3,3,3,4),(-0.000018275,0.000216204,0.000450683,0.000685162,0.000743781,0.000802401,0.000861021,0.000919641),.UNSPECIFIED.);
#3162=EDGE_CURVE('',#3138,#3111,#3161,.T.);
#3163=ORIENTED_EDGE('',*,*,#3162,.F.);
#3164=CARTESIAN_POINT('',(4.05,-0.635299832,4.182211344));
#3165=CARTESIAN_POINT('',(4.049999879,-0.633881282,4.26148357));
#3166=CARTESIAN_POINT('',(4.017526991,-0.632479426,4.339056754));
#3167=CARTESIAN_POINT('',(3.961924069,-0.631520727,4.39455114));
#3168=CARTESIAN_POINT('',(3.906321147,-0.630562027,4.450045526));
#3169=CARTESIAN_POINT('',(3.828004672,-0.630044313,4.482255862));
#3170=CARTESIAN_POINT('',(3.749841691,-0.629960608,4.482211303));
#3171=CARTESIAN_POINT('',(3.67167871,-0.629876902,4.482166743));
#3172=CARTESIAN_POINT('',(3.593477328,-0.630552029,4.449973121));
#3173=CARTESIAN_POINT('',(3.53782949,-0.631525109,4.394304896));
#3174=CARTESIAN_POINT('',(3.52391753,-0.631768379,4.38038784));
#3175=CARTESIAN_POINT('',(3.511319953,-0.632046563,4.365005585));
#3176=CARTESIAN_POINT('',(3.500471417,-0.63233585,4.348751088));
#3177=CARTESIAN_POINT('',(3.489622882,-0.632625138,4.332496592));
#3178=CARTESIAN_POINT('',(3.480347843,-0.63173962,4.31517083));
#3179=CARTESIAN_POINT('',(3.472786149,-0.633252393,4.296895611));
#3180=CARTESIAN_POINT('',(3.465224455,-0.634765166,4.278620392));
#3181=CARTESIAN_POINT('',(3.459564125,-0.633917839,4.259858766));
#3182=CARTESIAN_POINT('',(3.455753953,-0.634259071,4.240685816));
#3183=CARTESIAN_POINT('',(3.451943781,-0.634600304,4.221512865));
#3184=CARTESIAN_POINT('',(3.449999999,-0.634940914,4.202305399));
#3185=CARTESIAN_POINT('',(3.45,-0.635299832,4.182211344));
#3186=B_SPLINE_CURVE_WITH_KNOTS('',3,(#3164,#3165,#3166,#3167,#3168,#3169,#3170,#3171,#3172,#3173,#3174,#3175,#3176,#3177,#3178,#3179,#3180,#3181,#3182,#3183,#3184,#3185),.UNSPECIFIED.,.F.,.F.,(4,3,3,3,3,3,3,4),(-0.000018275,0.000216204,0.000450683,0.000685162,0.000743781,0.000802401,0.000861021,0.000919641),.UNSPECIFIED.);
#3187=EDGE_CURVE('',#3077,#3138,#3186,.T.);
#3188=ORIENTED_EDGE('',*,*,#3187,.F.);
#3189=EDGE_LOOP('',(#3106,#3107,#3108,#3109,#3136,#3163,#3188));
#3190=FACE_BOUND('',#3189,.T.);
#3191=ADVANCED_FACE('',(#3190),#3075,.F.);
#3192=OVER_RIDING_STYLED_ITEM('',(#86),#3191,#54);
#3193=CARTESIAN_POINT('',(3.75,-5.7,4.182211344));
#3194=DIRECTION('',(0.,1.,0.));
#3195=DIRECTION('',(0.,-0.,1.));
#3196=AXIS2_PLACEMENT_3D('',#3193,#3194,#3195);
#3197=CYLINDRICAL_SURFACE('',#3196,0.3);
#3198=CARTESIAN_POINT('',(3.75,-0.629960778,4.482211344));
#3199=DIRECTION('',(-0.,-1.,-0.));
#3200=VECTOR('',#3199,5.070039222);
#3201=LINE('',#3198,#3200);
#3202=EDGE_CURVE('',#3138,#2818,#3201,.T.);
#3203=ORIENTED_EDGE('',*,*,#3202,.T.);
#3204=ORIENTED_EDGE('',*,*,#2824,.F.);
#3205=ORIENTED_EDGE('',*,*,#2831,.F.);
#3206=ORIENTED_EDGE('',*,*,#3202,.F.);
#3207=ORIENTED_EDGE('',*,*,#3162,.T.);
#3208=ORIENTED_EDGE('',*,*,#3135,.F.);
#3209=ORIENTED_EDGE('',*,*,#3187,.T.);
#3210=EDGE_LOOP('',(#3203,#3204,#3205,#3206,#3207,#3208,#3209));
#3211=FACE_BOUND('',#3210,.T.);
#3212=ADVANCED_FACE('',(#3211),#3197,.T.);
#3213=OVER_RIDING_STYLED_ITEM('',(#86),#3212,#54);
#3214=CARTESIAN_POINT('',(10.,-4.179562762,3.648818177));
#3215=DIRECTION('',(0.,0.03558361,0.999366703));
#3216=DIRECTION('',(1.,0.,0.));
#3217=AXIS2_PLACEMENT_3D('',#3214,#3215,#3216);
#3218=PLANE('',#3217);
#3219=CARTESIAN_POINT('',(6.25,-0.,3.5));
#3220=DIRECTION('',(-0.,0.03558361,0.999366703));
#3221=DIRECTION('',(1.,0.,0.));
#3222=AXIS2_PLACEMENT_3D('',#3219,#3220,#3221);
#3223=CIRCLE('',#3222,0.3);
#3224=EDGE_CURVE('',#559,#561,#3223,.T.);
#3225=ORIENTED_EDGE('',*,*,#3224,.F.);
#3226=ORIENTED_EDGE('',*,*,#566,.T.);
#3227=EDGE_LOOP('',(#3225,#3226));
#3228=FACE_BOUND('',#3227,.T.);
#3229=ADVANCED_FACE('',(#3228),#3218,.F.);
#3230=OVER_RIDING_STYLED_ITEM('',(#86),#3229,#54);
#3231=CARTESIAN_POINT('',(10.,-5.7,0.));
#3232=DIRECTION('',(0.,-1.,0.));
#3233=DIRECTION('',(1.,0.,0.));
#3234=AXIS2_PLACEMENT_3D('',#3231,#3232,#3233);
#3235=PLANE('',#3234);
#3236=CARTESIAN_POINT('',(6.55,-5.7,4.182211344));
#3237=VERTEX_POINT('',#3236);
#3238=CARTESIAN_POINT('',(6.25,-5.7,4.482211344));
#3239=VERTEX_POINT('',#3238);
#3240=CARTESIAN_POINT('',(6.25,-5.7,4.182211344));
#3241=DIRECTION('',(0.,-1.,0.));
#3242=DIRECTION('',(1.,0.,0.));
#3243=AXIS2_PLACEMENT_3D('',#3240,#3241,#3242);
#3244=CIRCLE('',#3243,0.3);
#3245=EDGE_CURVE('',#3237,#3239,#3244,.T.);
#3246=ORIENTED_EDGE('',*,*,#3245,.T.);
#3247=CARTESIAN_POINT('',(6.25,-5.7,4.182211344));
#3248=DIRECTION('',(0.,-1.,0.));
#3249=DIRECTION('',(1.,0.,0.));
#3250=AXIS2_PLACEMENT_3D('',#3247,#3248,#3249);
#3251=CIRCLE('',#3250,0.3);
#3252=EDGE_CURVE('',#3239,#3237,#3251,.T.);
#3253=ORIENTED_EDGE('',*,*,#3252,.T.);
#3254=EDGE_LOOP('',(#3246,#3253));
#3255=FACE_BOUND('',#3254,.T.);
#3256=ADVANCED_FACE('',(#3255),#3235,.T.);
#3257=OVER_RIDING_STYLED_ITEM('',(#86),#3256,#54);
#3258=CARTESIAN_POINT('',(6.55,-0.640656859,4.182402087));
#3259=CARTESIAN_POINT('',(6.55,-0.63991219,4.182375573));
#3260=CARTESIAN_POINT('',(6.55,-0.639167521,4.182349058));
#3261=CARTESIAN_POINT('',(6.55,-0.637902349,4.18230401));
#3262=CARTESIAN_POINT('',(6.55,-0.637381846,4.182285477));
#3263=CARTESIAN_POINT('',(6.55,-0.63660109,4.182257677));
#3264=CARTESIAN_POINT('',(6.55,-0.636340838,4.182248415));
#3265=CARTESIAN_POINT('',(6.55,-0.635820335,4.182229873));
#3266=CARTESIAN_POINT('',(6.55,-0.635560079,4.18222071));
#3267=CARTESIAN_POINT('',(6.55,-0.634962937,4.182199221));
#3268=CARTESIAN_POINT('',(6.55,-0.634626041,4.182187094));
#3269=CARTESIAN_POINT('',(6.55,-0.633952283,4.182162069));
#3270=CARTESIAN_POINT('',(6.55,-0.633615414,4.182149298));
#3271=CARTESIAN_POINT('',(6.55,-0.63260484,4.182110211));
#3272=CARTESIAN_POINT('',(6.55,-0.631931167,4.182083119));
#3273=CARTESIAN_POINT('',(6.55,-0.629910292,4.181998742));
#3274=CARTESIAN_POINT('',(6.55,-0.628563227,4.181938358));
#3275=CARTESIAN_POINT('',(6.55,-0.624522668,4.181744809));
#3276=CARTESIAN_POINT('',(6.55,-0.621829801,4.181599248));
#3277=CARTESIAN_POINT('',(6.55,-0.613754313,4.181113016));
#3278=CARTESIAN_POINT('',(6.55,-0.608374784,4.180722793));
#3279=CARTESIAN_POINT('',(6.55,-0.592253275,4.179354288));
#3280=CARTESIAN_POINT('',(6.55,-0.581528323,4.178178127));
#3281=CARTESIAN_POINT('',(6.55,-0.549459592,4.17386242));
#3282=CARTESIAN_POINT('',(6.55,-0.528221892,4.169934974));
#3283=CARTESIAN_POINT('',(6.55,-0.465240572,4.155058754));
#3284=CARTESIAN_POINT('',(6.55,-0.424236357,4.141008279));
#3285=CARTESIAN_POINT('',(6.55,-0.306498623,4.087254737));
#3286=CARTESIAN_POINT('',(6.55,-0.235162601,4.03582598));
#3287=CARTESIAN_POINT('',(6.55,-0.117556039,3.90953517));
#3288=CARTESIAN_POINT('',(6.55,-0.071331092,3.834722075));
#3289=CARTESIAN_POINT('',(6.55,-0.011006216,3.67303855));
#3290=CARTESIAN_POINT('',(6.55,0.003070906,3.586246514));
#3291=CARTESIAN_POINT('',(6.55,-0.,3.5));
#3292=CARTESIAN_POINT('',(6.55,-0.619306693,4.782022109));
#3293=CARTESIAN_POINT('',(6.55,-0.618562024,4.781995594));
#3294=CARTESIAN_POINT('',(6.55,-0.617817355,4.78196908));
#3295=CARTESIAN_POINT('',(6.55,-0.616552183,4.781924032));
#3296=CARTESIAN_POINT('',(6.55,-0.61603168,4.781905499));
#3297=CARTESIAN_POINT('',(6.55,-0.615250924,4.781877699));
#3298=CARTESIAN_POINT('',(6.55,-0.615016582,4.781869364));
#3299=CARTESIAN_POINT('',(6.55,-0.61444426,4.781848968));
#3300=CARTESIAN_POINT('',(6.55,-0.614328355,4.781845038));
#3301=CARTESIAN_POINT('',(6.55,-0.613459447,4.781813667));
#3302=CARTESIAN_POINT('',(6.55,-0.61266257,4.781785043));
#3303=CARTESIAN_POINT('',(6.55,-0.611375535,4.78173724));
#3304=CARTESIAN_POINT('',(6.55,-0.610732037,4.781712844));
#3305=CARTESIAN_POINT('',(6.55,-0.608801608,4.781638177));
#3306=CARTESIAN_POINT('',(6.55,-0.607514738,4.781586425));
#3307=CARTESIAN_POINT('',(6.55,-0.603654397,4.781425247));
#3308=CARTESIAN_POINT('',(6.55,-0.601081191,4.781309899));
#3309=CARTESIAN_POINT('',(6.55,-0.593362789,4.780940176));
#3310=CARTESIAN_POINT('',(6.55,-0.588218791,4.780662121));
#3311=CARTESIAN_POINT('',(6.55,-0.57279274,4.779733305));
#3312=CARTESIAN_POINT('',(6.55,-0.562516594,4.778987889));
#3313=CARTESIAN_POINT('',(6.55,-0.531720781,4.776373728));
#3314=CARTESIAN_POINT('',(6.55,-0.51123364,4.774126988));
#3315=CARTESIAN_POINT('',(6.55,-0.449974945,4.765882989));
#3316=CARTESIAN_POINT('',(6.55,-0.409406023,4.758380658));
#3317=CARTESIAN_POINT('',(6.55,-0.289097128,4.729963635));
#3318=CARTESIAN_POINT('',(6.55,-0.210769588,4.703123977));
#3319=CARTESIAN_POINT('',(6.55,0.014136728,4.600442273));
#3320=CARTESIAN_POINT('',(6.55,0.150405037,4.502201447));
#3321=CARTESIAN_POINT('',(6.55,0.375060784,4.260956776));
#3322=CARTESIAN_POINT('',(6.55,0.463361131,4.118046453));
#3323=CARTESIAN_POINT('',(6.55,0.578595601,3.809193506));
#3324=CARTESIAN_POINT('',(6.55,0.605486163,3.643400633));
#3325=CARTESIAN_POINT('',(6.55,0.599620022,3.478649834));
#3326=CARTESIAN_POINT('',(5.95,-0.619306693,4.782022109));
#3327=CARTESIAN_POINT('',(5.95,-0.618562024,4.781995594));
#3328=CARTESIAN_POINT('',(5.95,-0.617817355,4.78196908));
#3329=CARTESIAN_POINT('',(5.95,-0.616552183,4.781924032));
#3330=CARTESIAN_POINT('',(5.95,-0.61603168,4.781905499));
#3331=CARTESIAN_POINT('',(5.95,-0.615250924,4.781877699));
#3332=CARTESIAN_POINT('',(5.95,-0.615016582,4.781869364));
#3333=CARTESIAN_POINT('',(5.95,-0.61444426,4.781848968));
#3334=CARTESIAN_POINT('',(5.95,-0.614328355,4.781845038));
#3335=CARTESIAN_POINT('',(5.95,-0.613459447,4.781813667));
#3336=CARTESIAN_POINT('',(5.95,-0.61266257,4.781785043));
#3337=CARTESIAN_POINT('',(5.95,-0.611375535,4.78173724));
#3338=CARTESIAN_POINT('',(5.95,-0.610732037,4.781712844));
#3339=CARTESIAN_POINT('',(5.95,-0.608801608,4.781638177));
#3340=CARTESIAN_POINT('',(5.95,-0.607514738,4.781586425));
#3341=CARTESIAN_POINT('',(5.95,-0.603654397,4.781425247));
#3342=CARTESIAN_POINT('',(5.95,-0.601081191,4.781309899));
#3343=CARTESIAN_POINT('',(5.95,-0.593362789,4.780940176));
#3344=CARTESIAN_POINT('',(5.95,-0.588218791,4.780662121));
#3345=CARTESIAN_POINT('',(5.95,-0.57279274,4.779733305));
#3346=CARTESIAN_POINT('',(5.95,-0.562516594,4.778987889));
#3347=CARTESIAN_POINT('',(5.95,-0.531720781,4.776373728));
#3348=CARTESIAN_POINT('',(5.95,-0.51123364,4.774126988));
#3349=CARTESIAN_POINT('',(5.95,-0.449974945,4.765882989));
#3350=CARTESIAN_POINT('',(5.95,-0.409406023,4.758380658));
#3351=CARTESIAN_POINT('',(5.95,-0.289097128,4.729963635));
#3352=CARTESIAN_POINT('',(5.95,-0.210769588,4.703123977));
#3353=CARTESIAN_POINT('',(5.95,0.014136728,4.600442273));
#3354=CARTESIAN_POINT('',(5.95,0.150405037,4.502201447));
#3355=CARTESIAN_POINT('',(5.95,0.375060784,4.260956776));
#3356=CARTESIAN_POINT('',(5.95,0.463361131,4.118046453));
#3357=CARTESIAN_POINT('',(5.95,0.578595601,3.809193506));
#3358=CARTESIAN_POINT('',(5.95,0.605486163,3.643400633));
#3359=CARTESIAN_POINT('',(5.95,0.599620022,3.478649834));
#3360=CARTESIAN_POINT('',(5.95,-0.640656859,4.182402087));
#3361=CARTESIAN_POINT('',(5.95,-0.63991219,4.182375573));
#3362=CARTESIAN_POINT('',(5.95,-0.639167521,4.182349058));
#3363=CARTESIAN_POINT('',(5.95,-0.637902349,4.18230401));
#3364=CARTESIAN_POINT('',(5.95,-0.637381846,4.182285477));
#3365=CARTESIAN_POINT('',(5.95,-0.63660109,4.182257677));
#3366=CARTESIAN_POINT('',(5.95,-0.636340838,4.182248415));
#3367=CARTESIAN_POINT('',(5.95,-0.635820335,4.182229873));
#3368=CARTESIAN_POINT('',(5.95,-0.635560079,4.18222071));
#3369=CARTESIAN_POINT('',(5.95,-0.634962937,4.182199221));
#3370=CARTESIAN_POINT('',(5.95,-0.634626041,4.182187094));
#3371=CARTESIAN_POINT('',(5.95,-0.633952283,4.182162069));
#3372=CARTESIAN_POINT('',(5.95,-0.633615414,4.182149298));
#3373=CARTESIAN_POINT('',(5.95,-0.63260484,4.182110211));
#3374=CARTESIAN_POINT('',(5.95,-0.631931167,4.182083119));
#3375=CARTESIAN_POINT('',(5.95,-0.629910292,4.181998742));
#3376=CARTESIAN_POINT('',(5.95,-0.628563227,4.181938358));
#3377=CARTESIAN_POINT('',(5.95,-0.624522668,4.181744809));
#3378=CARTESIAN_POINT('',(5.95,-0.621829801,4.181599248));
#3379=CARTESIAN_POINT('',(5.95,-0.613754313,4.181113016));
#3380=CARTESIAN_POINT('',(5.95,-0.608374784,4.180722793));
#3381=CARTESIAN_POINT('',(5.95,-0.592253275,4.179354288));
#3382=CARTESIAN_POINT('',(5.95,-0.581528323,4.178178127));
#3383=CARTESIAN_POINT('',(5.95,-0.549459592,4.17386242));
#3384=CARTESIAN_POINT('',(5.95,-0.528221892,4.169934974));
#3385=CARTESIAN_POINT('',(5.95,-0.465240572,4.155058754));
#3386=CARTESIAN_POINT('',(5.95,-0.424236357,4.141008279));
#3387=CARTESIAN_POINT('',(5.95,-0.306498623,4.087254737));
#3388=CARTESIAN_POINT('',(5.95,-0.235162601,4.03582598));
#3389=CARTESIAN_POINT('',(5.95,-0.117556039,3.90953517));
#3390=CARTESIAN_POINT('',(5.95,-0.071331092,3.834722075));
#3391=CARTESIAN_POINT('',(5.95,-0.011006216,3.67303855));
#3392=CARTESIAN_POINT('',(5.95,0.003070906,3.586246514));
#3393=CARTESIAN_POINT('',(5.95,-0.,3.5));
#3394=CARTESIAN_POINT('',(5.95,-0.662007025,3.582782066));
#3395=CARTESIAN_POINT('',(5.95,-0.661262356,3.582755551));
#3396=CARTESIAN_POINT('',(5.95,-0.660517687,3.582729036));
#3397=CARTESIAN_POINT('',(5.95,-0.659252515,3.582683988));
#3398=CARTESIAN_POINT('',(5.95,-0.658732012,3.582665455));
#3399=CARTESIAN_POINT('',(5.95,-0.657951256,3.582637655));
#3400=CARTESIAN_POINT('',(5.95,-0.657665095,3.582627467));
#3401=CARTESIAN_POINT('',(5.95,-0.657196411,3.582610778));
#3402=CARTESIAN_POINT('',(5.95,-0.656791804,3.582596381));
#3403=CARTESIAN_POINT('',(5.95,-0.656466426,3.582584775));
#3404=CARTESIAN_POINT('',(5.95,-0.656589512,3.582589146));
#3405=CARTESIAN_POINT('',(5.95,-0.65652903,3.582586899));
#3406=CARTESIAN_POINT('',(5.95,-0.65649879,3.582585753));
#3407=CARTESIAN_POINT('',(5.95,-0.656408072,3.582582244));
#3408=CARTESIAN_POINT('',(5.95,-0.656347597,3.582579812));
#3409=CARTESIAN_POINT('',(5.95,-0.656166186,3.582572238));
#3410=CARTESIAN_POINT('',(5.95,-0.656045262,3.582566817));
#3411=CARTESIAN_POINT('',(5.95,-0.655682547,3.582549442));
#3412=CARTESIAN_POINT('',(5.95,-0.655440812,3.582536376));
#3413=CARTESIAN_POINT('',(5.95,-0.654715887,3.582492727));
#3414=CARTESIAN_POINT('',(5.95,-0.654232974,3.582457697));
#3415=CARTESIAN_POINT('',(5.95,-0.652785768,3.582334849));
#3416=CARTESIAN_POINT('',(5.95,-0.651823005,3.582229266));
#3417=CARTESIAN_POINT('',(5.95,-0.64894424,3.581841851));
#3418=CARTESIAN_POINT('',(5.95,-0.647037761,3.58148929));
#3419=CARTESIAN_POINT('',(5.95,-0.641384016,3.580153873));
#3420=CARTESIAN_POINT('',(5.95,-0.637703125,3.578892581));
#3421=CARTESIAN_POINT('',(5.95,-0.627133974,3.574067201));
#3422=CARTESIAN_POINT('',(5.95,-0.620730239,3.569450514));
#3423=CARTESIAN_POINT('',(5.95,-0.610172863,3.558113564));
#3424=CARTESIAN_POINT('',(5.95,-0.606023314,3.551397698));
#3425=CARTESIAN_POINT('',(5.95,-0.600608034,3.536883594));
#3426=CARTESIAN_POINT('',(5.95,-0.599344351,3.529092395));
#3427=CARTESIAN_POINT('',(5.95,-0.599620022,3.521350166));
#3428=CARTESIAN_POINT('',(6.55,-0.662007025,3.582782066));
#3429=CARTESIAN_POINT('',(6.55,-0.661262356,3.582755551));
#3430=CARTESIAN_POINT('',(6.55,-0.660517687,3.582729036));
#3431=CARTESIAN_POINT('',(6.55,-0.659252515,3.582683988));
#3432=CARTESIAN_POINT('',(6.55,-0.658732012,3.582665455));
#3433=CARTESIAN_POINT('',(6.55,-0.657951256,3.582637655));
#3434=CARTESIAN_POINT('',(6.55,-0.657665095,3.582627467));
#3435=CARTESIAN_POINT('',(6.55,-0.657196411,3.582610778));
#3436=CARTESIAN_POINT('',(6.55,-0.656791804,3.582596381));
#3437=CARTESIAN_POINT('',(6.55,-0.656466426,3.582584775));
#3438=CARTESIAN_POINT('',(6.55,-0.656589512,3.582589146));
#3439=CARTESIAN_POINT('',(6.55,-0.65652903,3.582586899));
#3440=CARTESIAN_POINT('',(6.55,-0.65649879,3.582585753));
#3441=CARTESIAN_POINT('',(6.55,-0.656408072,3.582582244));
#3442=CARTESIAN_POINT('',(6.55,-0.656347597,3.582579812));
#3443=CARTESIAN_POINT('',(6.55,-0.656166186,3.582572238));
#3444=CARTESIAN_POINT('',(6.55,-0.656045262,3.582566817));
#3445=CARTESIAN_POINT('',(6.55,-0.655682547,3.582549442));
#3446=CARTESIAN_POINT('',(6.55,-0.655440812,3.582536376));
#3447=CARTESIAN_POINT('',(6.55,-0.654715887,3.582492727));
#3448=CARTESIAN_POINT('',(6.55,-0.654232974,3.582457697));
#3449=CARTESIAN_POINT('',(6.55,-0.652785768,3.582334849));
#3450=CARTESIAN_POINT('',(6.55,-0.651823005,3.582229266));
#3451=CARTESIAN_POINT('',(6.55,-0.64894424,3.581841851));
#3452=CARTESIAN_POINT('',(6.55,-0.647037761,3.58148929));
#3453=CARTESIAN_POINT('',(6.55,-0.641384016,3.580153873));
#3454=CARTESIAN_POINT('',(6.55,-0.637703125,3.578892581));
#3455=CARTESIAN_POINT('',(6.55,-0.627133974,3.574067201));
#3456=CARTESIAN_POINT('',(6.55,-0.620730239,3.569450514));
#3457=CARTESIAN_POINT('',(6.55,-0.610172863,3.558113564));
#3458=CARTESIAN_POINT('',(6.55,-0.606023314,3.551397698));
#3459=CARTESIAN_POINT('',(6.55,-0.600608034,3.536883594));
#3460=CARTESIAN_POINT('',(6.55,-0.599344351,3.529092395));
#3461=CARTESIAN_POINT('',(6.55,-0.599620022,3.521350166));
#3462=CARTESIAN_POINT('',(6.55,-0.640656859,4.182402087));
#3463=CARTESIAN_POINT('',(6.55,-0.63991219,4.182375573));
#3464=CARTESIAN_POINT('',(6.55,-0.639167521,4.182349058));
#3465=CARTESIAN_POINT('',(6.55,-0.637902349,4.18230401));
#3466=CARTESIAN_POINT('',(6.55,-0.637381846,4.182285477));
#3467=CARTESIAN_POINT('',(6.55,-0.63660109,4.182257677));
#3468=CARTESIAN_POINT('',(6.55,-0.636340838,4.182248415));
#3469=CARTESIAN_POINT('',(6.55,-0.635820335,4.182229873));
#3470=CARTESIAN_POINT('',(6.55,-0.635560079,4.18222071));
#3471=CARTESIAN_POINT('',(6.55,-0.634962937,4.182199221));
#3472=CARTESIAN_POINT('',(6.55,-0.634626041,4.182187094));
#3473=CARTESIAN_POINT('',(6.55,-0.633952283,4.182162069));
#3474=CARTESIAN_POINT('',(6.55,-0.633615414,4.182149298));
#3475=CARTESIAN_POINT('',(6.55,-0.63260484,4.182110211));
#3476=CARTESIAN_POINT('',(6.55,-0.631931167,4.182083119));
#3477=CARTESIAN_POINT('',(6.55,-0.629910292,4.181998742));
#3478=CARTESIAN_POINT('',(6.55,-0.628563227,4.181938358));
#3479=CARTESIAN_POINT('',(6.55,-0.624522668,4.181744809));
#3480=CARTESIAN_POINT('',(6.55,-0.621829801,4.181599248));
#3481=CARTESIAN_POINT('',(6.55,-0.613754313,4.181113016));
#3482=CARTESIAN_POINT('',(6.55,-0.608374784,4.180722793));
#3483=CARTESIAN_POINT('',(6.55,-0.592253275,4.179354288));
#3484=CARTESIAN_POINT('',(6.55,-0.581528323,4.178178127));
#3485=CARTESIAN_POINT('',(6.55,-0.549459592,4.17386242));
#3486=CARTESIAN_POINT('',(6.55,-0.528221892,4.169934974));
#3487=CARTESIAN_POINT('',(6.55,-0.465240572,4.155058754));
#3488=CARTESIAN_POINT('',(6.55,-0.424236357,4.141008279));
#3489=CARTESIAN_POINT('',(6.55,-0.306498623,4.087254737));
#3490=CARTESIAN_POINT('',(6.55,-0.235162601,4.03582598));
#3491=CARTESIAN_POINT('',(6.55,-0.117556039,3.90953517));
#3492=CARTESIAN_POINT('',(6.55,-0.071331092,3.834722075));
#3493=CARTESIAN_POINT('',(6.55,-0.011006216,3.67303855));
#3494=CARTESIAN_POINT('',(6.55,0.003070906,3.586246514));
#3495=CARTESIAN_POINT('',(6.55,-0.,3.5));
#3496=(BOUNDED_SURFACE()
B_SPLINE_SURFACE(3,3,((#3258,#3259,#3260,#3261,#3262,#3263,#3264,#3265,#3266,#3267,#3268,#3269,#3270,#3271,#3272,#3273,#3274,#3275,#3276,#3277,#3278,#3279,#3280,#3281,#3282,#3283,
#3284,#3285,#3286,#3287,#3288,#3289,#3290,#3291),(#3292,#3293,#3294,#3295,#3296,#3297,#3298,#3299,#3300,#3301,#3302,#3303,#3304,#3305,#3306,#3307,#3308,#3309,#3310,#3311,#3312,#3313,#3314,#3315,#3316,#3317,
#3318,#3319,#3320,#3321,#3322,#3323,#3324,#3325),(#3326,#3327,#3328,#3329,#3330,#3331,#3332,#3333,#3334,#3335,#3336,#3337,#3338,#3339,#3340,#3341,#3342,#3343,#3344,#3345,#3346,#3347,#3348,#3349,#3350,#3351,
#3352,#3353,#3354,#3355,#3356,#3357,#3358,#3359),(#3360,#3361,#3362,#3363,#3364,#3365,#3366,#3367,#3368,#3369,#3370,#3371,#3372,#3373,#3374,#3375,#3376,#3377,#3378,#3379,#3380,#3381,#3382,#3383,#3384,#3385,
#3386,#3387,#3388,#3389,#3390,#3391,#3392,#3393),(#3394,#3395,#3396,#3397,#3398,#3399,#3400,#3401,#3402,#3403,#3404,#3405,#3406,#3407,#3408,#3409,#3410,#3411,#3412,#3413,#3414,#3415,#3416,#3417,#3418,#3419,
#3420,#3421,#3422,#3423,#3424,#3425,#3426,#3427),(#3428,#3429,#3430,#3431,#3432,#3433,#3434,#3435,#3436,#3437,#3438,#3439,#3440,#3441,#3442,#3443,#3444,#3445,#3446,#3447,#3448,#3449,#3450,#3451,#3452,#3453,
#3454,#3455,#3456,#3457,#3458,#3459,#3460,#3461),(#3462,#3463,#3464,#3465,#3466,#3467,#3468,#3469,#3470,#3471,#3472,#3473,#3474,#3475,#3476,#3477,#3478,#3479,#3480,#3481,#3482,#3483,#3484,#3485,#3486,#3487,
#3488,#3489,#3490,#3491,#3492,#3493,#3494,#3495)),.UNSPECIFIED.,.T.,.F.,.U.)
B_SPLINE_SURFACE_WITH_KNOTS((4,3,4),(4,2,2,2,2,2,2,2,2,2,2,2,2,2,2,2,4),(0.,0.5,1.),(-0.005176085,-0.003017536,-0.001508768,-0.000754384,0.,0.000976562,0.001953125,0.00390625,0.0078125,0.015625,0.03125,0.0625,0.125,0.25,0.5,0.75,1.),.UNSPECIFIED.)
GEOMETRIC_REPRESENTATION_ITEM()
RATIONAL_B_SPLINE_SURFACE(((1.,1.,1.,1.,1.,1.,1.,1.,1.,1.,1.,1.,1.,1.,1.,1.,1.,1.,1.,1.,1.,1.,1.,1.,1.,1.,
1.,1.,1.,1.,1.,1.,1.,1.),(0.333333333,0.333333333,0.333333333,0.333333333,0.333333333,0.333333333,0.333333333,0.333333333,0.333333333,0.333333333,0.333333333,0.333333333,0.333333333,0.333333333,0.333333333,0.333333333,0.333333333,0.333333333,0.333333333,0.333333333,0.333333333,0.333333333,0.333333333,0.333333333,0.333333333,0.333333333,
0.333333333,0.333333333,0.333333333,0.333333333,0.333333333,0.333333333,0.333333333,0.333333333),(0.333333333,0.333333333,0.333333333,0.333333333,0.333333333,0.333333333,0.333333333,0.333333333,0.333333333,0.333333333,0.333333333,0.333333333,0.333333333,0.333333333,0.333333333,0.333333333,0.333333333,0.333333333,0.333333333,0.333333333,0.333333333,0.333333333,0.333333333,0.333333333,0.333333333,0.333333333,
0.333333333,0.333333333,0.333333333,0.333333333,0.333333333,0.333333333,0.333333333,0.333333333),(1.,1.,1.,1.,1.,1.,1.,1.,1.,1.,1.,1.,1.,1.,1.,1.,1.,1.,1.,1.,1.,1.,1.,1.,1.,1.,
1.,1.,1.,1.,1.,1.,1.,1.),(0.333333333,0.333333333,0.333333333,0.333333333,0.333333333,0.333333333,0.333333333,0.333333333,0.333333333,0.333333333,0.333333333,0.333333333,0.333333333,0.333333333,0.333333333,0.333333333,0.333333333,0.333333333,0.333333333,0.333333333,0.333333333,0.333333333,0.333333333,0.333333333,0.333333333,0.333333333,
0.333333333,0.333333333,0.333333333,0.333333333,0.333333333,0.333333333,0.333333333,0.333333333),(0.333333333,0.333333333,0.333333333,0.333333333,0.333333333,0.333333333,0.333333333,0.333333333,0.333333333,0.333333333,0.333333333,0.333333333,0.333333333,0.333333333,0.333333333,0.333333333,0.333333333,0.333333333,0.333333333,0.333333333,0.333333333,0.333333333,0.333333333,0.333333333,0.333333333,0.333333333,
0.333333333,0.333333333,0.333333333,0.333333333,0.333333333,0.333333333,0.333333333,0.333333333),(1.,1.,1.,1.,1.,1.,1.,1.,1.,1.,1.,1.,1.,1.,1.,1.,1.,1.,1.,1.,1.,1.,1.,1.,1.,1.,
1.,1.,1.,1.,1.,1.,1.,1.)))
REPRESENTATION_ITEM('')
SURFACE()
);
#3497=CARTESIAN_POINT('',(6.55,-0.635299832,4.182211344));
#3498=VERTEX_POINT('',#3497);
#3499=CARTESIAN_POINT('',(6.55,-0.,3.5));
#3500=CARTESIAN_POINT('',(6.55,0.003070906,3.586246514));
#3501=CARTESIAN_POINT('',(6.55,-0.011006216,3.67303855));
#3502=CARTESIAN_POINT('',(6.55,-0.071331092,3.834722075));
#3503=CARTESIAN_POINT('',(6.55,-0.117556039,3.90953517));
#3504=CARTESIAN_POINT('',(6.55,-0.235162601,4.03582598));
#3505=CARTESIAN_POINT('',(6.55,-0.306498623,4.087254737));
#3506=CARTESIAN_POINT('',(6.55,-0.424236357,4.141008279));
#3507=CARTESIAN_POINT('',(6.55,-0.465240572,4.155058754));
#3508=CARTESIAN_POINT('',(6.55,-0.528221892,4.169934974));
#3509=CARTESIAN_POINT('',(6.55,-0.549459592,4.17386242));
#3510=CARTESIAN_POINT('',(6.55,-0.581528323,4.178178127));
#3511=CARTESIAN_POINT('',(6.55,-0.592253275,4.179354288));
#3512=CARTESIAN_POINT('',(6.55,-0.608374784,4.180722793));
#3513=CARTESIAN_POINT('',(6.55,-0.613754313,4.181113016));
#3514=CARTESIAN_POINT('',(6.55,-0.621829801,4.181599248));
#3515=CARTESIAN_POINT('',(6.55,-0.624522668,4.181744809));
#3516=CARTESIAN_POINT('',(6.55,-0.628563227,4.181938358));
#3517=CARTESIAN_POINT('',(6.55,-0.629910292,4.181998742));
#3518=CARTESIAN_POINT('',(6.55,-0.631931167,4.182083119));
#3519=CARTESIAN_POINT('',(6.55,-0.63260484,4.182110211));
#3520=CARTESIAN_POINT('',(6.55,-0.633615414,4.182149298));
#3521=CARTESIAN_POINT('',(6.55,-0.633952283,4.182162069));
#3522=CARTESIAN_POINT('',(6.55,-0.634626041,4.182187094));
#3523=CARTESIAN_POINT('',(6.55,-0.634962937,4.182199221));
#3524=CARTESIAN_POINT('',(6.55,-0.635299832,4.182211344));
#3525=B_SPLINE_CURVE_WITH_KNOTS('',3,(#3499,#3500,#3501,#3502,#3503,#3504,#3505,#3506,#3507,#3508,#3509,#3510,#3511,#3512,#3513,#3514,#3515,#3516,#3517,#3518,#3519,#3520,#3521,#3522,#3523,#3524),.UNSPECIFIED.,.F.,.F.,(4,2,2,2,2,2,2,2,2,2,2,2,4),(-0.193122283,0.056877717,0.306877717,0.556877717,0.681877717,0.744377717,0.775627717,0.791252717,0.799065217,0.802971467,0.804924592,0.805901155,0.806877717),.UNSPECIFIED.);
#3526=EDGE_CURVE('',#561,#3498,#3525,.T.);
#3527=ORIENTED_EDGE('',*,*,#3526,.F.);
#3528=ORIENTED_EDGE('',*,*,#608,.F.);
#3529=ORIENTED_EDGE('',*,*,#3224,.T.);
#3530=ORIENTED_EDGE('',*,*,#3526,.T.);
#3531=CARTESIAN_POINT('',(5.95,-0.635299832,4.182211344));
#3532=VERTEX_POINT('',#3531);
#3533=CARTESIAN_POINT('',(6.55,-0.635299832,4.182211344));
#3534=CARTESIAN_POINT('',(6.549999879,-0.636729789,4.10293782));
#3535=CARTESIAN_POINT('',(6.517527171,-0.638273245,4.02536673));
#3536=CARTESIAN_POINT('',(6.461925238,-0.639445124,3.969872715));
#3537=CARTESIAN_POINT('',(6.406323304,-0.640617002,3.914378699));
#3538=CARTESIAN_POINT('',(6.328006815,-0.641381354,3.882166908));
#3539=CARTESIAN_POINT('',(6.249842083,-0.641443407,3.882211386));
#3540=CARTESIAN_POINT('',(6.171677351,-0.641505459,3.882255863));
#3541=CARTESIAN_POINT('',(6.093476056,-0.640625982,3.914450591));
#3542=CARTESIAN_POINT('',(6.037829022,-0.639439883,3.970118261));
#3543=CARTESIAN_POINT('',(6.023917264,-0.639143358,3.984035178));
#3544=CARTESIAN_POINT('',(6.011319977,-0.638814015,3.999417108));
#3545=CARTESIAN_POINT('',(6.000471579,-0.638479309,4.015671358));
#3546=CARTESIAN_POINT('',(5.98962318,-0.638144604,4.031925609));
#3547=CARTESIAN_POINT('',(5.980348473,-0.638883259,4.049250486));
#3548=CARTESIAN_POINT('',(5.97278648,-0.63744422,4.067526278));
#3549=CARTESIAN_POINT('',(5.965224487,-0.636005182,4.085802069));
#3550=CARTESIAN_POINT('',(5.959564415,-0.636720809,4.104562908));
#3551=CARTESIAN_POINT('',(5.955754126,-0.636364611,4.123736003));
#3552=CARTESIAN_POINT('',(5.951943837,-0.636008412,4.142909099));
#3553=CARTESIAN_POINT('',(5.950000001,-0.635661628,4.162116807));
#3554=CARTESIAN_POINT('',(5.95,-0.635299832,4.182211344));
#3555=B_SPLINE_CURVE_WITH_KNOTS('',3,(#3533,#3534,#3535,#3536,#3537,#3538,#3539,#3540,#3541,#3542,#3543,#3544,#3545,#3546,#3547,#3548,#3549,#3550,#3551,#3552,#3553,#3554),.UNSPECIFIED.,.F.,.F.,(4,3,3,3,3,3,3,4),(-0.000018275,0.000216209,0.000450693,0.000685177,0.000743798,0.000802419,0.00086104,0.000919661),.UNSPECIFIED.);
#3556=EDGE_CURVE('',#3498,#3532,#3555,.T.);
#3557=ORIENTED_EDGE('',*,*,#3556,.T.);
#3558=CARTESIAN_POINT('',(6.25,-0.629960778,4.482211349));
#3559=VERTEX_POINT('',#3558);
#3560=CARTESIAN_POINT('',(6.55,-0.635299832,4.182211344));
#3561=CARTESIAN_POINT('',(6.549999879,-0.633881282,4.26148357));
#3562=CARTESIAN_POINT('',(6.517526991,-0.632479426,4.339056754));
#3563=CARTESIAN_POINT('',(6.461924069,-0.631520727,4.39455114));
#3564=CARTESIAN_POINT('',(6.406321147,-0.630562027,4.450045526));
#3565=CARTESIAN_POINT('',(6.328004672,-0.630044313,4.482255862));
#3566=CARTESIAN_POINT('',(6.249841691,-0.629960608,4.482211303));
#3567=CARTESIAN_POINT('',(6.17167871,-0.629876902,4.482166743));
#3568=CARTESIAN_POINT('',(6.093477328,-0.630552029,4.449973121));
#3569=CARTESIAN_POINT('',(6.03782949,-0.631525109,4.394304896));
#3570=CARTESIAN_POINT('',(6.02391753,-0.631768379,4.38038784));
#3571=CARTESIAN_POINT('',(6.011319953,-0.632046563,4.365005585));
#3572=CARTESIAN_POINT('',(6.000471417,-0.63233585,4.348751088));
#3573=CARTESIAN_POINT('',(5.989622882,-0.632625138,4.332496592));
#3574=CARTESIAN_POINT('',(5.980347843,-0.63173962,4.31517083));
#3575=CARTESIAN_POINT('',(5.972786149,-0.633252393,4.296895611));
#3576=CARTESIAN_POINT('',(5.965224455,-0.634765166,4.278620392));
#3577=CARTESIAN_POINT('',(5.959564125,-0.633917839,4.259858766));
#3578=CARTESIAN_POINT('',(5.955753953,-0.634259071,4.240685816));
#3579=CARTESIAN_POINT('',(5.951943781,-0.634600304,4.221512865));
#3580=CARTESIAN_POINT('',(5.949999999,-0.634940914,4.202305399));
#3581=CARTESIAN_POINT('',(5.95,-0.635299832,4.182211344));
#3582=B_SPLINE_CURVE_WITH_KNOTS('',3,(#3560,#3561,#3562,#3563,#3564,#3565,#3566,#3567,#3568,#3569,#3570,#3571,#3572,#3573,#3574,#3575,#3576,#3577,#3578,#3579,#3580,#3581),.UNSPECIFIED.,.F.,.F.,(4,3,3,3,3,3,3,4),(-0.000018275,0.000216204,0.000450683,0.000685162,0.000743781,0.000802401,0.000861021,0.000919641),.UNSPECIFIED.);
#3583=EDGE_CURVE('',#3559,#3532,#3582,.T.);
#3584=ORIENTED_EDGE('',*,*,#3583,.F.);
#3585=CARTESIAN_POINT('',(6.55,-0.635299832,4.182211344));
#3586=CARTESIAN_POINT('',(6.549999879,-0.633881282,4.26148357));
#3587=CARTESIAN_POINT('',(6.517526991,-0.632479426,4.339056754));
#3588=CARTESIAN_POINT('',(6.461924069,-0.631520727,4.39455114));
#3589=CARTESIAN_POINT('',(6.406321147,-0.630562027,4.450045526));
#3590=CARTESIAN_POINT('',(6.328004672,-0.630044313,4.482255862));
#3591=CARTESIAN_POINT('',(6.249841691,-0.629960608,4.482211303));
#3592=CARTESIAN_POINT('',(6.17167871,-0.629876902,4.482166743));
#3593=CARTESIAN_POINT('',(6.093477328,-0.630552029,4.449973121));
#3594=CARTESIAN_POINT('',(6.03782949,-0.631525109,4.394304896));
#3595=CARTESIAN_POINT('',(6.02391753,-0.631768379,4.38038784));
#3596=CARTESIAN_POINT('',(6.011319953,-0.632046563,4.365005585));
#3597=CARTESIAN_POINT('',(6.000471417,-0.63233585,4.348751088));
#3598=CARTESIAN_POINT('',(5.989622882,-0.632625138,4.332496592));
#3599=CARTESIAN_POINT('',(5.980347843,-0.63173962,4.31517083));
#3600=CARTESIAN_POINT('',(5.972786149,-0.633252393,4.296895611));
#3601=CARTESIAN_POINT('',(5.965224455,-0.634765166,4.278620392));
#3602=CARTESIAN_POINT('',(5.959564125,-0.633917839,4.259858766));
#3603=CARTESIAN_POINT('',(5.955753953,-0.634259071,4.240685816));
#3604=CARTESIAN_POINT('',(5.951943781,-0.634600304,4.221512865));
#3605=CARTESIAN_POINT('',(5.949999999,-0.634940914,4.202305399));
#3606=CARTESIAN_POINT('',(5.95,-0.635299832,4.182211344));
#3607=B_SPLINE_CURVE_WITH_KNOTS('',3,(#3585,#3586,#3587,#3588,#3589,#3590,#3591,#3592,#3593,#3594,#3595,#3596,#3597,#3598,#3599,#3600,#3601,#3602,#3603,#3604,#3605,#3606),.UNSPECIFIED.,.F.,.F.,(4,3,3,3,3,3,3,4),(-0.000018275,0.000216204,0.000450683,0.000685162,0.000743781,0.000802401,0.000861021,0.000919641),.UNSPECIFIED.);
#3608=EDGE_CURVE('',#3498,#3559,#3607,.T.);
#3609=ORIENTED_EDGE('',*,*,#3608,.F.);
#3610=EDGE_LOOP('',(#3527,#3528,#3529,#3530,#3557,#3584,#3609));
#3611=FACE_BOUND('',#3610,.T.);
#3612=ADVANCED_FACE('',(#3611),#3496,.F.);
#3613=OVER_RIDING_STYLED_ITEM('',(#86),#3612,#54);
#3614=CARTESIAN_POINT('',(6.25,-5.7,4.182211344));
#3615=DIRECTION('',(0.,1.,0.));
#3616=DIRECTION('',(0.,-0.,1.));
#3617=AXIS2_PLACEMENT_3D('',#3614,#3615,#3616);
#3618=CYLINDRICAL_SURFACE('',#3617,0.3);
#3619=CARTESIAN_POINT('',(6.25,-0.629960778,4.482211344));
#3620=DIRECTION('',(-0.,-1.,-0.));
#3621=VECTOR('',#3620,5.070039222);
#3622=LINE('',#3619,#3621);
#3623=EDGE_CURVE('',#3559,#3239,#3622,.T.);
#3624=ORIENTED_EDGE('',*,*,#3623,.T.);
#3625=ORIENTED_EDGE('',*,*,#3245,.F.);
#3626=ORIENTED_EDGE('',*,*,#3252,.F.);
#3627=ORIENTED_EDGE('',*,*,#3623,.F.);
#3628=ORIENTED_EDGE('',*,*,#3583,.T.);
#3629=ORIENTED_EDGE('',*,*,#3556,.F.);
#3630=ORIENTED_EDGE('',*,*,#3608,.T.);
#3631=EDGE_LOOP('',(#3624,#3625,#3626,#3627,#3628,#3629,#3630));
#3632=FACE_BOUND('',#3631,.T.);
#3633=ADVANCED_FACE('',(#3632),#3618,.T.);
#3634=OVER_RIDING_STYLED_ITEM('',(#86),#3633,#54);
#3635=CARTESIAN_POINT('',(-7.,-0.,-1.));
#3636=DIRECTION('',(0.,0.,1.));
#3637=DIRECTION('',(-1.,0.,0.));
#3638=AXIS2_PLACEMENT_3D('',#3635,#3636,#3637);
#3639=CYLINDRICAL_SURFACE('',#3638,3.5);
#3640=ORIENTED_EDGE('',*,*,#889,.F.);
#3641=ORIENTED_EDGE('',*,*,#1127,.F.);
#3642=ORIENTED_EDGE('',*,*,#953,.F.);
#3643=ORIENTED_EDGE('',*,*,#1036,.T.);
#3644=EDGE_LOOP('',(#3640,#3641,#3642,#3643));
#3645=FACE_BOUND('',#3644,.T.);
#3646=ADVANCED_FACE('',(#3645),#3639,.T.);
#3647=CARTESIAN_POINT('',(9.5,0.,-1.));
#3648=DIRECTION('',(0.,0.,1.));
#3649=DIRECTION('',(1.,0.,-0.));
#3650=AXIS2_PLACEMENT_3D('',#3647,#3648,#3649);
#3651=CYLINDRICAL_SURFACE('',#3650,3.5);
#3652=ORIENTED_EDGE('',*,*,#971,.F.);
#3653=ORIENTED_EDGE('',*,*,#1136,.F.);
#3654=ORIENTED_EDGE('',*,*,#1017,.F.);
#3655=ORIENTED_EDGE('',*,*,#1045,.T.);
#3656=EDGE_LOOP('',(#3652,#3653,#3654,#3655));
#3657=FACE_BOUND('',#3656,.T.);
#3658=ADVANCED_FACE('',(#3657),#3651,.T.);
#3659=CARTESIAN_POINT('',(-6.,0.,0.7));
#3660=DIRECTION('',(0.,0.,-1.));
#3661=DIRECTION('',(-1.,0.,0.));
#3662=AXIS2_PLACEMENT_3D('',#3659,#3660,#3661);
#3663=CYLINDRICAL_SURFACE('',#3662,2.5);
#3664=ORIENTED_EDGE('',*,*,#1208,.F.);
#3665=ORIENTED_EDGE('',*,*,#1151,.T.);
#3666=ORIENTED_EDGE('',*,*,#1255,.F.);
#3667=ORIENTED_EDGE('',*,*,#1320,.F.);
#3668=EDGE_LOOP('',(#3664,#3665,#3666,#3667));
#3669=FACE_BOUND('',#3668,.T.);
#3670=ADVANCED_FACE('',(#3669),#3663,.T.);
#3671=CARTESIAN_POINT('',(8.5,0.,0.7));
#3672=DIRECTION('',(0.,0.,-1.));
#3673=DIRECTION('',(1.,0.,0.));
#3674=AXIS2_PLACEMENT_3D('',#3671,#3672,#3673);
#3675=CYLINDRICAL_SURFACE('',#3674,2.5);
#3676=ORIENTED_EDGE('',*,*,#1271,.F.);
#3677=ORIENTED_EDGE('',*,*,#1177,.T.);
#3678=ORIENTED_EDGE('',*,*,#1304,.F.);
#3679=ORIENTED_EDGE('',*,*,#1329,.F.);
#3680=EDGE_LOOP('',(#3676,#3677,#3678,#3679));
#3681=FACE_BOUND('',#3680,.T.);
#3682=ADVANCED_FACE('',(#3681),#3675,.T.);
#3683=CARTESIAN_POINT('',(-5.609810582,0.,2.));
#3684=DIRECTION('',(0.,0.,-1.));
#3685=DIRECTION('',(-1.,0.,0.));
#3686=AXIS2_PLACEMENT_3D('',#3683,#3684,#3685);
#3687=CYLINDRICAL_SURFACE('',#3686,1.75);
#3688=ORIENTED_EDGE('',*,*,#1400,.F.);
#3689=ORIENTED_EDGE('',*,*,#1343,.T.);
#3690=ORIENTED_EDGE('',*,*,#1447,.F.);
#3691=ORIENTED_EDGE('',*,*,#1567,.F.);
#3692=EDGE_LOOP('',(#3688,#3689,#3690,#3691));
#3693=FACE_BOUND('',#3692,.T.);
#3694=ADVANCED_FACE('',(#3693),#3687,.T.);
#3695=CARTESIAN_POINT('',(8.109810582,0.,2.));
#3696=DIRECTION('',(0.,0.,-1.));
#3697=DIRECTION('',(1.,0.,0.));
#3698=AXIS2_PLACEMENT_3D('',#3695,#3696,#3697);
#3699=CYLINDRICAL_SURFACE('',#3698,1.75);
#3700=ORIENTED_EDGE('',*,*,#1463,.F.);
#3701=ORIENTED_EDGE('',*,*,#1369,.T.);
#3702=ORIENTED_EDGE('',*,*,#1496,.F.);
#3703=ORIENTED_EDGE('',*,*,#1576,.F.);
#3704=EDGE_LOOP('',(#3700,#3701,#3702,#3703));
#3705=FACE_BOUND('',#3704,.T.);
#3706=ADVANCED_FACE('',(#3705),#3699,.T.);
#3707=CARTESIAN_POINT('',(-6.,0.,3.));
#3708=DIRECTION('',(0.,0.,-1.));
#3709=DIRECTION('',(-1.,0.,0.));
#3710=AXIS2_PLACEMENT_3D('',#3707,#3708,#3709);
#3711=CYLINDRICAL_SURFACE('',#3710,2.5);
#3712=ORIENTED_EDGE('',*,*,#1592,.F.);
#3713=ORIENTED_EDGE('',*,*,#1515,.T.);
#3714=ORIENTED_EDGE('',*,*,#1639,.F.);
#3715=ORIENTED_EDGE('',*,*,#1707,.F.);
#3716=EDGE_LOOP('',(#3712,#3713,#3714,#3715));
#3717=FACE_BOUND('',#3716,.T.);
#3718=ADVANCED_FACE('',(#3717),#3711,.T.);
#3719=CARTESIAN_POINT('',(8.5,0.,3.));
#3720=DIRECTION('',(0.,0.,-1.));
#3721=DIRECTION('',(1.,0.,0.));
#3722=AXIS2_PLACEMENT_3D('',#3719,#3720,#3721);
#3723=CYLINDRICAL_SURFACE('',#3722,2.5);
#3724=ORIENTED_EDGE('',*,*,#1655,.F.);
#3725=ORIENTED_EDGE('',*,*,#1541,.T.);
#3726=ORIENTED_EDGE('',*,*,#1688,.F.);
#3727=ORIENTED_EDGE('',*,*,#1716,.F.);
#3728=EDGE_LOOP('',(#3724,#3725,#3726,#3727));
#3729=FACE_BOUND('',#3728,.T.);
#3730=ADVANCED_FACE('',(#3729),#3723,.T.);
#3731=CLOSED_SHELL('',(#79,#113,#487,#508,#541,#552,#577,#621,#676,#692,#746,#762,#816,#832,#849,#875,#917,#957,#990,#1021,#1116,#1196,#1228,#1259,#1284,#1308,
#1388,#1420,#1451,#1476,#1500,#1580,#1612,#1643,#1668,#1692,#1733,#1758,#1767,#1793,#1802,#1828,#1837,#1863,#1872,#1905,#1914,#1940,#1949,#1966,#1993,
#2349,#2370,#2387,#2414,#2770,#2791,#2808,#2835,#3191,#3212,#3229,#3256,#3612,#3633,#3646,#3658,#3670,#3682,#3694,#3706,#3718,#3730));
#3732=MANIFOLD_SOLID_BREP('Body 02',#3731);
#3733=COLOUR_RGB('',0.298039228,0.298039228,0.298039228);
#3734=FILL_AREA_STYLE_COLOUR('',#3733);
#3735=FILL_AREA_STYLE('',(#3734));
#3736=SURFACE_STYLE_FILL_AREA(#3735);
#3737=SURFACE_SIDE_STYLE('',(#3736));
#3738=SURFACE_STYLE_USAGE(.BOTH.,#3737);
#3739=PRESENTATION_STYLE_ASSIGNMENT((#3738));
#54=STYLED_ITEM('',(#3739),#3732);
#35=SHAPE_REPRESENTATION('Linear Pattern 01',(#15),#33);
#36=ADVANCED_BREP_SHAPE_REPRESENTATION('Linear Pattern 01',(#3732),#33);
#3747=SHAPE_REPRESENTATION_RELATIONSHIP('','',#35,#36);
#3748=CARTESIAN_POINT('',(0.,0.,0.));
#3749=DIRECTION('',(0.,0.,1.));
#3750=DIRECTION('',(1.,0.,0.));
#3751=AXIS2_PLACEMENT_3D('',#3748,#3749,#3750);
#3753=MAPPED_ITEM('',#3752,#3751);
#3752=REPRESENTATION_MAP(#3751,#35);
#3754=APPLICATION_CONTEXT('Managed model based 3d engineering');
#3755=APPLICATION_PROTOCOL_DEFINITION('international standard','ap242_managed_model_based_3d_engineering',2014,#3754);
#3756=PRODUCT_CONTEXT('',#3754,'mechanical');
#3757=PRODUCT_DEFINITION_CONTEXT('part definition',#3754,'design');
#43=PRODUCT('Linear Pattern 01','Linear Pattern 01','',(#3756));
#3758=PRODUCT_RELATED_PRODUCT_CATEGORY('part','',(#43));
#3759=PRODUCT_DEFINITION_FORMATION_WITH_SPECIFIED_SOURCE('','',#43,.NOT_KNOWN.);
#44=PRODUCT_DEFINITION('design','',#3759,#3757);
#42=PRODUCT_DEFINITION_SHAPE('','',#44);
#3760=SHAPE_DEFINITION_REPRESENTATION(#42,#35);
#34=DRAUGHTING_MODEL('',(#3753),#33);
#3761=(NAMED_UNIT(*)PLANE_ANGLE_UNIT()SI_UNIT($,.RADIAN.));
#3762=PLANE_ANGLE_MEASURE_WITH_UNIT(PLANE_ANGLE_MEASURE(0.0174532925),#3761);
#3763=(CONVERSION_BASED_UNIT('DEGREE',#3762)NAMED_UNIT(#3764)PLANE_ANGLE_UNIT());
#3764=DIMENSIONAL_EXPONENTS(0.,0.,0.,0.,0.,0.,0.);
#3765=(NAMED_UNIT(*)SI_UNIT($,.STERADIAN.)SOLID_ANGLE_UNIT());
#3766=(LENGTH_UNIT()NAMED_UNIT(*)SI_UNIT(.MILLI.,.METRE.));
#3767=UNCERTAINTY_MEASURE_WITH_UNIT(LENGTH_MEASURE(1.000000E-03),#3766,'DISTANCE_ACCURACY_VALUE','Maximum Tolerance applied to model');
#3768=(GEOMETRIC_REPRESENTATION_CONTEXT(3)GLOBAL_UNCERTAINTY_ASSIGNED_CONTEXT((#3767))GLOBAL_UNIT_ASSIGNED_CONTEXT((#3766,#3763,#3765))REPRESENTATION_CONTEXT('','Part2.stp'));
#3780=CARTESIAN_POINT('',(0.,0.,0.));
#3781=DIRECTION('',(0.,0.,1.));
#3782=DIRECTION('',(1.,0.,-0.));
#3783=AXIS2_PLACEMENT_3D('',#3780,#3781,#3782);
#3784=ITEM_DEFINED_TRANSFORMATION('','',#3783,#15);
#3785=(REPRESENTATION_RELATIONSHIP('','',#3770,#16)REPRESENTATION_RELATIONSHIP_WITH_TRANSFORMATION(#3784)SHAPE_REPRESENTATION_RELATIONSHIP());
#3786=NEXT_ASSEMBLY_USAGE_OCCURRENCE('Part2.stp_2','Part2.stp','Part2.stp',#25,#3779,$);
#3787=PRODUCT_DEFINITION_SHAPE('','',#3786);
#3788=CONTEXT_DEPENDENT_SHAPE_REPRESENTATION(#3785,#3787);
#3770=SHAPE_REPRESENTATION('Part2.stp',(#15),#3768);
#3789=CARTESIAN_POINT('',(0.,0.,0.));
#3790=DIRECTION('',(0.,0.,1.));
#3791=DIRECTION('',(1.,0.,0.));
#3792=AXIS2_PLACEMENT_3D('',#3789,#3790,#3791);
#3794=MAPPED_ITEM('',#3793,#3792);
#3793=REPRESENTATION_MAP(#3792,#3770);
#3778=PRODUCT('Part2.stp','Part2.stp','',(#3756));
#3795=PRODUCT_RELATED_PRODUCT_CATEGORY('part','',(#3778));
#3796=PRODUCT_DEFINITION_FORMATION_WITH_SPECIFIED_SOURCE('','',#3778,.NOT_KNOWN.);
#3779=PRODUCT_DEFINITION('design','',#3796,#3757);
#3777=PRODUCT_DEFINITION_SHAPE('','',#3779);
#3797=SHAPE_DEFINITION_REPRESENTATION(#3777,#3770);
#3769=DRAUGHTING_MODEL('',(#3794),#3768);
#16=SHAPE_REPRESENTATION('root',(#15,#48,#3783),#10);
#3798=CARTESIAN_POINT('',(0.,0.,0.));
#3799=DIRECTION('',(0.,0.,1.));
#3800=DIRECTION('',(1.,0.,0.));
#3801=AXIS2_PLACEMENT_3D('',#3798,#3799,#3800);
#3803=MAPPED_ITEM('',#3802,#3801);
#3802=REPRESENTATION_MAP(#3801,#16);
#24=PRODUCT('root','root','',(#3756));
#3804=PRODUCT_RELATED_PRODUCT_CATEGORY('part','',(#24));
#3805=PRODUCT_DEFINITION_FORMATION_WITH_SPECIFIED_SOURCE('','',#24,.NOT_KNOWN.);
#25=PRODUCT_DEFINITION('design','',#3805,#3757);
#23=PRODUCT_DEFINITION_SHAPE('','',#25);
#3806=SHAPE_DEFINITION_REPRESENTATION(#23,#16);
#11=DRAUGHTING_MODEL('',(#3803),#10);
#3807=DESCRIPTIVE_REPRESENTATION_ITEM('KEY','C:\\Users\\A125141\\AppData\\Local\\Packages\\Shapr3D.Shapr3D_j403pzjkqtqbj\\TempState\\136bdaaf-40e2-43fb-a445-d951ed144d93.tmp');
#3808=PROPERTY_DEFINITION('KEY','',#25);
#3809=REPRESENTATION('',(#3807),#10);
#3810=PROPERTY_DEFINITION_REPRESENTATION(#3808,#3809);
#3811=GENERAL_PROPERTY('','KEY','');
#3812=GENERAL_PROPERTY_ASSOCIATION('','',#3811,#3808);
#1=MECHANICAL_DESIGN_GEOMETRIC_PRESENTATION_REPRESENTATION('',(#87,#114,#488,#509,#542,#622,#677,#747,#817,#850,#1768,#1803,#1838,#1880,#1915,#1950,#1967,#1994,#2350,#2371,#2388,#2415,#2771,#2792,#2809,#2836,
#3192,#3213,#3230,#3257,#3613,#3634,#54),#10);
ENDSEC;
END-ISO-10303-21;
