ISO-10303-21;

HEADER;
FILE_DESCRIPTION((' '),'2;1');
FILE_NAME( 'FUSE-RXEF050.stp',
           '2022-10-27T11:57:50',
           (' '),
           ('--- Datakit www.datakit.com---'),
           ' Datakit CrossCadWare V2022.4  Sep 23 2022',
           'DATAKIT 2022 (c)',
           ' ');
FILE_SCHEMA(('AP242_MANAGED_MODEL_BASED_3D_ENGINEERING_MIM_LF { 1 0 10303 442 1 1 4 }'));
ENDSEC;

DATA;
#1=APPLICATION_CONTEXT('Managed model based 3d engineering');
#2=APPLICATION_PROTOCOL_DEFINITION('international standard','ap242_managed_model_based_3d_engineering',2013,#1);
#3=(LENGTH_UNIT()NAMED_UNIT(*)SI_UNIT(.MILLI.,.METRE.));
#4=(NAMED_UNIT(*)PLANE_ANGLE_UNIT()SI_UNIT($,.RADIAN.));
#5=( GEOMETRIC_REPRESENTATION_CONTEXT(3)
       GLOBAL_UNCERTAINTY_ASSIGNED_CONTEXT((#6)) GLOBAL_UNIT_ASSIGNED_CONTEXT
  ((#3,#4)) REPRESENTATION_CONTEXT('Context #1',
  '3D Context with UNIT and UNCERTAINTY') );
#6=UNCERTAINTY_MEASURE_WITH_UNIT(LENGTH_MEASURE(0.005),#3,'distance_accuracy_value','Confusion accuracy');
#7=PRODUCT_CONTEXT('',#1,'mechanical');
#8=PRODUCT('FUSE-RXEF050','','FUSE, PTC RESETTABLE, RADIAL LEADS, 60V, .65A HOLD',(#7));
#9=PRODUCT_DEFINITION_FORMATION('','',#8);
#10=PRODUCT_DEFINITION_CONTEXT('part definition',#1,'design');
#11=PRODUCT_DEFINITION('design','',#9,#10);
#12=PRODUCT_DEFINITION_SHAPE('','',#11);
#13=PRODUCT_CATEGORY('part',$);
#14=PRODUCT_RELATED_PRODUCT_CATEGORY('part',$,(#8));
#15=PRODUCT_CATEGORY_RELATIONSHIP('','',#13,#14);
#16=CARTESIAN_POINT('',(3.0646748974,-0.865,8.6464568296));
#17=VERTEX_POINT('',#16);
#18=CARTESIAN_POINT('',(2.0353251026,-0.865,6.6816650961));
#19=VERTEX_POINT('',#18);
#20=CARTESIAN_POINT('',(0.0,-0.865,9.0));
#21=DIRECTION('',(0.0,-1.0,-0.0));
#22=DIRECTION('',(1.0,0.0,0.0));
#23=AXIS2_PLACEMENT_3D('',#20,#21,#22);
#24=CIRCLE('',#23,3.085);
#25=EDGE_CURVE('n° 485',#17,#19,#24,.T.);
#26=ORIENTED_EDGE('',*,*,#25,.T.);
#27=CARTESIAN_POINT('',(2.0353251026,-0.865,8.8));
#28=VERTEX_POINT('',#27);
#29=CARTESIAN_POINT('',(2.0353251026,-0.865,9.0));
#30=DIRECTION('',(0.0,-0.0,1.0));
#31=VECTOR('',#30,1.0);
#32=LINE('',#29,#31);
#33=EDGE_CURVE('n° 590',#19,#28,#32,.T.);
#34=ORIENTED_EDGE('',*,*,#33,.T.);
#35=CARTESIAN_POINT('',(2.4456436394,-0.865,9.2));
#36=VERTEX_POINT('',#35);
#37=CARTESIAN_POINT('',(2.4456436394,-0.865,9.2));
#38=CARTESIAN_POINT('',(2.4123457094,-0.865,9.2));
#39=CARTESIAN_POINT('',(2.3787261364,-0.865,9.1964958916));
#40=CARTESIAN_POINT('',(2.302720876,-0.865,9.1788838206));
#41=CARTESIAN_POINT('',(2.2602458572,-0.865,9.1613443695));
#42=CARTESIAN_POINT('',(2.1845948541,-0.865,9.1139021981));
#43=CARTESIAN_POINT('',(2.1503727035,-0.865,9.0834167938));
#44=CARTESIAN_POINT('',(2.0947175106,-0.865,9.0138169547));
#45=CARTESIAN_POINT('',(2.0725122327,-0.865,8.973756557));
#46=CARTESIAN_POINT('',(2.0430188385,-0.865,8.8896979561));
#47=CARTESIAN_POINT('',(2.0353251026,-0.865,8.8445418521));
#48=CARTESIAN_POINT('',(2.0353251026,-0.865,8.8));
#49=B_SPLINE_CURVE_WITH_KNOTS('',3,(#37,#38,#39,#40,#41,#42,#43,#44,#45,#46,
    #47,#48),.UNSPECIFIED.,.F.,.U.,
 (4,2,2,2,2,4),(0.0,0.1573054863,0.368576581,0.5791575967,0.7895761777,1.0),.UNSPECIFIED.);
#50=EDGE_CURVE('n° 586',#36,#28,#49,.T.);
#51=ORIENTED_EDGE('',*,*,#50,.F.);
#52=CARTESIAN_POINT('',(2.6543563606,-0.865,9.2));
#53=VERTEX_POINT('',#52);
#54=CARTESIAN_POINT('',(0.0,-0.865,9.2));
#55=DIRECTION('',(1.0,0.0,0.0));
#56=VECTOR('',#55,1.0);
#57=LINE('',#54,#56);
#58=EDGE_CURVE('n° 580',#36,#53,#57,.T.);
#59=ORIENTED_EDGE('',*,*,#58,.T.);
#60=CARTESIAN_POINT('',(3.0646748974,-0.865,8.8));
#61=VERTEX_POINT('',#60);
#62=CARTESIAN_POINT('',(3.0646749109,-0.865,8.8000000021));
#63=CARTESIAN_POINT('',(3.0646749107,-0.865,8.8426075445));
#64=CARTESIAN_POINT('',(3.0576507543,-0.865,8.8857573891));
#65=CARTESIAN_POINT('',(3.0299547597,-0.865,8.9685901043));
#66=CARTESIAN_POINT('',(3.0082151668,-0.865,9.0091420361));
#67=CARTESIAN_POINT('',(2.9529397379,-0.865,9.0801808582));
#68=CARTESIAN_POINT('',(2.9184771016,-0.865,9.1115405533));
#69=CARTESIAN_POINT('',(2.8469324298,-0.865,9.1571957874));
#70=CARTESIAN_POINT('',(2.8099810618,-0.865,9.1736559328));
#71=CARTESIAN_POINT('',(2.7338086262,-0.865,9.1949990457));
#72=CARTESIAN_POINT('',(2.6938694242,-0.865,9.2));
#73=CARTESIAN_POINT('',(2.6543563606,-0.865,9.2));
#74=B_SPLINE_CURVE_WITH_KNOTS('',3,(#62,#63,#64,#65,#66,#67,#68,#69,#70,#71,
    #72,#73),.UNSPECIFIED.,.F.,.U.,
 (4,2,2,2,2,4),(0.0,0.2012408859,0.4125194038,0.6263719448,0.8133747344,1.0),.UNSPECIFIED.);
#75=EDGE_CURVE('n° 575',#61,#53,#74,.T.);
#76=ORIENTED_EDGE('',*,*,#75,.F.);
#77=CARTESIAN_POINT('',(3.0646748974,-0.865,9.0));
#78=DIRECTION('',(0.0,0.0,-1.0));
#79=VECTOR('',#78,1.0);
#80=LINE('',#77,#79);
#81=EDGE_CURVE('n° 583',#61,#17,#80,.T.);
#82=ORIENTED_EDGE('',*,*,#81,.T.);
#83=EDGE_LOOP('',(#26,#34,#51,#59,#76,#82));
#84=FACE_OUTER_BOUND('',#83,.T.);
#85=CARTESIAN_POINT('',(0.0,-0.865,9.0));
#86=DIRECTION('',(0.0,1.0,0.0));
#87=DIRECTION('',(-1.0,0.0,0.0));
#88=AXIS2_PLACEMENT_3D('',#85,#86,#87);
#89=PLANE('',#88);
#90=ADVANCED_FACE('n° 53',(#84),#89,.F.);
#91=ORIENTED_EDGE('',*,*,#25,.F.);
#92=CARTESIAN_POINT('',(3.0646748974,-0.865,8.6464568296));
#93=CARTESIAN_POINT('',(3.0572944065,-0.865,8.3020942996));
#94=CARTESIAN_POINT('',(3.0402596629,-0.865194805,7.9610647916));
#95=CARTESIAN_POINT('',(2.9985788426,-0.820749232,7.466747537));
#96=CARTESIAN_POINT('',(2.981491366,-0.7971588123,7.3014525407));
#97=CARTESIAN_POINT('',(2.9436421651,-0.7472123067,7.0644395316));
#98=CARTESIAN_POINT('',(2.928761792,-0.7280730047,6.9863733337));
#99=CARTESIAN_POINT('',(2.8921923093,-0.6862706458,6.8337030167));
#100=CARTESIAN_POINT('',(2.8696657274,-0.6627820917,6.7563763446));
#101=CARTESIAN_POINT('',(2.7925618637,-0.5957778177,6.5452839141));
#102=CARTESIAN_POINT('',(2.7233762041,-0.5489872839,6.4110391018));
#103=CARTESIAN_POINT('',(2.5907404074,-0.5054978019,6.2369367589));
#104=CARTESIAN_POINT('',(2.546143503,-0.49541831,6.1863096513));
#105=CARTESIAN_POINT('',(2.4481808364,-0.486505881,6.0926222257));
#106=CARTESIAN_POINT('',(2.3933705942,-0.4877015391,6.0482858033));
#107=CARTESIAN_POINT('',(2.3069031932,-0.5043454721,5.9955548818));
#108=CARTESIAN_POINT('',(2.2763934618,-0.5127555558,5.9799149603));
#109=CARTESIAN_POINT('',(2.2211480504,-0.5340302741,5.9591514675));
#110=CARTESIAN_POINT('',(2.1956944933,-0.5462938169,5.9526645729));
#111=CARTESIAN_POINT('',(2.1486639342,-0.5745604568,5.9486769314));
#112=CARTESIAN_POINT('',(2.1264992466,-0.591014132,5.9513041607));
#113=CARTESIAN_POINT('',(2.09131592,-0.6226255422,5.9648957409));
#114=CARTESIAN_POINT('',(2.0770764891,-0.6380497117,5.9749596925));
#115=CARTESIAN_POINT('',(2.0482286878,-0.6745386358,6.0060656794));
#116=CARTESIAN_POINT('',(2.0360979633,-0.695331003,6.0304185299));
#117=CARTESIAN_POINT('',(2.0132587571,-0.7444357221,6.1017847005));
#118=CARTESIAN_POINT('',(2.0078990249,-0.7697545131,6.1542460465));
#119=CARTESIAN_POINT('',(2.0026378353,-0.8283448661,6.3121416202));
#120=CARTESIAN_POINT('',(2.0114040304,-0.849968315,6.4261393391));
#121=CARTESIAN_POINT('',(2.0257931181,-0.8631940411,6.5873795048));
#122=CARTESIAN_POINT('',(2.0304037064,-0.865,6.6344131001));
#123=CARTESIAN_POINT('',(2.0353251026,-0.865,6.6816650961));
#124=B_SPLINE_CURVE_WITH_KNOTS('',3,(#92,#93,#94,#95,#96,#97,#98,#99,#100,#101,
    #102,#103,#104,#105,#106,#107,#108,#109,#110,#111,
    #112,#113,#114,#115,#116,#117,#118,#119,#120,#121,
    #122,#123),.UNSPECIFIED.,.F.,.U.,
 (4,2,2,2,2,2,2,2,2,2,2,2,2,2,2,4),
 (0.0,0.2430951518,0.3660582523,0.4275398026,0.4890213529,0.6049556048,0.6547263828,0.7048872824,0.7306978993,0.7525548212,0.7745281707,0.7940667604,0.8229562807,0.8710593084,0.9627782933,1.0),.UNSPECIFIED.);
#125=EDGE_CURVE('n° 502',#17,#19,#124,.T.);
#126=ORIENTED_EDGE('',*,*,#125,.T.);
#127=EDGE_LOOP('',(#91,#126));
#128=FACE_OUTER_BOUND('',#127,.T.);
#129=CARTESIAN_POINT('',(-2.0353251026,0.865,6.6816650961));
#130=VERTEX_POINT('',#129);
#131=CARTESIAN_POINT('',(-3.0646748974,0.865,8.6464568296));
#132=VERTEX_POINT('',#131);
#133=CARTESIAN_POINT('',(0.0,0.865,9.0));
#134=DIRECTION('',(0.0,-1.0,-0.0));
#135=DIRECTION('',(1.0,0.0,0.0));
#136=AXIS2_PLACEMENT_3D('',#133,#134,#135);
#137=CIRCLE('',#136,3.085);
#138=EDGE_CURVE('n° 491',#130,#132,#137,.T.);
#139=ORIENTED_EDGE('',*,*,#138,.T.);
#140=CARTESIAN_POINT('',(-3.0646748974,0.865,8.6464568296));
#141=CARTESIAN_POINT('',(-3.0572944065,0.865,8.3020942996));
#142=CARTESIAN_POINT('',(-3.0402596629,0.865194805,7.9610647916));
#143=CARTESIAN_POINT('',(-2.9985788426,0.820749232,7.466747537));
#144=CARTESIAN_POINT('',(-2.981491366,0.7971588123,7.3014525407));
#145=CARTESIAN_POINT('',(-2.9436421651,0.7472123067,7.0644395316));
#146=CARTESIAN_POINT('',(-2.928761792,0.7280730047,6.9863733337));
#147=CARTESIAN_POINT('',(-2.8921923093,0.6862706458,6.8337030167));
#148=CARTESIAN_POINT('',(-2.8696657274,0.6627820917,6.7563763446));
#149=CARTESIAN_POINT('',(-2.7925618637,0.5957778177,6.5452839141));
#150=CARTESIAN_POINT('',(-2.7233762041,0.5489872839,6.4110391018));
#151=CARTESIAN_POINT('',(-2.5907404074,0.5054978019,6.2369367589));
#152=CARTESIAN_POINT('',(-2.546143503,0.49541831,6.1863096513));
#153=CARTESIAN_POINT('',(-2.4481808364,0.486505881,6.0926222257));
#154=CARTESIAN_POINT('',(-2.3933705942,0.4877015391,6.0482858033));
#155=CARTESIAN_POINT('',(-2.3069031932,0.5043454721,5.9955548818));
#156=CARTESIAN_POINT('',(-2.2763934618,0.5127555558,5.9799149603));
#157=CARTESIAN_POINT('',(-2.2211480504,0.5340302741,5.9591514675));
#158=CARTESIAN_POINT('',(-2.1956944933,0.5462938169,5.9526645729));
#159=CARTESIAN_POINT('',(-2.1486639342,0.5745604567,5.9486769314));
#160=CARTESIAN_POINT('',(-2.1264992466,0.591014132,5.9513041607));
#161=CARTESIAN_POINT('',(-2.09131592,0.6226255422,5.9648957409));
#162=CARTESIAN_POINT('',(-2.0770764891,0.6380497117,5.9749596925));
#163=CARTESIAN_POINT('',(-2.0482286878,0.6745386358,6.0060656794));
#164=CARTESIAN_POINT('',(-2.0360979633,0.695331003,6.0304185299));
#165=CARTESIAN_POINT('',(-2.0132587571,0.7444357221,6.1017847005));
#166=CARTESIAN_POINT('',(-2.0078990249,0.7697545131,6.1542460465));
#167=CARTESIAN_POINT('',(-2.0026378353,0.8283448661,6.3121416202));
#168=CARTESIAN_POINT('',(-2.0114040304,0.849968315,6.4261393391));
#169=CARTESIAN_POINT('',(-2.0257931181,0.8631940411,6.5873795048));
#170=CARTESIAN_POINT('',(-2.0304037064,0.865,6.6344131001));
#171=CARTESIAN_POINT('',(-2.0353251026,0.865,6.6816650961));
#172=B_SPLINE_CURVE_WITH_KNOTS('',3,(#140,#141,#142,#143,#144,#145,#146,#147,#148,#149,
    #150,#151,#152,#153,#154,#155,#156,#157,#158,#159,
    #160,#161,#162,#163,#164,#165,#166,#167,#168,#169,
    #170,#171),.UNSPECIFIED.,.F.,.U.,
 (4,2,2,2,2,2,2,2,2,2,2,2,2,2,2,4),
 (0.0,0.2430951518,0.3660582523,0.4275398026,0.4890213529,0.6049556048,0.6547263828,0.7048872824,0.7306978993,0.7525548212,0.7745281707,0.7940667604,0.8229562807,0.8710593084,0.9627782933,1.0),.UNSPECIFIED.);
#173=EDGE_CURVE('n° 496',#132,#130,#172,.T.);
#174=ORIENTED_EDGE('',*,*,#173,.T.);
#175=EDGE_LOOP('',(#139,#174));
#176=FACE_BOUND('',#175,.T.);
#177=CARTESIAN_POINT('',(0.0,-0.0,9.0));
#178=DIRECTION('',(0.0,-1.0,-0.0));
#179=DIRECTION('',(1.0,0.0,0.0));
#180=AXIS2_PLACEMENT_3D('',#177,#178,#179);
#181=TOROIDAL_SURFACE('',#180,3.085,0.865);
#182=ADVANCED_FACE('n° 50',(#128,#176),#181,.T.);
#183=CARTESIAN_POINT('',(-3.0646748974,0.865,8.8));
#184=VERTEX_POINT('',#183);
#185=CARTESIAN_POINT('',(-2.6543563606,0.865,9.2));
#186=VERTEX_POINT('',#185);
#187=CARTESIAN_POINT('',(-3.0646749109,0.865,8.8000000021));
#188=CARTESIAN_POINT('',(-3.0646749107,0.865,8.8426075445));
#189=CARTESIAN_POINT('',(-3.0576507543,0.865,8.8857573891));
#190=CARTESIAN_POINT('',(-3.0299547597,0.865,8.9685901043));
#191=CARTESIAN_POINT('',(-3.0082151668,0.865,9.0091420361));
#192=CARTESIAN_POINT('',(-2.9529397379,0.865,9.0801808582));
#193=CARTESIAN_POINT('',(-2.9184771016,0.865,9.1115405533));
#194=CARTESIAN_POINT('',(-2.8469324298,0.865,9.1571957874));
#195=CARTESIAN_POINT('',(-2.8099810618,0.865,9.1736559328));
#196=CARTESIAN_POINT('',(-2.7338086262,0.865,9.1949990457));
#197=CARTESIAN_POINT('',(-2.6938694242,0.865,9.2));
#198=CARTESIAN_POINT('',(-2.6543563606,0.865,9.2));
#199=B_SPLINE_CURVE_WITH_KNOTS('',3,(#187,#188,#189,#190,#191,#192,#193,#194,#195,#196,
    #197,#198),.UNSPECIFIED.,.F.,.U.,
 (4,2,2,2,2,4),(0.0,0.2012408859,0.4125194038,0.6263719448,0.8133747344,1.0),.UNSPECIFIED.);
#200=EDGE_CURVE('n° 550',#184,#186,#199,.T.);
#201=ORIENTED_EDGE('',*,*,#200,.F.);
#202=CARTESIAN_POINT('',(-3.0646748974,0.865,9.0));
#203=DIRECTION('',(-0.0,0.0,-1.0));
#204=VECTOR('',#203,1.0);
#205=LINE('',#202,#204);
#206=EDGE_CURVE('n° 554',#184,#132,#205,.T.);
#207=ORIENTED_EDGE('',*,*,#206,.T.);
#208=ORIENTED_EDGE('',*,*,#138,.F.);
#209=CARTESIAN_POINT('',(-2.0353251026,0.865,8.8));
#210=VERTEX_POINT('',#209);
#211=CARTESIAN_POINT('',(-2.0353251026,0.865,9.0));
#212=DIRECTION('',(0.0,-0.0,1.0));
#213=VECTOR('',#212,1.0);
#214=LINE('',#211,#213);
#215=EDGE_CURVE('n° 543',#130,#210,#214,.T.);
#216=ORIENTED_EDGE('',*,*,#215,.T.);
#217=CARTESIAN_POINT('',(-2.4456436394,0.865,9.2));
#218=VERTEX_POINT('',#217);
#219=CARTESIAN_POINT('',(-2.4456436394,0.865,9.2));
#220=CARTESIAN_POINT('',(-2.4123457094,0.865,9.2));
#221=CARTESIAN_POINT('',(-2.3787261364,0.865,9.1964958916));
#222=CARTESIAN_POINT('',(-2.302720876,0.865,9.1788838206));
#223=CARTESIAN_POINT('',(-2.2602458572,0.865,9.1613443695));
#224=CARTESIAN_POINT('',(-2.1845948541,0.865,9.1139021981));
#225=CARTESIAN_POINT('',(-2.1503727035,0.865,9.0834167938));
#226=CARTESIAN_POINT('',(-2.0947175106,0.865,9.0138169547));
#227=CARTESIAN_POINT('',(-2.0725122327,0.865,8.973756557));
#228=CARTESIAN_POINT('',(-2.0430188385,0.865,8.8896979561));
#229=CARTESIAN_POINT('',(-2.0353251026,0.865,8.8445418521));
#230=CARTESIAN_POINT('',(-2.0353251026,0.865,8.8));
#231=B_SPLINE_CURVE_WITH_KNOTS('',3,(#219,#220,#221,#222,#223,#224,#225,#226,#227,#228,
    #229,#230),.UNSPECIFIED.,.F.,.U.,
 (4,2,2,2,2,4),(0.0,0.1573054863,0.368576581,0.5791575967,0.7895761777,1.0),.UNSPECIFIED.);
#232=EDGE_CURVE('n° 539',#218,#210,#231,.T.);
#233=ORIENTED_EDGE('',*,*,#232,.F.);
#234=CARTESIAN_POINT('',(0.0,0.865,9.2));
#235=DIRECTION('',(-1.0,0.0,0.0));
#236=VECTOR('',#235,1.0);
#237=LINE('',#234,#236);
#238=EDGE_CURVE('n° 546',#218,#186,#237,.T.);
#239=ORIENTED_EDGE('',*,*,#238,.T.);
#240=EDGE_LOOP('',(#201,#207,#208,#216,#233,#239));
#241=FACE_OUTER_BOUND('',#240,.T.);
#242=CARTESIAN_POINT('',(0.0,0.865,9.0));
#243=DIRECTION('',(0.0,-1.0,-0.0));
#244=DIRECTION('',(1.0,0.0,0.0));
#245=AXIS2_PLACEMENT_3D('',#242,#243,#244);
#246=PLANE('',#245);
#247=ADVANCED_FACE('n° 45',(#241),#246,.F.);
#248=CARTESIAN_POINT('',(-2.8657667245,1.0858695652,8.6464568296));
#249=VERTEX_POINT('',#248);
#250=CARTESIAN_POINT('',(-2.8657667245,1.0858695652,8.8));
#251=VERTEX_POINT('',#250);
#252=CARTESIAN_POINT('',(-2.8657667245,1.0858695652,4.842));
#253=DIRECTION('',(0.0,-0.0,1.0));
#254=VECTOR('',#253,1.0);
#255=LINE('',#252,#254);
#256=EDGE_CURVE('n° 614',#249,#251,#255,.T.);
#257=ORIENTED_EDGE('',*,*,#256,.T.);
#258=CARTESIAN_POINT('',(-2.2342332755,1.0858695652,8.8));
#259=VERTEX_POINT('',#258);
#260=CARTESIAN_POINT('',(-2.55,1.119,8.8));
#261=DIRECTION('',(-0.0,0.0,-1.0));
#262=DIRECTION('',(0.0,-1.0,-0.0));
#263=AXIS2_PLACEMENT_3D('',#260,#261,#262);
#264=CIRCLE('',#263,0.3175);
#265=EDGE_CURVE('n° 617',#251,#259,#264,.T.);
#266=ORIENTED_EDGE('',*,*,#265,.T.);
#267=CARTESIAN_POINT('',(-2.2342332755,1.0858695652,6.6816650961));
#268=VERTEX_POINT('',#267);
#269=CARTESIAN_POINT('',(-2.2342332755,1.0858695652,4.842));
#270=DIRECTION('',(0.0,0.0,-1.0));
#271=VECTOR('',#270,1.0);
#272=LINE('',#269,#271);
#273=EDGE_CURVE('n° 605',#259,#268,#272,.T.);
#274=ORIENTED_EDGE('',*,*,#273,.T.);
#275=CARTESIAN_POINT('',(-2.2342332755,1.0858695652,6.6816650961));
#276=CARTESIAN_POINT('',(-2.2342332755,1.0858695652,6.6288073889));
#277=CARTESIAN_POINT('',(-2.2343660266,1.0845053756,6.5758904365));
#278=CARTESIAN_POINT('',(-2.2355504214,1.0745148946,6.3935203785));
#279=CARTESIAN_POINT('',(-2.2369129138,1.0581809213,6.2629224701));
#280=CARTESIAN_POINT('',(-2.2499715841,1.0139227984,6.0791604031));
#281=CARTESIAN_POINT('',(-2.2566324219,0.9947974287,6.0175221368));
#282=CARTESIAN_POINT('',(-2.2760712569,0.9577045869,5.9321105148));
#283=CARTESIAN_POINT('',(-2.2856013365,0.9419983982,5.9025345475));
#284=CARTESIAN_POINT('',(-2.3067795057,0.9144353063,5.8635514413));
#285=CARTESIAN_POINT('',(-2.3169410905,0.9027841597,5.8504968411));
#286=CARTESIAN_POINT('',(-2.341459699,0.878905456,5.8314376964));
#287=CARTESIAN_POINT('',(-2.35659707,0.8664766389,5.8263779273));
#288=CARTESIAN_POINT('',(-2.3882561067,0.8451245159,5.8267975525));
#289=CARTESIAN_POINT('',(-2.4051828618,0.8358608512,5.832072127));
#290=CARTESIAN_POINT('',(-2.4416260338,0.819790303,5.8512486845));
#291=CARTESIAN_POINT('',(-2.461567955,0.8134374736,5.8666616763));
#292=CARTESIAN_POINT('',(-2.5177394497,0.8008649391,5.9199251463));
#293=CARTESIAN_POINT('',(-2.5528988709,0.79996176,5.9661101034));
#294=CARTESIAN_POINT('',(-2.6151421184,0.8066940522,6.0647296704));
#295=CARTESIAN_POINT('',(-2.6431442682,0.8143079232,6.118517399));
#296=CARTESIAN_POINT('',(-2.7253402238,0.8471591136,6.3044121824));
#297=CARTESIAN_POINT('',(-2.7661745872,0.8825038605,6.449244845));
#298=CARTESIAN_POINT('',(-2.8084103091,0.9331177114,6.6771288388));
#299=CARTESIAN_POINT('',(-2.8199244587,0.9508605523,6.760625201));
#300=CARTESIAN_POINT('',(-2.8371945709,0.9824373195,6.925093622));
#301=CARTESIAN_POINT('',(-2.843387286,0.9968948119,7.0090007375));
#302=CARTESIAN_POINT('',(-2.8572539123,1.0346235244,7.2626000801));
#303=CARTESIAN_POINT('',(-2.8606567552,1.0524433128,7.4378403249));
#304=CARTESIAN_POINT('',(-2.8665927856,1.0860167175,7.9546925678));
#305=CARTESIAN_POINT('',(-2.8657667245,1.0858695652,8.3012428807));
#306=CARTESIAN_POINT('',(-2.8657667245,1.0858695652,8.6464568296));
#307=B_SPLINE_CURVE_WITH_KNOTS('',3,(#275,#276,#277,#278,#279,#280,#281,#282,#283,#284,
    #285,#286,#287,#288,#289,#290,#291,#292,#293,#294,
    #295,#296,#297,#298,#299,#300,#301,#302,#303,#304,
    #305,#306),.UNSPECIFIED.,.F.,.U.,
 (4,2,2,2,2,2,2,2,2,2,2,2,2,2,2,4),
 (0.0,0.0372217067,0.1289406916,0.1770437193,0.2059332396,0.2254718293,0.2474451788,0.2693021007,0.2951127176,0.3452736172,0.3950443952,0.5109786471,0.5724601974,0.6339417477,0.7569048482,1.0),.UNSPECIFIED.);
#308=EDGE_CURVE('n° 609',#268,#249,#307,.T.);
#309=ORIENTED_EDGE('',*,*,#308,.T.);
#310=EDGE_LOOP('',(#257,#266,#274,#309));
#311=FACE_OUTER_BOUND('',#310,.T.);
#312=CARTESIAN_POINT('',(-2.55,1.4365,4.9881771186));
#313=VERTEX_POINT('',#312);
#314=CARTESIAN_POINT('',(-2.55,1.119,4.9881771186));
#315=DIRECTION('',(0.0,-0.0,1.0));
#316=DIRECTION('',(0.0,1.0,0.0));
#317=AXIS2_PLACEMENT_3D('',#314,#315,#316);
#318=CIRCLE('',#317,0.3175);
#319=EDGE_CURVE('n° 595',#313,#313,#318,.T.);
#320=ORIENTED_EDGE('',*,*,#319,.T.);
#321=EDGE_LOOP('',(#320));
#322=FACE_BOUND('',#321,.T.);
#323=CARTESIAN_POINT('',(-2.55,1.119,4.842));
#324=DIRECTION('',(0.0,-0.0,1.0));
#325=DIRECTION('',(0.0,-1.0,-0.0));
#326=AXIS2_PLACEMENT_3D('',#323,#324,#325);
#327=CYLINDRICAL_SURFACE('',#326,0.3175);
#328=ADVANCED_FACE('n° 133',(#311,#322),#327,.T.);
#329=CARTESIAN_POINT('',(-2.4456436394,1.065,9.0));
#330=VERTEX_POINT('',#329);
#331=CARTESIAN_POINT('',(-2.6543563606,1.065,9.0));
#332=VERTEX_POINT('',#331);
#333=CARTESIAN_POINT('',(-2.55,1.119,9.0));
#334=DIRECTION('',(0.0,-0.0,1.0));
#335=DIRECTION('',(0.0,-1.0,-0.0));
#336=AXIS2_PLACEMENT_3D('',#333,#334,#335);
#337=CIRCLE('',#336,0.1175);
#338=EDGE_CURVE('n° 563',#330,#332,#337,.T.);
#339=ORIENTED_EDGE('',*,*,#338,.T.);
#340=CARTESIAN_POINT('',(-2.55,1.065,9.0));
#341=DIRECTION('',(1.0,0.0,0.0));
#342=VECTOR('',#341,1.0);
#343=LINE('',#340,#342);
#344=EDGE_CURVE('n° 566',#332,#330,#343,.T.);
#345=ORIENTED_EDGE('',*,*,#344,.T.);
#346=EDGE_LOOP('',(#339,#345));
#347=FACE_OUTER_BOUND('',#346,.T.);
#348=CARTESIAN_POINT('',(-2.55,1.119,9.0));
#349=DIRECTION('',(0.0,-0.0,1.0));
#350=DIRECTION('',(0.0,-1.0,-0.0));
#351=AXIS2_PLACEMENT_3D('',#348,#349,#350);
#352=PLANE('',#351);
#353=ADVANCED_FACE('n° 138',(#347),#352,.T.);
#354=CARTESIAN_POINT('',(-2.5494525343,1.373,0.1778647072));
#355=VERTEX_POINT('',#354);
#356=CARTESIAN_POINT('',(-2.5494525343,1.119,0.1778647072));
#357=DIRECTION('',(0.0029148593,0.0,-0.9999957518));
#358=DIRECTION('',(0.0,1.0,0.0));
#359=AXIS2_PLACEMENT_3D('',#356,#357,#358);
#360=CIRCLE('',#359,0.254);
#361=EDGE_CURVE('n° 189',#355,#355,#360,.T.);
#362=ORIENTED_EDGE('',*,*,#361,.T.);
#363=EDGE_LOOP('',(#362));
#364=FACE_OUTER_BOUND('',#363,.T.);
#365=CARTESIAN_POINT('',(-2.54,1.373,-3.065));
#366=VERTEX_POINT('',#365);
#367=CARTESIAN_POINT('',(-2.54,1.119,-3.065));
#368=DIRECTION('',(0.0029148593,0.0,-0.9999957518));
#369=DIRECTION('',(0.0,1.0,0.0));
#370=AXIS2_PLACEMENT_3D('',#367,#368,#369);
#371=CIRCLE('',#370,0.254);
#372=EDGE_CURVE('n° 206',#366,#366,#371,.T.);
#373=ORIENTED_EDGE('',*,*,#372,.F.);
#374=EDGE_LOOP('',(#373));
#375=FACE_BOUND('',#374,.T.);
#376=CARTESIAN_POINT('',(-2.5494525343,1.119,0.1778647072));
#377=DIRECTION('',(0.0029148593,0.0,-0.9999957518));
#378=DIRECTION('',(0.9999957518,-0.0,0.0029148593));
#379=AXIS2_PLACEMENT_3D('',#376,#377,#378);
#380=CYLINDRICAL_SURFACE('',#379,0.254);
#381=ADVANCED_FACE('n° 209',(#364,#375),#380,.T.);
#382=CARTESIAN_POINT('',(-2.210969795,1.373,0.6582281449));
#383=VERTEX_POINT('',#382);
#384=CARTESIAN_POINT('',(-2.210969795,1.119,0.6582281449));
#385=DIRECTION('',(-0.9426824591,0.0,-0.3336911467));
#386=DIRECTION('',(0.0,1.0,0.0));
#387=AXIS2_PLACEMENT_3D('',#384,#385,#386);
#388=CIRCLE('',#387,0.254);
#389=EDGE_CURVE('n° 192',#383,#383,#388,.T.);
#390=ORIENTED_EDGE('',*,*,#389,.T.);
#391=EDGE_LOOP('',(#390));
#392=FACE_OUTER_BOUND('',#391,.T.);
#393=ORIENTED_EDGE('',*,*,#361,.F.);
#394=EDGE_LOOP('',(#393));
#395=FACE_BOUND('',#394,.T.);
#396=CARTESIAN_POINT('',(-2.0414546924,1.119,0.1793454557));
#397=DIRECTION('',(0.0,-1.0,-0.0));
#398=DIRECTION('',(1.0,0.0,0.0));
#399=AXIS2_PLACEMENT_3D('',#396,#397,#398);
#400=TOROIDAL_SURFACE('',#399,0.508,0.254);
#401=ADVANCED_FACE('n° 213',(#392,#395),#400,.T.);
#402=CARTESIAN_POINT('',(-2.2113333333,1.373,2.5738875096));
#403=VERTEX_POINT('',#402);
#404=CARTESIAN_POINT('',(-2.2113333333,1.119,2.5738875096));
#405=DIRECTION('',(0.9428090416,0.0,-0.3333333333));
#406=DIRECTION('',(0.0,1.0,0.0));
#407=AXIS2_PLACEMENT_3D('',#404,#405,#406);
#408=CIRCLE('',#407,0.254);
#409=EDGE_CURVE('n° 195',#403,#403,#408,.T.);
#410=ORIENTED_EDGE('',*,*,#409,.T.);
#411=EDGE_LOOP('',(#410));
#412=FACE_OUTER_BOUND('',#411,.T.);
#413=ORIENTED_EDGE('',*,*,#389,.F.);
#414=EDGE_LOOP('',(#413));
#415=FACE_BOUND('',#414,.T.);
#416=CARTESIAN_POINT('',(-2.55,1.119,1.6159935233));
#417=DIRECTION('',(-0.0,1.0,0.0));
#418=DIRECTION('',(-1.0,-0.0,0.0));
#419=AXIS2_PLACEMENT_3D('',#416,#417,#418);
#420=TOROIDAL_SURFACE('',#419,1.016,0.254);
#421=ADVANCED_FACE('n° 217',(#412,#415),#420,.T.);
#422=CARTESIAN_POINT('',(-2.55,1.373,3.0528345027));
#423=VERTEX_POINT('',#422);
#424=CARTESIAN_POINT('',(-2.55,1.119,3.0528345027));
#425=DIRECTION('',(0.0,0.0,-1.0));
#426=DIRECTION('',(0.0,1.0,0.0));
#427=AXIS2_PLACEMENT_3D('',#424,#425,#426);
#428=CIRCLE('',#427,0.254);
#429=EDGE_CURVE('n° 198',#423,#423,#428,.T.);
#430=ORIENTED_EDGE('',*,*,#429,.T.);
#431=EDGE_LOOP('',(#430));
#432=FACE_OUTER_BOUND('',#431,.T.);
#433=ORIENTED_EDGE('',*,*,#409,.F.);
#434=EDGE_LOOP('',(#433));
#435=FACE_BOUND('',#434,.T.);
#436=CARTESIAN_POINT('',(-2.042,1.119,3.0528345027));
#437=DIRECTION('',(0.0,-1.0,-0.0));
#438=DIRECTION('',(1.0,0.0,0.0));
#439=AXIS2_PLACEMENT_3D('',#436,#437,#438);
#440=TOROIDAL_SURFACE('',#439,0.508,0.254);
#441=ADVANCED_FACE('n° 221',(#432,#435),#440,.T.);
#442=ORIENTED_EDGE('',*,*,#429,.F.);
#443=EDGE_LOOP('',(#442));
#444=FACE_OUTER_BOUND('',#443,.T.);
#445=CARTESIAN_POINT('',(-2.55,0.865,4.842));
#446=VERTEX_POINT('',#445);
#447=CARTESIAN_POINT('',(-2.55,1.119,4.842));
#448=DIRECTION('',(-0.0,0.0,-1.0));
#449=DIRECTION('',(0.0,-1.0,-0.0));
#450=AXIS2_PLACEMENT_3D('',#447,#448,#449);
#451=CIRCLE('',#450,0.254);
#452=EDGE_CURVE('n° 181',#446,#446,#451,.T.);
#453=ORIENTED_EDGE('',*,*,#452,.T.);
#454=EDGE_LOOP('',(#453));
#455=FACE_BOUND('',#454,.T.);
#456=CARTESIAN_POINT('',(-2.55,1.119,3.0528345027));
#457=DIRECTION('',(0.0,-0.0,1.0));
#458=DIRECTION('',(0.0,-1.0,-0.0));
#459=AXIS2_PLACEMENT_3D('',#456,#457,#458);
#460=CYLINDRICAL_SURFACE('',#459,0.254);
#461=ADVANCED_FACE('n° 225',(#444,#455),#460,.T.);
#462=ORIENTED_EDGE('',*,*,#372,.T.);
#463=EDGE_LOOP('',(#462));
#464=FACE_OUTER_BOUND('',#463,.T.);
#465=CARTESIAN_POINT('',(-2.54,1.119,-3.065));
#466=DIRECTION('',(0.0029148593,0.0,-0.9999957518));
#467=DIRECTION('',(0.0,1.0,0.0));
#468=AXIS2_PLACEMENT_3D('',#465,#466,#467);
#469=PLANE('',#468);
#470=ADVANCED_FACE('n° 230',(#464),#469,.T.);
#471=CARTESIAN_POINT('',(2.6543563606,-1.065,9.0));
#472=VERTEX_POINT('',#471);
#473=CARTESIAN_POINT('',(2.4456436394,-1.065,9.0));
#474=VERTEX_POINT('',#473);
#475=CARTESIAN_POINT('',(2.55,-1.065,9.0));
#476=DIRECTION('',(-1.0,0.0,0.0));
#477=VECTOR('',#476,1.0);
#478=LINE('',#475,#477);
#479=EDGE_CURVE('n° 626',#472,#474,#478,.T.);
#480=ORIENTED_EDGE('',*,*,#479,.T.);
#481=CARTESIAN_POINT('',(2.55,-1.119,9.0));
#482=DIRECTION('',(0.0,-0.0,1.0));
#483=DIRECTION('',(0.0,-1.0,-0.0));
#484=AXIS2_PLACEMENT_3D('',#481,#482,#483);
#485=CIRCLE('',#484,0.1175);
#486=EDGE_CURVE('n° 629',#474,#472,#485,.T.);
#487=ORIENTED_EDGE('',*,*,#486,.T.);
#488=EDGE_LOOP('',(#480,#487));
#489=FACE_OUTER_BOUND('',#488,.T.);
#490=CARTESIAN_POINT('',(2.55,-1.119,9.0));
#491=DIRECTION('',(0.0,-0.0,1.0));
#492=DIRECTION('',(-0.0,1.0,0.0));
#493=AXIS2_PLACEMENT_3D('',#490,#491,#492);
#494=PLANE('',#493);
#495=ADVANCED_FACE('n° 320',(#489),#494,.T.);
#496=CARTESIAN_POINT('',(2.2342332755,-1.0858695652,8.8));
#497=VERTEX_POINT('',#496);
#498=CARTESIAN_POINT('',(2.2342332755,-1.0858695652,6.6816650961));
#499=VERTEX_POINT('',#498);
#500=CARTESIAN_POINT('',(2.2342332755,-1.0858695652,4.842));
#501=DIRECTION('',(0.0,0.0,-1.0));
#502=VECTOR('',#501,1.0);
#503=LINE('',#500,#502);
#504=EDGE_CURVE('n° 526',#497,#499,#503,.T.);
#505=ORIENTED_EDGE('',*,*,#504,.T.);
#506=CARTESIAN_POINT('',(2.8657667245,-1.0858695652,8.6464568296));
#507=VERTEX_POINT('',#506);
#508=CARTESIAN_POINT('',(2.2342332755,-1.0858695652,6.6816650961));
#509=CARTESIAN_POINT('',(2.2342332755,-1.0858695652,6.6288073889));
#510=CARTESIAN_POINT('',(2.2343660266,-1.0845053756,6.5758904365));
#511=CARTESIAN_POINT('',(2.2355504214,-1.0745148946,6.3935203785));
#512=CARTESIAN_POINT('',(2.2369129138,-1.0581809213,6.2629224701));
#513=CARTESIAN_POINT('',(2.2499715841,-1.0139227984,6.0791604031));
#514=CARTESIAN_POINT('',(2.2566324219,-0.9947974287,6.0175221368));
#515=CARTESIAN_POINT('',(2.2760712569,-0.9577045869,5.9321105148));
#516=CARTESIAN_POINT('',(2.2856013365,-0.9419983982,5.9025345475));
#517=CARTESIAN_POINT('',(2.3067795057,-0.9144353063,5.8635514413));
#518=CARTESIAN_POINT('',(2.3169410905,-0.9027841597,5.8504968411));
#519=CARTESIAN_POINT('',(2.341459699,-0.878905456,5.8314376964));
#520=CARTESIAN_POINT('',(2.35659707,-0.8664766389,5.8263779273));
#521=CARTESIAN_POINT('',(2.3882561067,-0.8451245159,5.8267975525));
#522=CARTESIAN_POINT('',(2.4051828618,-0.8358608512,5.832072127));
#523=CARTESIAN_POINT('',(2.4416260338,-0.819790303,5.8512486845));
#524=CARTESIAN_POINT('',(2.461567955,-0.8134374736,5.8666616763));
#525=CARTESIAN_POINT('',(2.5177394497,-0.8008649391,5.9199251463));
#526=CARTESIAN_POINT('',(2.5528988709,-0.79996176,5.9661101034));
#527=CARTESIAN_POINT('',(2.6151421184,-0.8066940522,6.0647296704));
#528=CARTESIAN_POINT('',(2.6431442682,-0.8143079232,6.118517399));
#529=CARTESIAN_POINT('',(2.7253402238,-0.8471591136,6.3044121824));
#530=CARTESIAN_POINT('',(2.7661745872,-0.8825038605,6.449244845));
#531=CARTESIAN_POINT('',(2.8084103091,-0.9331177114,6.6771288388));
#532=CARTESIAN_POINT('',(2.8199244587,-0.9508605523,6.760625201));
#533=CARTESIAN_POINT('',(2.8371945709,-0.9824373195,6.925093622));
#534=CARTESIAN_POINT('',(2.843387286,-0.9968948119,7.0090007375));
#535=CARTESIAN_POINT('',(2.8572539123,-1.0346235244,7.2626000801));
#536=CARTESIAN_POINT('',(2.8606567552,-1.0524433128,7.4378403249));
#537=CARTESIAN_POINT('',(2.8665927856,-1.0860167175,7.9546925678));
#538=CARTESIAN_POINT('',(2.8657667245,-1.0858695652,8.3012428807));
#539=CARTESIAN_POINT('',(2.8657667245,-1.0858695652,8.6464568296));
#540=B_SPLINE_CURVE_WITH_KNOTS('',3,(#508,#509,#510,#511,#512,#513,#514,#515,#516,#517,
    #518,#519,#520,#521,#522,#523,#524,#525,#526,#527,
    #528,#529,#530,#531,#532,#533,#534,#535,#536,#537,
    #538,#539),.UNSPECIFIED.,.F.,.U.,
 (4,2,2,2,2,2,2,2,2,2,2,2,2,2,2,4),
 (0.0,0.0372217067,0.1289406916,0.1770437193,0.2059332396,0.2254718293,0.2474451788,0.2693021007,0.2951127176,0.3452736172,0.3950443952,0.5109786471,0.5724601974,0.6339417477,0.7569048482,1.0),.UNSPECIFIED.);
#541=EDGE_CURVE('n° 529',#499,#507,#540,.T.);
#542=ORIENTED_EDGE('',*,*,#541,.T.);
#543=CARTESIAN_POINT('',(2.8657667245,-1.0858695652,8.8));
#544=VERTEX_POINT('',#543);
#545=CARTESIAN_POINT('',(2.8657667245,-1.0858695652,4.842));
#546=DIRECTION('',(0.0,-0.0,1.0));
#547=VECTOR('',#546,1.0);
#548=LINE('',#545,#547);
#549=EDGE_CURVE('n° 522',#507,#544,#548,.T.);
#550=ORIENTED_EDGE('',*,*,#549,.T.);
#551=CARTESIAN_POINT('',(2.55,-1.119,8.8));
#552=DIRECTION('',(-0.0,0.0,-1.0));
#553=DIRECTION('',(0.0,-1.0,-0.0));
#554=AXIS2_PLACEMENT_3D('',#551,#552,#553);
#555=CIRCLE('',#554,0.3175);
#556=EDGE_CURVE('n° 518',#544,#497,#555,.T.);
#557=ORIENTED_EDGE('',*,*,#556,.T.);
#558=EDGE_LOOP('',(#505,#542,#550,#557));
#559=FACE_OUTER_BOUND('',#558,.T.);
#560=CARTESIAN_POINT('',(2.55,-0.8015,4.9881771186));
#561=VERTEX_POINT('',#560);
#562=CARTESIAN_POINT('',(2.55,-1.119,4.9881771186));
#563=DIRECTION('',(0.0,-0.0,1.0));
#564=DIRECTION('',(0.0,1.0,0.0));
#565=AXIS2_PLACEMENT_3D('',#562,#563,#564);
#566=CIRCLE('',#565,0.3175);
#567=EDGE_CURVE('n° 508',#561,#561,#566,.T.);
#568=ORIENTED_EDGE('',*,*,#567,.T.);
#569=EDGE_LOOP('',(#568));
#570=FACE_BOUND('',#569,.T.);
#571=CARTESIAN_POINT('',(2.55,-1.119,4.842));
#572=DIRECTION('',(0.0,-0.0,1.0));
#573=DIRECTION('',(0.0,-1.0,-0.0));
#574=AXIS2_PLACEMENT_3D('',#571,#572,#573);
#575=CYLINDRICAL_SURFACE('',#574,0.3175);
#576=ADVANCED_FACE('n° 323',(#559,#570),#575,.T.);
#577=CARTESIAN_POINT('',(2.5494525343,-1.373,0.1778647072));
#578=VERTEX_POINT('',#577);
#579=CARTESIAN_POINT('',(2.5494525343,-1.119,0.1778647072));
#580=DIRECTION('',(-0.0029148593,0.0,-0.9999957518));
#581=DIRECTION('',(0.0,-1.0,-0.0));
#582=AXIS2_PLACEMENT_3D('',#579,#580,#581);
#583=CIRCLE('',#582,0.254);
#584=EDGE_CURVE('n° 365',#578,#578,#583,.T.);
#585=ORIENTED_EDGE('',*,*,#584,.T.);
#586=EDGE_LOOP('',(#585));
#587=FACE_OUTER_BOUND('',#586,.T.);
#588=CARTESIAN_POINT('',(2.54,-1.373,-3.065));
#589=VERTEX_POINT('',#588);
#590=CARTESIAN_POINT('',(2.54,-1.119,-3.065));
#591=DIRECTION('',(-0.0029148593,0.0,-0.9999957518));
#592=DIRECTION('',(0.0,-1.0,-0.0));
#593=AXIS2_PLACEMENT_3D('',#590,#591,#592);
#594=CIRCLE('',#593,0.254);
#595=EDGE_CURVE('n° 381',#589,#589,#594,.T.);
#596=ORIENTED_EDGE('',*,*,#595,.F.);
#597=EDGE_LOOP('',(#596));
#598=FACE_BOUND('',#597,.T.);
#599=CARTESIAN_POINT('',(2.5494525343,-1.119,0.1778647072));
#600=DIRECTION('',(-0.0029148593,0.0,-0.9999957518));
#601=DIRECTION('',(0.9999957518,0.0,-0.0029148593));
#602=AXIS2_PLACEMENT_3D('',#599,#600,#601);
#603=CYLINDRICAL_SURFACE('',#602,0.254);
#604=ADVANCED_FACE('n° 384',(#587,#598),#603,.T.);
#605=CARTESIAN_POINT('',(2.210969795,-1.373,0.6582281449));
#606=VERTEX_POINT('',#605);
#607=CARTESIAN_POINT('',(2.210969795,-1.119,0.6582281449));
#608=DIRECTION('',(0.9426824591,0.0,-0.3336911467));
#609=DIRECTION('',(0.0,-1.0,-0.0));
#610=AXIS2_PLACEMENT_3D('',#607,#608,#609);
#611=CIRCLE('',#610,0.254);
#612=EDGE_CURVE('n° 368',#606,#606,#611,.T.);
#613=ORIENTED_EDGE('',*,*,#612,.T.);
#614=EDGE_LOOP('',(#613));
#615=FACE_OUTER_BOUND('',#614,.T.);
#616=ORIENTED_EDGE('',*,*,#584,.F.);
#617=EDGE_LOOP('',(#616));
#618=FACE_BOUND('',#617,.T.);
#619=CARTESIAN_POINT('',(2.0414546924,-1.119,0.1793454557));
#620=DIRECTION('',(-0.0,1.0,0.0));
#621=DIRECTION('',(-1.0,-0.0,-0.0));
#622=AXIS2_PLACEMENT_3D('',#619,#620,#621);
#623=TOROIDAL_SURFACE('',#622,0.508,0.254);
#624=ADVANCED_FACE('n° 388',(#615,#618),#623,.T.);
#625=CARTESIAN_POINT('',(2.2113333333,-1.373,2.5738875096));
#626=VERTEX_POINT('',#625);
#627=CARTESIAN_POINT('',(2.2113333333,-1.119,2.5738875096));
#628=DIRECTION('',(-0.9428090416,0.0,-0.3333333333));
#629=DIRECTION('',(0.0,-1.0,-0.0));
#630=AXIS2_PLACEMENT_3D('',#627,#628,#629);
#631=CIRCLE('',#630,0.254);
#632=EDGE_CURVE('n° 371',#626,#626,#631,.T.);
#633=ORIENTED_EDGE('',*,*,#632,.T.);
#634=EDGE_LOOP('',(#633));
#635=FACE_OUTER_BOUND('',#634,.T.);
#636=ORIENTED_EDGE('',*,*,#612,.F.);
#637=EDGE_LOOP('',(#636));
#638=FACE_BOUND('',#637,.T.);
#639=CARTESIAN_POINT('',(2.55,-1.119,1.6159935233));
#640=DIRECTION('',(0.0,-1.0,-0.0));
#641=DIRECTION('',(1.0,0.0,0.0));
#642=AXIS2_PLACEMENT_3D('',#639,#640,#641);
#643=TOROIDAL_SURFACE('',#642,1.016,0.254);
#644=ADVANCED_FACE('n° 392',(#635,#638),#643,.T.);
#645=CARTESIAN_POINT('',(2.55,-1.373,3.0528345027));
#646=VERTEX_POINT('',#645);
#647=CARTESIAN_POINT('',(2.55,-1.119,3.0528345027));
#648=DIRECTION('',(0.0,0.0,-1.0));
#649=DIRECTION('',(0.0,-1.0,-0.0));
#650=AXIS2_PLACEMENT_3D('',#647,#648,#649);
#651=CIRCLE('',#650,0.254);
#652=EDGE_CURVE('n° 374',#646,#646,#651,.T.);
#653=ORIENTED_EDGE('',*,*,#652,.T.);
#654=EDGE_LOOP('',(#653));
#655=FACE_OUTER_BOUND('',#654,.T.);
#656=ORIENTED_EDGE('',*,*,#632,.F.);
#657=EDGE_LOOP('',(#656));
#658=FACE_BOUND('',#657,.T.);
#659=CARTESIAN_POINT('',(2.042,-1.119,3.0528345027));
#660=DIRECTION('',(-0.0,1.0,0.0));
#661=DIRECTION('',(-1.0,-0.0,-0.0));
#662=AXIS2_PLACEMENT_3D('',#659,#660,#661);
#663=TOROIDAL_SURFACE('',#662,0.508,0.254);
#664=ADVANCED_FACE('n° 396',(#655,#658),#663,.T.);
#665=ORIENTED_EDGE('',*,*,#652,.F.);
#666=EDGE_LOOP('',(#665));
#667=FACE_OUTER_BOUND('',#666,.T.);
#668=CARTESIAN_POINT('',(2.55,-1.373,4.842));
#669=VERTEX_POINT('',#668);
#670=CARTESIAN_POINT('',(2.55,-1.119,4.842));
#671=DIRECTION('',(-0.0,0.0,-1.0));
#672=DIRECTION('',(0.0,-1.0,-0.0));
#673=AXIS2_PLACEMENT_3D('',#670,#671,#672);
#674=CIRCLE('',#673,0.254);
#675=EDGE_CURVE('n° 357',#669,#669,#674,.T.);
#676=ORIENTED_EDGE('',*,*,#675,.T.);
#677=EDGE_LOOP('',(#676));
#678=FACE_BOUND('',#677,.T.);
#679=CARTESIAN_POINT('',(2.55,-1.119,3.0528345027));
#680=DIRECTION('',(0.0,-0.0,1.0));
#681=DIRECTION('',(0.0,-1.0,-0.0));
#682=AXIS2_PLACEMENT_3D('',#679,#680,#681);
#683=CYLINDRICAL_SURFACE('',#682,0.254);
#684=ADVANCED_FACE('n° 400',(#667,#678),#683,.T.);
#685=ORIENTED_EDGE('',*,*,#595,.T.);
#686=EDGE_LOOP('',(#685));
#687=FACE_OUTER_BOUND('',#686,.T.);
#688=CARTESIAN_POINT('',(2.54,-1.119,-3.065));
#689=DIRECTION('',(-0.0029148593,0.0,-0.9999957518));
#690=DIRECTION('',(0.0,-1.0,-0.0));
#691=AXIS2_PLACEMENT_3D('',#688,#689,#690);
#692=PLANE('',#691);
#693=ADVANCED_FACE('n° 405',(#687),#692,.T.);
#694=CARTESIAN_POINT('',(2.4456436394,-1.065,9.2));
#695=DIRECTION('',(1.0,0.0,0.0));
#696=DIRECTION('',(0.0,1.0,0.0));
#697=AXIS2_PLACEMENT_3D('',#694,#695,#696);
#698=CIRCLE('',#697,0.2);
#699=EDGE_CURVE('n° 676',#474,#36,#698,.T.);
#700=ORIENTED_EDGE('',*,*,#699,.F.);
#701=ORIENTED_EDGE('',*,*,#479,.F.);
#702=CARTESIAN_POINT('',(2.6543563606,-1.065,9.2));
#703=DIRECTION('',(-1.0,0.0,0.0));
#704=DIRECTION('',(0.0,-1.0,-0.0));
#705=AXIS2_PLACEMENT_3D('',#702,#703,#704);
#706=CIRCLE('',#705,0.2);
#707=EDGE_CURVE('n° 673',#53,#472,#706,.T.);
#708=ORIENTED_EDGE('',*,*,#707,.F.);
#709=ORIENTED_EDGE('',*,*,#58,.F.);
#710=EDGE_LOOP('',(#700,#701,#708,#709));
#711=FACE_OUTER_BOUND('',#710,.T.);
#712=CARTESIAN_POINT('',(0.0,-1.065,9.2));
#713=DIRECTION('',(1.0,0.0,0.0));
#714=DIRECTION('',(0.0,1.0,0.0));
#715=AXIS2_PLACEMENT_3D('',#712,#713,#714);
#716=CYLINDRICAL_SURFACE('',#715,0.2);
#717=ADVANCED_FACE('n° 650',(#711),#716,.F.);
#718=CARTESIAN_POINT('',(2.6543563606,-1.065,9.0));
#719=CARTESIAN_POINT('',(2.6782856436,-1.0730639469,9.0));
#720=CARTESIAN_POINT('',(2.6984401812,-1.0758563225,8.9974995228));
#721=CARTESIAN_POINT('',(2.7376225834,-1.0803599425,8.9868279664));
#722=CARTESIAN_POINT('',(2.7562940018,-1.0815883212,8.9785978937));
#723=CARTESIAN_POINT('',(2.7923932493,-1.083587983,8.9557702767));
#724=CARTESIAN_POINT('',(2.8097053533,-1.0842276158,8.9400904291));
#725=CARTESIAN_POINT('',(2.8374588145,-1.0851508994,8.904571018));
#726=CARTESIAN_POINT('',(2.8483599007,-1.0854366982,8.8842950521));
#727=CARTESIAN_POINT('',(2.8622465284,-1.0857901949,8.8428786946));
#728=CARTESIAN_POINT('',(2.8657667245,-1.0858695661,8.8213037722));
#729=CARTESIAN_POINT('',(2.8657667246,-1.0858695661,8.8000000011));
#730=B_SPLINE_CURVE_WITH_KNOTS('',3,(#718,#719,#720,#721,#722,#723,#724,#725,#726,#727,
    #728,#729),.UNSPECIFIED.,.F.,.U.,
 (4,2,2,2,2,4),(0.0,0.1866252656,0.3736280552,0.5874805962,0.7987591141,1.0),.UNSPECIFIED.);
#731=EDGE_CURVE('n° 672',#472,#544,#730,.T.);
#732=ORIENTED_EDGE('',*,*,#731,.F.);
#733=ORIENTED_EDGE('',*,*,#486,.F.);
#734=CARTESIAN_POINT('',(2.2342332755,-1.0858695652,8.8));
#735=CARTESIAN_POINT('',(2.2342332755,-1.0858695652,8.822270926));
#736=CARTESIAN_POINT('',(2.2380889803,-1.0857829901,8.844848978));
#737=CARTESIAN_POINT('',(2.2528772887,-1.0854036844,8.8868782785));
#738=CARTESIAN_POINT('',(2.2640124137,-1.0851084909,8.9069084773));
#739=CARTESIAN_POINT('',(2.2919592122,-1.0841648839,8.9417083969));
#740=CARTESIAN_POINT('',(2.309152775,-1.0835181095,8.956951099));
#741=CARTESIAN_POINT('',(2.3473322362,-1.0813704821,8.9806721848));
#742=CARTESIAN_POINT('',(2.3687743886,-1.0799545209,8.9894419103));
#743=CARTESIAN_POINT('',(2.4081680888,-1.0747067791,8.9982479458));
#744=CARTESIAN_POINT('',(2.4254782683,-1.0717955434,9.0));
#745=CARTESIAN_POINT('',(2.4456436394,-1.065,9.0));
#746=B_SPLINE_CURVE_WITH_KNOTS('',3,(#734,#735,#736,#737,#738,#739,#740,#741,#742,#743,
    #744,#745),.UNSPECIFIED.,.F.,.U.,
 (4,2,2,2,2,4),(0.0,0.2104238223,0.4208424033,0.631423419,0.8426945137,1.0),.UNSPECIFIED.);
#747=EDGE_CURVE('n° 677',#497,#474,#746,.T.);
#748=ORIENTED_EDGE('',*,*,#747,.F.);
#749=ORIENTED_EDGE('',*,*,#556,.F.);
#750=EDGE_LOOP('',(#732,#733,#748,#749));
#751=FACE_OUTER_BOUND('',#750,.T.);
#752=CARTESIAN_POINT('',(2.55,-1.119,8.8));
#753=DIRECTION('',(0.0,-0.0,1.0));
#754=DIRECTION('',(0.0,-1.0,-0.0));
#755=AXIS2_PLACEMENT_3D('',#752,#753,#754);
#756=TOROIDAL_SURFACE('',#755,0.1175,0.2);
#757=ADVANCED_FACE('n° 654',(#751),#756,.T.);
#758=ORIENTED_EDGE('',*,*,#707,.T.);
#759=ORIENTED_EDGE('',*,*,#731,.T.);
#760=CARTESIAN_POINT('',(3.0646748974,-1.065,8.8));
#761=DIRECTION('',(0.0,-0.0,1.0));
#762=DIRECTION('',(0.0,1.0,0.0));
#763=AXIS2_PLACEMENT_3D('',#760,#761,#762);
#764=CIRCLE('',#763,0.2);
#765=EDGE_CURVE('n° 679',#61,#544,#764,.T.);
#766=ORIENTED_EDGE('',*,*,#765,.F.);
#767=ORIENTED_EDGE('',*,*,#75,.T.);
#768=EDGE_LOOP('',(#758,#759,#766,#767));
#769=FACE_OUTER_BOUND('',#768,.T.);
#770=CARTESIAN_POINT('',(2.6543563606,-0.865,9.2));
#771=CARTESIAN_POINT('',(2.6543563606,-0.865,9.179056049));
#772=CARTESIAN_POINT('',(2.6543563606,-0.8683166599,9.1581154822));
#773=CARTESIAN_POINT('',(2.6543563606,-0.8812607335,9.11827772));
#774=CARTESIAN_POINT('',(2.6543563606,-0.8908860556,9.0993869618));
#775=CARTESIAN_POINT('',(2.6543563606,-0.9155071467,9.0654989372));
#776=CARTESIAN_POINT('',(2.6543563606,-0.9304989372,9.0505071467));
#777=CARTESIAN_POINT('',(2.6543563606,-0.9643869619,9.0258860556));
#778=CARTESIAN_POINT('',(2.6543563606,-0.98327772,9.0162607335));
#779=CARTESIAN_POINT('',(2.6543563606,-1.0231154822,9.0033166599));
#780=CARTESIAN_POINT('',(2.6543563606,-1.044056049,9.0));
#781=CARTESIAN_POINT('',(2.6543563606,-1.065,9.0));
#782=CARTESIAN_POINT('',(2.6938694242,-0.865,9.2));
#783=CARTESIAN_POINT('',(2.6922374945,-0.865,9.1785184525));
#784=CARTESIAN_POINT('',(2.6906058285,-0.868488288,9.1570407228));
#785=CARTESIAN_POINT('',(2.6875017138,-0.8820858641,9.1162847717));
#786=CARTESIAN_POINT('',(2.6860297666,-0.8921927407,9.0970137953));
#787=CARTESIAN_POINT('',(2.6833892489,-0.9179923568,9.0626530077));
#788=CARTESIAN_POINT('',(2.6822211051,-0.9336805199,9.0475693097));
#789=CARTESIAN_POINT('',(2.6803026567,-0.9690340233,9.0231360497));
#790=CARTESIAN_POINT('',(2.6795526621,-0.9886930902,9.0137908435));
#791=CARTESIAN_POINT('',(2.6785440741,-1.0299709429,9.0017995154));
#792=CARTESIAN_POINT('',(2.6782856436,-1.0515823994,8.9991555455));
#793=CARTESIAN_POINT('',(2.6782856436,-1.0730639469,9.0));
#794=CARTESIAN_POINT('',(2.7338086262,-0.865,9.1949990457));
#795=CARTESIAN_POINT('',(2.7299868251,-0.865,9.1735673866));
#796=CARTESIAN_POINT('',(2.7261657203,-0.8685517634,9.1521396946));
#797=CARTESIAN_POINT('',(2.7189192932,-0.8823895557,9.1115210248));
#798=CARTESIAN_POINT('',(2.7154952911,-0.8926730255,9.0923375659));
#799=CARTESIAN_POINT('',(2.7093991321,-0.918899977,9.0582177909));
#800=CARTESIAN_POINT('',(2.7067280861,-0.9348386084,9.0432877913));
#801=CARTESIAN_POINT('',(2.7024158016,-0.9707090758,9.0192406155));
#802=CARTESIAN_POINT('',(2.7007753493,-0.9906342778,9.0101278918));
#803=CARTESIAN_POINT('',(2.6986952349,-1.0323929864,8.9986722358));
#804=CARTESIAN_POINT('',(2.6982559525,-1.0542187695,8.9963314259));
#805=CARTESIAN_POINT('',(2.6984401812,-1.0758563225,8.9974995228));
#806=CARTESIAN_POINT('',(2.8099810618,-0.865,9.1736559328));
#807=CARTESIAN_POINT('',(2.8020253658,-0.865,9.153070093));
#808=CARTESIAN_POINT('',(2.794071214,-0.8686519662,9.1324882794));
#809=CARTESIAN_POINT('',(2.7790129162,-0.8828696999,9.0935324225));
#810=CARTESIAN_POINT('',(2.7719116932,-0.8934326894,9.0751659984));
#811=CARTESIAN_POINT('',(2.7593212095,-0.9203384865,9.0426191476));
#812=CARTESIAN_POINT('',(2.7538343929,-0.9366760366,9.0284450871));
#813=CARTESIAN_POINT('',(2.7450618434,-0.9733751026,9.0058106981));
#814=CARTESIAN_POINT('',(2.7417778137,-0.993729447,8.9973547977));
#815=CARTESIAN_POINT('',(2.7377639558,-1.0362732589,8.9870695462));
#816=CARTESIAN_POINT('',(2.7370349071,-1.0584544125,8.9852422086));
#817=CARTESIAN_POINT('',(2.7376225834,-1.0803599425,8.9868279664));
#818=CARTESIAN_POINT('',(2.8469324298,-0.865,9.1571957874));
#819=CARTESIAN_POINT('',(2.8369105546,-0.865,9.1374327264));
#820=CARTESIAN_POINT('',(2.826890664,-0.868679738,9.1176735899));
#821=CARTESIAN_POINT('',(2.80793226,-0.8830026183,9.0802907007));
#822=CARTESIAN_POINT('',(2.7989975009,-0.8936429183,9.0626743714));
#823=CARTESIAN_POINT('',(2.783177601,-0.9207359586,9.0314887613));
#824=CARTESIAN_POINT('',(2.7762955929,-0.9371833225,9.0179256734));
#825=CARTESIAN_POINT('',(2.7653274763,-0.9741094046,8.9963193342));
#826=CARTESIAN_POINT('',(2.7612435398,-0.9945807953,8.9882803738));
#827=CARTESIAN_POINT('',(2.7563150693,-1.0373368021,8.9785964859));
#828=CARTESIAN_POINT('',(2.7554715115,-1.0596129338,8.9769534817));
#829=CARTESIAN_POINT('',(2.7562940018,-1.0815883212,8.9785978937));
#830=CARTESIAN_POINT('',(2.9184771016,-0.865,9.1115405533));
#831=CARTESIAN_POINT('',(2.904438493,-0.865,9.0941819628));
#832=CARTESIAN_POINT('',(2.8904027328,-0.8687249289,9.0768269046));
#833=CARTESIAN_POINT('',(2.8638643258,-0.8832189116,9.044015189));
#834=CARTESIAN_POINT('',(2.8513670637,-0.893985019,9.0285652085));
#835=CARTESIAN_POINT('',(2.8292764193,-0.9213827797,9.0012607345));
#836=CARTESIAN_POINT('',(2.8196875192,-0.9380088637,8.9894117974));
#837=CARTESIAN_POINT('',(2.8044660719,-0.9753044555,8.9706118345));
#838=CARTESIAN_POINT('',(2.7988366131,-0.9959663818,8.9636646345));
#839=CARTESIAN_POINT('',(2.7921528652,-1.0390678995,8.9554329438));
#840=CARTESIAN_POINT('',(2.7910999324,-1.061498729,8.9541501285));
#841=CARTESIAN_POINT('',(2.7923932493,-1.083587983,8.9557702767));
#842=CARTESIAN_POINT('',(2.9529397379,-0.865,9.0801808582));
#843=CARTESIAN_POINT('',(2.9369493244,-0.865,9.0645357091));
#844=CARTESIAN_POINT('',(2.9209621852,-0.8687394935,9.0488937675));
#845=CARTESIAN_POINT('',(2.8907420662,-0.883288582,9.0193272363));
#846=CARTESIAN_POINT('',(2.8765152742,-0.8940951964,9.0054087085));
#847=CARTESIAN_POINT('',(2.8513834085,-0.9215909437,8.9808235566));
#848=CARTESIAN_POINT('',(2.8404834807,-0.9382744434,8.9701619732));
#849=CARTESIAN_POINT('',(2.8232071501,-0.9756884792,8.9532669727));
#850=CARTESIAN_POINT('',(2.8168342849,-0.9964113501,8.9470370195));
#851=CARTESIAN_POINT('',(2.8093158038,-1.0396229046,8.9396936533));
#852=CARTESIAN_POINT('',(2.8081717276,-1.0621027354,8.9385817459));
#853=CARTESIAN_POINT('',(2.8097053533,-1.0842276158,8.9400904291));
#854=CARTESIAN_POINT('',(3.0082151668,-0.865,9.0091420361));
#855=CARTESIAN_POINT('',(2.9890898767,-0.865,8.9974250437));
#856=CARTESIAN_POINT('',(2.9699685468,-0.8687605224,8.9857104808));
#857=CARTESIAN_POINT('',(2.9338355925,-0.8833891734,8.9635747251));
#858=CARTESIAN_POINT('',(2.91683145,-0.8942542715,8.9531581221));
#859=CARTESIAN_POINT('',(2.8868169034,-0.9218914846,8.9347732128));
#860=CARTESIAN_POINT('',(2.8738127142,-0.9386578743,8.9268087185));
#861=CARTESIAN_POINT('',(2.8532399072,-0.9762428914,8.9142116875));
#862=CARTESIAN_POINT('',(2.8456755494,-0.9970537328,8.9095817627));
#863=CARTESIAN_POINT('',(2.8368223941,-1.0404240961,8.9041683575));
#864=CARTESIAN_POINT('',(2.8355354298,-1.0629746335,8.9033859996));
#865=CARTESIAN_POINT('',(2.8374588145,-1.0851508994,8.904571018));
#866=CARTESIAN_POINT('',(3.0299547597,-0.865,8.9685901043));
#867=CARTESIAN_POINT('',(3.0095928921,-0.865,8.9591365156));
#868=CARTESIAN_POINT('',(2.9892352569,-0.8687670533,8.9496848932));
#869=CARTESIAN_POINT('',(2.9507703158,-0.8834204064,8.9318267557));
#870=CARTESIAN_POINT('',(2.9326710051,-0.8943036601,8.9234239548));
#871=CARTESIAN_POINT('',(2.9007318726,-0.9219847646,8.9085965275));
#872=CARTESIAN_POINT('',(2.8868986895,-0.9387768613,8.9021749848));
#873=CARTESIAN_POINT('',(2.8650284565,-0.9764148538,8.8920236283));
#874=CARTESIAN_POINT('',(2.8569959524,-0.9972529256,8.8882959257));
#875=CARTESIAN_POINT('',(2.847620742,-1.0406723527,8.8839471098));
#876=CARTESIAN_POINT('',(2.8462799846,-1.0632446824,8.883326901));
#877=CARTESIAN_POINT('',(2.8483599007,-1.0854366982,8.8842950521));
#878=CARTESIAN_POINT('',(3.0576507543,-0.865,8.8857573891));
#879=CARTESIAN_POINT('',(3.0357130746,-0.865,8.8809419972));
#880=CARTESIAN_POINT('',(3.0137799742,-0.8687751317,8.8761276114));
#881=CARTESIAN_POINT('',(2.9723433579,-0.8834590395,8.8670324165));
#882=CARTESIAN_POINT('',(2.9528484914,-0.8943647504,8.8627535079));
#883=CARTESIAN_POINT('',(2.9184569971,-0.9221001451,8.8552055098));
#884=CARTESIAN_POINT('',(2.9035675481,-0.9389240392,8.8519379975));
#885=CARTESIAN_POINT('',(2.8800443712,-0.9766275564,8.846776718));
#886=CARTESIAN_POINT('',(2.8714155537,-0.9974993087,8.8448840294));
#887=CARTESIAN_POINT('',(2.8613756942,-1.0409794196,8.84268353));
#888=CARTESIAN_POINT('',(2.859966748,-1.0635787015,8.8423761789));
#889=CARTESIAN_POINT('',(2.8622465284,-1.0857901949,8.8428786946));
#890=CARTESIAN_POINT('',(3.0646749107,-0.865,8.8426075445));
#891=CARTESIAN_POINT('',(3.0423371181,-0.865,8.8402150875));
#892=CARTESIAN_POINT('',(3.020003993,-0.8687769481,8.8378231304));
#893=CARTESIAN_POINT('',(2.9778128923,-0.8834677254,8.8333043136));
#894=CARTESIAN_POINT('',(2.9579637326,-0.8943784849,8.831178398));
#895=CARTESIAN_POINT('',(2.9229497527,-0.9221260817,8.8274282764));
#896=CARTESIAN_POINT('',(2.9077922488,-0.9389571211,8.8258048538));
#897=CARTESIAN_POINT('',(2.8838497624,-0.9766753563,8.8232405284));
#898=CARTESIAN_POINT('',(2.8750697829,-0.9975546707,8.8223001614));
#899=CARTESIAN_POINT('',(2.8648617541,-1.0410483952,8.8212068453));
#900=CARTESIAN_POINT('',(2.8634358378,-1.0636537171,8.8210541246));
#901=CARTESIAN_POINT('',(2.8657667379,-1.0858695647,8.8213037722));
#902=CARTESIAN_POINT('',(3.0646749109,-0.865,8.8000000021));
#903=CARTESIAN_POINT('',(3.0423371183,-0.865,8.800000002));
#904=CARTESIAN_POINT('',(3.0200039932,-0.8687769481,8.8000000019));
#905=CARTESIAN_POINT('',(2.9778128925,-0.8834677254,8.8000000016));
#906=CARTESIAN_POINT('',(2.9579637328,-0.8943784849,8.8000000015));
#907=CARTESIAN_POINT('',(2.9229497528,-0.9221260817,8.8000000014));
#908=CARTESIAN_POINT('',(2.9077922489,-0.9389571211,8.8000000013));
#909=CARTESIAN_POINT('',(2.8838497625,-0.9766753563,8.8000000011));
#910=CARTESIAN_POINT('',(2.875069783,-0.9975546707,8.8000000011));
#911=CARTESIAN_POINT('',(2.8648617542,-1.0410483952,8.800000001));
#912=CARTESIAN_POINT('',(2.8634358379,-1.0636537171,8.800000001));
#913=CARTESIAN_POINT('',(2.865766738,-1.0858695647,8.8000000011));
#914=B_SPLINE_SURFACE_WITH_KNOTS('',3,3,((#770,#771,#772,#773,#774,#775,#776,#777,#778,#779,#780,#781),
    (#782,#783,#784,#785,#786,#787,#788,#789,#790,#791,#792,#793),
    (#794,#795,#796,#797,#798,#799,#800,#801,#802,#803,#804,#805),
    (#806,#807,#808,#809,#810,#811,#812,#813,#814,#815,#816,#817),
    (#818,#819,#820,#821,#822,#823,#824,#825,#826,#827,#828,#829),
    (#830,#831,#832,#833,#834,#835,#836,#837,#838,#839,#840,#841),
    (#842,#843,#844,#845,#846,#847,#848,#849,#850,#851,#852,#853),
    (#854,#855,#856,#857,#858,#859,#860,#861,#862,#863,#864,#865),
    (#866,#867,#868,#869,#870,#871,#872,#873,#874,#875,#876,#877),
    (#878,#879,#880,#881,#882,#883,#884,#885,#886,#887,#888,#889),
    (#890,#891,#892,#893,#894,#895,#896,#897,#898,#899,#900,#901),
    (#902,#903,#904,#905,#906,#907,#908,#909,#910,#911,#912,#913)),.UNSPECIFIED.,.F.,.F.,.U.,
 (4,2,2,2,2,4),(4,2,2,2,2,4),(0.0,0.1866252656,0.3736280552,0.5874805962,0.7987591141,1.0),(0.0,0.2,0.4,0.6,0.8,1.0),.UNSPECIFIED.);
#915=ADVANCED_FACE('n° 656',(#769),#914,.F.);
#916=ORIENTED_EDGE('',*,*,#699,.T.);
#917=ORIENTED_EDGE('',*,*,#50,.T.);
#918=CARTESIAN_POINT('',(2.0353251026,-1.065,8.8));
#919=DIRECTION('',(-0.0,-0.0,1.0));
#920=DIRECTION('',(0.0,1.0,0.0));
#921=AXIS2_PLACEMENT_3D('',#918,#919,#920);
#922=CIRCLE('',#921,0.2);
#923=EDGE_CURVE('n° 682',#497,#28,#922,.T.);
#924=ORIENTED_EDGE('',*,*,#923,.F.);
#925=ORIENTED_EDGE('',*,*,#747,.T.);
#926=EDGE_LOOP('',(#916,#917,#924,#925));
#927=FACE_OUTER_BOUND('',#926,.T.);
#928=CARTESIAN_POINT('',(2.0353251026,-0.865,8.8));
#929=CARTESIAN_POINT('',(2.0576628953,-0.865,8.8));
#930=CARTESIAN_POINT('',(2.0799960204,-0.8687769481,8.8));
#931=CARTESIAN_POINT('',(2.1221871212,-0.8834677255,8.8));
#932=CARTESIAN_POINT('',(2.1420362809,-0.8943784849,8.8));
#933=CARTESIAN_POINT('',(2.1770502609,-0.9221260819,8.8));
#934=CARTESIAN_POINT('',(2.1922077648,-0.9389571213,8.8));
#935=CARTESIAN_POINT('',(2.2161502512,-0.9766753566,8.8));
#936=CARTESIAN_POINT('',(2.2249302307,-0.9975546711,8.8));
#937=CARTESIAN_POINT('',(2.2351382594,-1.0410483957,8.8));
#938=CARTESIAN_POINT('',(2.2365641756,-1.0636537176,8.8));
#939=CARTESIAN_POINT('',(2.2342332755,-1.0858695652,8.8));
#940=CARTESIAN_POINT('',(2.0353251026,-0.865,8.8445418521));
#941=CARTESIAN_POINT('',(2.0576628953,-0.865,8.8420407818));
#942=CARTESIAN_POINT('',(2.0799960204,-0.8687769481,8.839540234));
#943=CARTESIAN_POINT('',(2.1221871212,-0.8834677255,8.8348162709));
#944=CARTESIAN_POINT('',(2.1420362809,-0.8943784849,8.8325938425));
#945=CARTESIAN_POINT('',(2.1770502609,-0.9221260819,8.8286734719));
#946=CARTESIAN_POINT('',(2.1922077648,-0.9389571213,8.8269763488));
#947=CARTESIAN_POINT('',(2.2161502512,-0.9766753566,8.8242956075));
#948=CARTESIAN_POINT('',(2.2249302307,-0.9975546711,8.8233125495));
#949=CARTESIAN_POINT('',(2.2351382594,-1.0410483957,8.8221695987));
#950=CARTESIAN_POINT('',(2.2365641756,-1.0636537176,8.8220099448));
#951=CARTESIAN_POINT('',(2.2342332755,-1.0858695652,8.822270926));
#952=CARTESIAN_POINT('',(2.0430188385,-0.865,8.8896979561));
#953=CARTESIAN_POINT('',(2.0649183599,-0.865,8.8846612898));
#954=CARTESIAN_POINT('',(2.0868133104,-0.8687749667,8.8796256761));
#955=CARTESIAN_POINT('',(2.1281779742,-0.8834582505,8.8701125449));
#956=CARTESIAN_POINT('',(2.1476390539,-0.8943635028,8.8656370153));
#957=CARTESIAN_POINT('',(2.1819711892,-0.9220977894,8.8577421799));
#958=CARTESIAN_POINT('',(2.1968350791,-0.9389210345,8.8543245237));
#959=CARTESIAN_POINT('',(2.2203182805,-0.9766232154,8.8489260848));
#960=CARTESIAN_POINT('',(2.2289326905,-0.9974942812,8.8469464301));
#961=CARTESIAN_POINT('',(2.2389565326,-1.0409731569,8.8446448282));
#962=CARTESIAN_POINT('',(2.2403638724,-1.0635718911,8.844323362));
#963=CARTESIAN_POINT('',(2.2380889803,-1.0857829901,8.844848978));
#964=CARTESIAN_POINT('',(2.0725122327,-0.865,8.973756557));
#965=CARTESIAN_POINT('',(2.0927338054,-0.865,8.9640143847));
#966=CARTESIAN_POINT('',(2.1129511766,-0.8687662993,8.9542742378));
#967=CARTESIAN_POINT('',(2.1511515414,-0.8834168001,8.9358707459));
#968=CARTESIAN_POINT('',(2.1691265979,-0.8942979575,8.927211227));
#969=CARTESIAN_POINT('',(2.2008473678,-0.9219739937,8.9119303771));
#970=CARTESIAN_POINT('',(2.2145864904,-0.9387631217,8.9053122231));
#971=CARTESIAN_POINT('',(2.2363095041,-0.9763949956,8.8948493611));
#972=CARTESIAN_POINT('',(2.2442888816,-0.9972299219,8.8910068283));
#973=CARTESIAN_POINT('',(2.2536048304,-1.0406436799,8.8865227649));
#974=CARTESIAN_POINT('',(2.254939466,-1.0632134906,8.8858821665));
#975=CARTESIAN_POINT('',(2.2528772887,-1.0854036844,8.8868782785));
#976=CARTESIAN_POINT('',(2.0947175106,-0.865,9.0138169547));
#977=CARTESIAN_POINT('',(2.1136761636,-0.865,9.0018398733));
#978=CARTESIAN_POINT('',(2.1326308929,-0.8687595545,8.9898652741));
#979=CARTESIAN_POINT('',(2.1684495772,-0.883384544,8.9672378165));
#980=CARTESIAN_POINT('',(2.1853061193,-0.894246951,8.9565896476));
#981=CARTESIAN_POINT('',(2.2150612436,-0.9218776568,8.9377953477));
#982=CARTESIAN_POINT('',(2.2279536678,-0.9386402345,8.9296531117));
#983=CARTESIAN_POINT('',(2.2483514931,-0.9762173935,8.916773826));
#984=CARTESIAN_POINT('',(2.2558526727,-0.9970241943,8.9120394455));
#985=CARTESIAN_POINT('',(2.2646352569,-1.0403872721,8.9065018287));
#986=CARTESIAN_POINT('',(2.2659148439,-1.0629345707,8.9056997402));
#987=CARTESIAN_POINT('',(2.2640124137,-1.0851084909,8.9069084773));
#988=CARTESIAN_POINT('',(2.1503727035,-0.865,9.0834167938));
#989=CARTESIAN_POINT('',(2.1661756095,-0.865,9.0675944964));
#990=CARTESIAN_POINT('',(2.1819752821,-0.8687380669,9.0517754404));
#991=CARTESIAN_POINT('',(2.2118416986,-0.8832817575,9.0218734644));
#992=CARTESIAN_POINT('',(2.2259023316,-0.8940844037,9.0077966703));
#993=CARTESIAN_POINT('',(2.2507420117,-0.9215705499,8.9829306254));
#994=CARTESIAN_POINT('',(2.2615159765,-0.9382484229,8.9721464688));
#995=CARTESIAN_POINT('',(2.2785948574,-0.9756508466,8.9550550286));
#996=CARTESIAN_POINT('',(2.2848962792,-0.9963677403,8.9487512464));
#997=CARTESIAN_POINT('',(2.2923345071,-1.0395684947,8.9413168183));
#998=CARTESIAN_POINT('',(2.2934697914,-1.0620435114,8.9401876955));
#999=CARTESIAN_POINT('',(2.2919592122,-1.0841648839,8.9417083969));
#1000=CARTESIAN_POINT('',(2.1845948541,-0.865,9.1139021981));
#1001=CARTESIAN_POINT('',(2.1984601356,-0.865,9.0964164371));
#1002=CARTESIAN_POINT('',(2.2123226062,-0.8687233436,9.0789342312));
#1003=CARTESIAN_POINT('',(2.2385340023,-0.8832113259,9.0458813033));
#1004=CARTESIAN_POINT('',(2.2508776141,-0.893973022,9.0303173013));
#1005=CARTESIAN_POINT('',(2.2726979546,-0.9213601054,9.0028096507));
#1006=CARTESIAN_POINT('',(2.2821702596,-0.9379799301,8.9908715948));
#1007=CARTESIAN_POINT('',(2.2972087533,-0.975262596,8.9719274867));
#1008=CARTESIAN_POINT('',(2.3027718931,-0.9959178646,8.9649252862));
#1009=CARTESIAN_POINT('',(2.309380791,-1.0390073369,8.9566234051));
#1010=CARTESIAN_POINT('',(2.3104252091,-1.0614327885,8.9553254128));
#1011=CARTESIAN_POINT('',(2.309152775,-1.0835181095,8.956951099));
#1012=CARTESIAN_POINT('',(2.2602458572,-0.865,9.1613443695));
#1013=CARTESIAN_POINT('',(2.2698656456,-0.865,9.1413658264));
#1014=CARTESIAN_POINT('',(2.2794835355,-0.8686748218,9.1213912407));
#1015=CARTESIAN_POINT('',(2.297683077,-0.8829790857,9.0835980998));
#1016=CARTESIAN_POINT('',(2.3062611369,-0.8936056969,9.0657870308));
#1017=CARTESIAN_POINT('',(2.3214530083,-0.9206655733,9.0342513501));
#1018=CARTESIAN_POINT('',(2.3280638215,-0.9370934832,9.0205329853));
#1019=CARTESIAN_POINT('',(2.3386055397,-0.9739793271,8.9986705367));
#1020=CARTESIAN_POINT('',(2.3425343641,-0.994429961,8.9905307838));
#1021=CARTESIAN_POINT('',(2.3472861656,-1.0371482988,8.9807096321));
#1022=CARTESIAN_POINT('',(2.3481082046,-1.0594075482,8.979030179));
#1023=CARTESIAN_POINT('',(2.3473322362,-1.0813704821,8.9806721848));
#1024=CARTESIAN_POINT('',(2.302720876,-0.865,9.1788838206));
#1025=CARTESIAN_POINT('',(2.3099637948,-0.865,9.1580390316));
#1026=CARTESIAN_POINT('',(2.3172053212,-0.868642728,9.1371982985));
#1027=CARTESIAN_POINT('',(2.3309182038,-0.8828255103,9.0977468716));
#1028=CARTESIAN_POINT('',(2.3373869239,-0.8933628083,9.0791438544));
#1029=CARTESIAN_POINT('',(2.3488634181,-0.9202064644,9.0461666457));
#1030=CARTESIAN_POINT('',(2.353868986,-0.9365076054,9.0317988719));
#1031=CARTESIAN_POINT('',(2.3618842883,-0.9731315782,9.0088370212));
#1032=CARTESIAN_POINT('',(2.3648924816,-0.9934472916,9.0002474144));
#1033=CARTESIAN_POINT('',(2.368591113,-1.0359213876,8.9897670097));
#1034=CARTESIAN_POINT('',(2.3692808396,-1.058071514,8.9878782544));
#1035=CARTESIAN_POINT('',(2.3687743886,-1.0799545209,8.9894419103));
#1036=CARTESIAN_POINT('',(2.3787261364,-0.865,9.1964958916));
#1037=CARTESIAN_POINT('',(2.3818952668,-0.865,9.1750668789));
#1038=CARTESIAN_POINT('',(2.385063828,-0.8685264399,9.1536417761));
#1039=CARTESIAN_POINT('',(2.3910750849,-0.8822681223,9.1130121438));
#1040=CARTESIAN_POINT('',(2.3939167009,-0.8924808594,9.0938150278));
#1041=CARTESIAN_POINT('',(2.398980672,-0.9185357336,9.0596388886));
#1042=CARTESIAN_POINT('',(2.4012021174,-0.9343731199,9.0446661019));
#1043=CARTESIAN_POINT('',(2.4047962218,-0.9700326713,9.0204975807));
#1044=CARTESIAN_POINT('',(2.4061682349,-0.9898483341,9.0113062572));
#1045=CARTESIAN_POINT('',(2.4079214961,-1.0314055306,8.9996589634));
#1046=CARTESIAN_POINT('',(2.4083024287,-1.0531394863,8.9972051201));
#1047=CARTESIAN_POINT('',(2.4081680888,-1.0747067791,8.9982479458));
#1048=CARTESIAN_POINT('',(2.4123457094,-0.865,9.2));
#1049=CARTESIAN_POINT('',(2.4137209477,-0.865,9.1786030127));
#1050=CARTESIAN_POINT('',(2.4150959639,-0.8684612921,9.1572097751));
#1051=CARTESIAN_POINT('',(2.4177118227,-0.8819560767,9.1165982488));
#1052=CARTESIAN_POINT('',(2.4189522426,-0.8919872081,9.0973870781));
#1053=CARTESIAN_POINT('',(2.421177425,-0.9176014503,9.0631006529));
#1054=CARTESIAN_POINT('',(2.4221618279,-0.9331800788,9.0480314112));
#1055=CARTESIAN_POINT('',(2.4237785175,-0.9683030725,9.0235686068));
#1056=CARTESIAN_POINT('',(2.4244105431,-0.9878412896,9.0141793402));
#1057=CARTESIAN_POINT('',(2.4252604871,-1.028892626,9.0020381518));
#1058=CARTESIAN_POINT('',(2.4254782683,-1.0503985562,8.9992883724));
#1059=CARTESIAN_POINT('',(2.4254782683,-1.0717955434,9.0));
#1060=CARTESIAN_POINT('',(2.4456436394,-0.865,9.2));
#1061=CARTESIAN_POINT('',(2.4456436394,-0.865,9.179056049));
#1062=CARTESIAN_POINT('',(2.4456436394,-0.8683166599,9.1581154822));
#1063=CARTESIAN_POINT('',(2.4456436394,-0.8812607335,9.11827772));
#1064=CARTESIAN_POINT('',(2.4456436394,-0.8908860556,9.0993869618));
#1065=CARTESIAN_POINT('',(2.4456436394,-0.9155071467,9.0654989372));
#1066=CARTESIAN_POINT('',(2.4456436394,-0.9304989372,9.0505071467));
#1067=CARTESIAN_POINT('',(2.4456436394,-0.9643869619,9.0258860556));
#1068=CARTESIAN_POINT('',(2.4456436394,-0.98327772,9.0162607335));
#1069=CARTESIAN_POINT('',(2.4456436394,-1.0231154822,9.0033166599));
#1070=CARTESIAN_POINT('',(2.4456436394,-1.044056049,9.0));
#1071=CARTESIAN_POINT('',(2.4456436394,-1.065,9.0));
#1072=B_SPLINE_SURFACE_WITH_KNOTS('',3,3,((#928,#929,#930,#931,#932,#933,#934,#935,#936,#937,#938,#939),
    (#940,#941,#942,#943,#944,#945,#946,#947,#948,#949,#950,#951),
    (#952,#953,#954,#955,#956,#957,#958,#959,#960,#961,#962,#963),
    (#964,#965,#966,#967,#968,#969,#970,#971,#972,#973,#974,#975),
    (#976,#977,#978,#979,#980,#981,#982,#983,#984,#985,#986,#987),
    (#988,#989,#990,#991,#992,#993,#994,#995,#996,#997,#998,#999),
    (#1000,#1001,#1002,#1003,#1004,#1005,#1006,#1007,#1008,#1009,#1010,#1011),
    (#1012,#1013,#1014,#1015,#1016,#1017,#1018,#1019,#1020,#1021,#1022,#1023),
    (#1024,#1025,#1026,#1027,#1028,#1029,#1030,#1031,#1032,#1033,#1034,#1035),
    (#1036,#1037,#1038,#1039,#1040,#1041,#1042,#1043,#1044,#1045,#1046,#1047),
    (#1048,#1049,#1050,#1051,#1052,#1053,#1054,#1055,#1056,#1057,#1058,#1059),
    (#1060,#1061,#1062,#1063,#1064,#1065,#1066,#1067,#1068,#1069,#1070,#1071)),.UNSPECIFIED.,.F.,.F.,.U.,
 (4,2,2,2,2,4),(4,2,2,2,2,4),(0.0,0.2104238223,0.4208424033,0.631423419,0.8426945137,1.0),(0.0,0.2,0.4,0.6,0.8,1.0),.UNSPECIFIED.);
#1073=ADVANCED_FACE('n° 658',(#927),#1072,.F.);
#1074=ORIENTED_EDGE('',*,*,#765,.T.);
#1075=ORIENTED_EDGE('',*,*,#549,.F.);
#1076=CARTESIAN_POINT('',(3.0646748974,-1.065,8.6464568296));
#1077=DIRECTION('',(0.0,-0.0,1.0));
#1078=DIRECTION('',(0.0,-1.0,-0.0));
#1079=AXIS2_PLACEMENT_3D('',#1076,#1077,#1078);
#1080=CIRCLE('',#1079,0.2);
#1081=EDGE_CURVE('n° 685',#17,#507,#1080,.T.);
#1082=ORIENTED_EDGE('',*,*,#1081,.F.);
#1083=ORIENTED_EDGE('',*,*,#81,.F.);
#1084=EDGE_LOOP('',(#1074,#1075,#1082,#1083));
#1085=FACE_OUTER_BOUND('',#1084,.T.);
#1086=CARTESIAN_POINT('',(3.0646748974,-1.065,4.842));
#1087=DIRECTION('',(0.0,-0.0,1.0));
#1088=DIRECTION('',(0.0,-1.0,-0.0));
#1089=AXIS2_PLACEMENT_3D('',#1086,#1087,#1088);
#1090=CYLINDRICAL_SURFACE('',#1089,0.2);
#1091=ADVANCED_FACE('n° 660',(#1085),#1090,.F.);
#1092=ORIENTED_EDGE('',*,*,#923,.T.);
#1093=ORIENTED_EDGE('',*,*,#33,.F.);
#1094=CARTESIAN_POINT('',(2.0353251026,-1.065,6.6816650961));
#1095=DIRECTION('',(0.0,-0.0,1.0));
#1096=DIRECTION('',(0.0,-1.0,-0.0));
#1097=AXIS2_PLACEMENT_3D('',#1094,#1095,#1096);
#1098=CIRCLE('',#1097,0.2);
#1099=EDGE_CURVE('n° 687',#499,#19,#1098,.T.);
#1100=ORIENTED_EDGE('',*,*,#1099,.F.);
#1101=ORIENTED_EDGE('',*,*,#504,.F.);
#1102=EDGE_LOOP('',(#1092,#1093,#1100,#1101));
#1103=FACE_OUTER_BOUND('',#1102,.T.);
#1104=CARTESIAN_POINT('',(2.0353251026,-1.065,4.842));
#1105=DIRECTION('',(0.0,-0.0,1.0));
#1106=DIRECTION('',(0.0,-1.0,-0.0));
#1107=AXIS2_PLACEMENT_3D('',#1104,#1105,#1106);
#1108=CYLINDRICAL_SURFACE('',#1107,0.2);
#1109=ADVANCED_FACE('n° 662',(#1103),#1108,.F.);
#1110=ORIENTED_EDGE('',*,*,#1081,.T.);
#1111=ORIENTED_EDGE('',*,*,#541,.F.);
#1112=ORIENTED_EDGE('',*,*,#1099,.T.);
#1113=ORIENTED_EDGE('',*,*,#125,.F.);
#1114=EDGE_LOOP('',(#1110,#1111,#1112,#1113));
#1115=FACE_OUTER_BOUND('',#1114,.T.);
#1116=CARTESIAN_POINT('',(3.0646748974,-0.865,8.6464568296));
#1117=CARTESIAN_POINT('',(3.0423371047,-0.865,8.6464568296));
#1118=CARTESIAN_POINT('',(3.0200039796,-0.8687769481,8.6464568296));
#1119=CARTESIAN_POINT('',(2.9778128788,-0.8834677255,8.6464568296));
#1120=CARTESIAN_POINT('',(2.9579637191,-0.8943784849,8.6464568296));
#1121=CARTESIAN_POINT('',(2.9229497391,-0.9221260819,8.6464568296));
#1122=CARTESIAN_POINT('',(2.9077922352,-0.9389571213,8.6464568296));
#1123=CARTESIAN_POINT('',(2.8838497488,-0.9766753566,8.6464568296));
#1124=CARTESIAN_POINT('',(2.8750697693,-0.9975546711,8.6464568296));
#1125=CARTESIAN_POINT('',(2.8648617406,-1.0410483957,8.6464568296));
#1126=CARTESIAN_POINT('',(2.8634358244,-1.0636537176,8.6464568296));
#1127=CARTESIAN_POINT('',(2.8657667245,-1.0858695652,8.6464568296));
#1128=CARTESIAN_POINT('',(3.0572944065,-0.865,8.3020942996));
#1129=CARTESIAN_POINT('',(3.0354486465,-0.8658243194,8.3021042769));
#1130=CARTESIAN_POINT('',(3.0137464198,-0.8702575176,8.3020981734));
#1131=CARTESIAN_POINT('',(2.9729183595,-0.8858702665,8.3020544783));
#1132=CARTESIAN_POINT('',(2.9538002824,-0.8970468246,8.3020168959));
#1133=CARTESIAN_POINT('',(2.9201719251,-0.9249584886,8.301914411));
#1134=CARTESIAN_POINT('',(2.9056680289,-0.9416882717,8.3018495299));
#1135=CARTESIAN_POINT('',(2.88280968,-0.9789291051,8.3016996539));
#1136=CARTESIAN_POINT('',(2.874459564,-0.9994330664,8.3016146903));
#1137=CARTESIAN_POINT('',(2.8647973917,-1.0420440985,8.3014340929));
#1138=CARTESIAN_POINT('',(2.8634871669,-1.0641430642,8.3013384968));
#1139=CARTESIAN_POINT('',(2.8657667245,-1.0858695652,8.3012428807));
#1140=CARTESIAN_POINT('',(3.0402596629,-0.865194805,7.9610647916));
#1141=CARTESIAN_POINT('',(3.0196851698,-0.8679003489,7.9611065072));
#1142=CARTESIAN_POINT('',(2.9995452709,-0.8738161445,7.9610335851));
#1143=CARTESIAN_POINT('',(2.9620288493,-0.8915017287,7.9606671669));
#1144=CARTESIAN_POINT('',(2.9446579703,-0.9032687941,7.9603737434));
#1145=CARTESIAN_POINT('',(2.9143220762,-0.9315358614,7.9595977991));
#1146=CARTESIAN_POINT('',(2.901361609,-0.9480315554,7.9591154233));
#1147=CARTESIAN_POINT('',(2.8810700275,-0.984188675,7.9580125437));
#1148=CARTESIAN_POINT('',(2.8737419377,-1.0038446159,7.9573922424));
#1149=CARTESIAN_POINT('',(2.8654044606,-1.0444574945,7.9560786991));
#1150=CARTESIAN_POINT('',(2.8643962906,-1.065408289,7.9553856965));
#1151=CARTESIAN_POINT('',(2.8665927856,-1.0860167175,7.9546925678));
#1152=CARTESIAN_POINT('',(2.9985788426,-0.820749232,7.466747537));
#1153=CARTESIAN_POINT('',(2.9795730618,-0.8265150901,7.4665216757));
#1154=CARTESIAN_POINT('',(2.9614321097,-0.8350971483,7.4658634071));
#1155=CARTESIAN_POINT('',(2.9284620936,-0.8571422739,7.4637399925));
#1156=CARTESIAN_POINT('',(2.9136372975,-0.8706024694,7.4622751263));
#1157=CARTESIAN_POINT('',(2.8886004023,-0.9012216169,7.4586679009));
#1158=CARTESIAN_POINT('',(2.8783915396,-0.9183765891,7.4565260168));
#1159=CARTESIAN_POINT('',(2.8634820934,-0.9548790664,7.4517540268));
#1160=CARTESIAN_POINT('',(2.8587834316,-0.9742218333,7.4491245493));
#1161=CARTESIAN_POINT('',(2.8553063611,-1.0134019248,7.4436097987));
#1162=CARTESIAN_POINT('',(2.8565283918,-1.0332341681,7.4407252517));
#1163=CARTESIAN_POINT('',(2.8606567552,-1.0524433128,7.4378403249));
#1164=CARTESIAN_POINT('',(2.981491366,-0.7971588123,7.3014525407));
#1165=CARTESIAN_POINT('',(2.9629247195,-0.8040235639,7.3010872659));
#1166=CARTESIAN_POINT('',(2.9453779224,-0.8136077894,7.3001539121));
#1167=CARTESIAN_POINT('',(2.913845961,-0.8373874544,7.2972315443));
#1168=CARTESIAN_POINT('',(2.8998648386,-0.8515798695,7.295242899));
#1169=CARTESIAN_POINT('',(2.8766861,-0.8833421876,7.290381783));
#1170=CARTESIAN_POINT('',(2.8674914627,-0.9009080412,7.287509924));
#1171=CARTESIAN_POINT('',(2.854691384,-0.93788823,7.2811305147));
#1172=CARTESIAN_POINT('',(2.8510875987,-0.9572978425,7.2776237662));
#1173=CARTESIAN_POINT('',(2.8497882889,-0.9962742998,7.270277584));
#1174=CARTESIAN_POINT('',(2.8520929526,-1.0158361593,7.2664390732));
#1175=CARTESIAN_POINT('',(2.8572539123,-1.0346235244,7.2626000801));
#1176=CARTESIAN_POINT('',(2.9436421651,-0.7472123067,7.0644395316));
#1177=CARTESIAN_POINT('',(2.925473703,-0.7559875551,7.0641085477));
#1178=CARTESIAN_POINT('',(2.9086063012,-0.767417747,7.0629266908));
#1179=CARTESIAN_POINT('',(2.8789968017,-0.7945567584,7.0589678377));
#1180=CARTESIAN_POINT('',(2.8662588217,-0.8102618102,7.0561913904));
#1181=CARTESIAN_POINT('',(2.8460669772,-0.8445256479,7.0492948158));
#1182=CARTESIAN_POINT('',(2.8386159226,-0.8630796747,7.0451756445));
#1183=CARTESIAN_POINT('',(2.8296769842,-0.9013571495,7.0359669416));
#1184=CARTESIAN_POINT('',(2.8281903475,-0.9210752791,7.0308786864));
#1185=CARTESIAN_POINT('',(2.8313178132,-0.9598901514,7.0201931378));
#1186=CARTESIAN_POINT('',(2.8359314866,-0.9789814992,7.0145973255));
#1187=CARTESIAN_POINT('',(2.843387286,-0.9968948119,7.0090007375));
#1188=CARTESIAN_POINT('',(2.928761792,-0.7280730047,6.9863733337));
#1189=CARTESIAN_POINT('',(2.9106879953,-0.7375396611,6.9860981942));
#1190=CARTESIAN_POINT('',(2.8940183271,-0.749651945,6.9848632868));
#1191=CARTESIAN_POINT('',(2.8650254985,-0.7780526548,6.9805879084));
#1192=CARTESIAN_POINT('',(2.8527065491,-0.794336975,6.9775480557));
#1193=CARTESIAN_POINT('',(2.8335612191,-0.8295732809,6.9699437738));
#1194=CARTESIAN_POINT('',(2.826737626,-0.8485201664,6.9653804412));
#1195=CARTESIAN_POINT('',(2.8192199965,-0.8873249105,6.9551510477));
#1196=CARTESIAN_POINT('',(2.8185270653,-0.9071771464,6.9494864604));
#1197=CARTESIAN_POINT('',(2.8233394142,-0.9459504445,6.9375782792));
#1198=CARTESIAN_POINT('',(2.8288440139,-0.964865882,6.9313364));
#1199=CARTESIAN_POINT('',(2.8371945709,-0.9824373195,6.925093622));
#1200=CARTESIAN_POINT('',(2.8921923093,-0.6862706458,6.8337030167));
#1201=CARTESIAN_POINT('',(2.8742838784,-0.697288198,6.833726357));
#1202=CARTESIAN_POINT('',(2.8580080436,-0.7109547163,6.8325328725));
#1203=CARTESIAN_POINT('',(2.8303150933,-0.7422502826,6.8278291225));
#1204=CARTESIAN_POINT('',(2.8189025122,-0.7598742263,6.8243196242));
#1205=CARTESIAN_POINT('',(2.8020634026,-0.7973514029,6.815328207));
#1206=CARTESIAN_POINT('',(2.7966396383,-0.8171985177,6.809847752));
#1207=CARTESIAN_POINT('',(2.7923165033,-0.8571685608,6.7974524499));
#1208=CARTESIAN_POINT('',(2.7934178543,-0.8772849583,6.7905396198));
#1209=CARTESIAN_POINT('',(2.8020411247,-0.9158120154,6.7759584279));
#1210=CARTESIAN_POINT('',(2.8095616517,-0.9342163734,6.768292438));
#1211=CARTESIAN_POINT('',(2.8199244587,-0.9508605523,6.760625201));
#1212=CARTESIAN_POINT('',(2.8696657274,-0.6627820917,6.7563763446));
#1213=CARTESIAN_POINT('',(2.8518304742,-0.6746924911,6.7566515923));
#1214=CARTESIAN_POINT('',(2.8357578663,-0.6892646529,6.7555562977));
#1215=CARTESIAN_POINT('',(2.8087733855,-0.7222555722,6.7507370744));
#1216=CARTESIAN_POINT('',(2.7978662876,-0.7406685424,6.7470139974));
#1217=CARTESIAN_POINT('',(2.7823341202,-0.7794614237,6.7373188044));
#1218=CARTESIAN_POINT('',(2.7777118164,-0.7998345161,6.731348388));
#1219=CARTESIAN_POINT('',(2.7752289419,-0.8404651274,6.7177667226));
#1220=CARTESIAN_POINT('',(2.7773688441,-0.8607154895,6.7101578486));
#1221=CARTESIAN_POINT('',(2.7881990234,-0.8990276862,6.6940742162));
#1222=CARTESIAN_POINT('',(2.7968874304,-0.9170827545,6.6856022673));
#1223=CARTESIAN_POINT('',(2.8084103091,-0.9331177114,6.6771288388));
#1224=CARTESIAN_POINT('',(2.7925618637,-0.5957778177,6.5452839141));
#1225=CARTESIAN_POINT('',(2.7750863729,-0.6105278147,6.5467335356));
#1226=CARTESIAN_POINT('',(2.7597718795,-0.6280072088,6.5463055859));
#1227=CARTESIAN_POINT('',(2.7352335694,-0.6664278758,6.5417477006));
#1228=CARTESIAN_POINT('',(2.7260153592,-0.6873605675,6.5376188025));
#1229=CARTESIAN_POINT('',(2.7147525666,-0.7302736769,6.5261344195));
#1230=CARTESIAN_POINT('',(2.7127106245,-0.7522444687,6.5187814962));
#1231=CARTESIAN_POINT('',(2.7160557961,-0.7946926156,6.5016932915));
#1232=CARTESIAN_POINT('',(2.7214422768,-0.815160401,6.4919618034));
#1233=CARTESIAN_POINT('',(2.7390412339,-0.8522266652,6.4712329081));
#1234=CARTESIAN_POINT('',(2.7512498709,-0.8688167272,6.4602400941));
#1235=CARTESIAN_POINT('',(2.7661745872,-0.8825038605,6.449244845));
#1236=CARTESIAN_POINT('',(2.7233762041,-0.5489872839,6.4110391018));
#1237=CARTESIAN_POINT('',(2.7062380611,-0.5661262096,6.4137736064));
#1238=CARTESIAN_POINT('',(2.6915696199,-0.5860629325,6.4141987991));
#1239=CARTESIAN_POINT('',(2.6690783888,-0.6290379822,6.4104157076));
#1240=CARTESIAN_POINT('',(2.661262181,-0.6520649915,6.4062087264));
#1241=CARTESIAN_POINT('',(2.653531428,-0.6983023009,6.3937129638));
#1242=CARTESIAN_POINT('',(2.6536195015,-0.7215002382,6.3854275944));
#1243=CARTESIAN_POINT('',(2.6617427862,-0.7651152997,6.3658235557));
#1244=CARTESIAN_POINT('',(2.6697762832,-0.7855205,6.3545099906));
#1245=CARTESIAN_POINT('',(2.6928108381,-0.82091036,6.3302653087));
#1246=CARTESIAN_POINT('',(2.7078060093,-0.8358849919,6.3173403894));
#1247=CARTESIAN_POINT('',(2.7253402238,-0.8471591136,6.3044121824));
#1248=CARTESIAN_POINT('',(2.5907404074,-0.5054978019,6.2369367589));
#1249=CARTESIAN_POINT('',(2.575892735,-0.5263370721,6.2436440474));
#1250=CARTESIAN_POINT('',(2.563990421,-0.5502643052,6.2472205035));
#1251=CARTESIAN_POINT('',(2.5479056133,-0.6006396582,6.2475713112));
#1252=CARTESIAN_POINT('',(2.5437297147,-0.6270674476,6.2443455695));
#1253=CARTESIAN_POINT('',(2.5437588167,-0.6783639172,6.2315880485));
#1254=CARTESIAN_POINT('',(2.5479638972,-0.7032118658,6.222061437));
#1255=CARTESIAN_POINT('',(2.5641206349,-0.7475057594,6.1981685641));
#1256=CARTESIAN_POINT('',(2.5760658385,-0.7669337592,6.1838119362));
#1257=CARTESIAN_POINT('',(2.6058696314,-0.7973743949,6.1524698702));
#1258=CARTESIAN_POINT('',(2.6237162207,-0.8083746342,6.1354970518));
#1259=CARTESIAN_POINT('',(2.6431442682,-0.8143079232,6.118517399));
#1260=CARTESIAN_POINT('',(2.546143503,-0.49541831,6.1863096513));
#1261=CARTESIAN_POINT('',(2.5322302953,-0.5174179863,6.1945150893));
#1262=CARTESIAN_POINT('',(2.5214118034,-0.5426213312,6.199312528));
#1263=CARTESIAN_POINT('',(2.5077332967,-0.5953648515,6.2013314829));
#1264=CARTESIAN_POINT('',(2.5048797,-0.622881232,6.198552233));
#1265=CARTESIAN_POINT('',(2.507623817,-0.6757569058,6.1858737852));
#1266=CARTESIAN_POINT('',(2.5132204918,-0.7010923003,6.1759803636));
#1267=CARTESIAN_POINT('',(2.5319724227,-0.7454591374,6.1506840831));
#1268=CARTESIAN_POINT('',(2.5451193313,-0.7644704469,6.135292603));
#1269=CARTESIAN_POINT('',(2.5768360071,-0.7930646176,6.1015032876));
#1270=CARTESIAN_POINT('',(2.5953914573,-0.8026343794,6.0831205965));
#1271=CARTESIAN_POINT('',(2.6151421184,-0.8066940522,6.0647296704));
#1272=CARTESIAN_POINT('',(2.4481808364,-0.486505881,6.0926222257));
#1273=CARTESIAN_POINT('',(2.4373141186,-0.5104462514,6.1048253819));
#1274=CARTESIAN_POINT('',(2.429835327,-0.537941505,6.1130146963));
#1275=CARTESIAN_POINT('',(2.4230339281,-0.5950416648,6.1198902523));
#1276=CARTESIAN_POINT('',(2.4237154685,-0.624613695,6.1185726709));
#1277=CARTESIAN_POINT('',(2.4331368929,-0.6804217773,6.1066744404));
#1278=CARTESIAN_POINT('',(2.4418715392,-0.7066256558,6.0961006947));
#1279=CARTESIAN_POINT('',(2.4658126074,-0.7508610802,6.0676278466));
#1280=CARTESIAN_POINT('',(2.4810053505,-0.7688670472,6.0497451062));
#1281=CARTESIAN_POINT('',(2.5150763875,-0.7933682103,6.0099339134));
#1282=CARTESIAN_POINT('',(2.533935057,-0.7998491127,5.9880282891));
#1283=CARTESIAN_POINT('',(2.5528988709,-0.79996176,5.9661101034));
#1284=CARTESIAN_POINT('',(2.3933705942,-0.4877015391,6.0482858033));
#1285=CARTESIAN_POINT('',(2.3846181424,-0.5125356053,6.0631219542));
#1286=CARTESIAN_POINT('',(2.379405251,-0.5411688012,6.0735996367));
#1287=CARTESIAN_POINT('',(2.3771186849,-0.6004707967,6.0838377878));
#1288=CARTESIAN_POINT('',(2.3800471693,-0.6311006027,6.0835919178));
#1289=CARTESIAN_POINT('',(2.3935190843,-0.6883715833,6.0724363109));
#1290=CARTESIAN_POINT('',(2.4040541284,-0.7149751223,6.0615340308));
#1291=CARTESIAN_POINT('',(2.4306996072,-0.7589528372,6.0311957832));
#1292=CARTESIAN_POINT('',(2.446792689,-0.7762980691,6.0117796001));
#1293=CARTESIAN_POINT('',(2.4813935952,-0.7983282866,5.9682036933));
#1294=CARTESIAN_POINT('',(2.4998784631,-0.8029986648,5.9440722444));
#1295=CARTESIAN_POINT('',(2.5177394497,-0.8008649391,5.9199251463));
#1296=CARTESIAN_POINT('',(2.3069031932,-0.5043454721,5.9955548818));
#1297=CARTESIAN_POINT('',(2.3038366481,-0.52861359,6.0151863822));
#1298=CARTESIAN_POINT('',(2.304466406,-0.5572111316,6.0299940682));
#1299=CARTESIAN_POINT('',(2.3129970202,-0.6169770719,6.0468188212));
#1300=CARTESIAN_POINT('',(2.3208912527,-0.6480978581,6.0488225881));
#1301=CARTESIAN_POINT('',(2.3422676975,-0.7061910496,6.0395911707));
#1302=CARTESIAN_POINT('',(2.3557330042,-0.7331171809,6.0283633727));
#1303=CARTESIAN_POINT('',(2.3853575566,-0.7769971081,5.995073099));
#1304=CARTESIAN_POINT('',(2.4014932459,-0.79391594,5.9730371009));
#1305=CARTESIAN_POINT('',(2.432976538,-0.8141087024,5.9228688283));
#1306=CARTESIAN_POINT('',(2.4482990057,-0.8173665143,5.8947764211));
#1307=CARTESIAN_POINT('',(2.461567955,-0.8134374736,5.8666616763));
#1308=CARTESIAN_POINT('',(2.2763934618,-0.5127555558,5.9799149603));
#1309=CARTESIAN_POINT('',(2.2757728425,-0.5364551323,6.0013554402));
#1310=CARTESIAN_POINT('',(2.2788888585,-0.564696841,6.0178226257));
#1311=CARTESIAN_POINT('',(2.2919274796,-0.6240625743,6.0372058698));
#1312=CARTESIAN_POINT('',(2.3018392745,-0.6551361908,6.0401055985));
#1313=CARTESIAN_POINT('',(2.3262863047,-0.7132448006,6.0316897174));
#1314=CARTESIAN_POINT('',(2.340800965,-0.7402305003,6.0203812802));
#1315=CARTESIAN_POINT('',(2.3712339455,-0.784144228,5.9860442401));
#1316=CARTESIAN_POINT('',(2.3871264816,-0.8010350374,5.9630447133));
#1317=CARTESIAN_POINT('',(2.4167736427,-0.8209807843,5.9104250186));
#1318=CARTESIAN_POINT('',(2.4305030036,-0.8240188497,5.8808493716));
#1319=CARTESIAN_POINT('',(2.4416260338,-0.819790303,5.8512486845));
#1320=CARTESIAN_POINT('',(2.2211480504,-0.5340302741,5.9591514675));
#1321=CARTESIAN_POINT('',(2.2261628939,-0.5552400492,5.9834736868));
#1322=CARTESIAN_POINT('',(2.2349242366,-0.5814162487,6.0026388907));
#1323=CARTESIAN_POINT('',(2.2579403974,-0.637686846,6.0262606221));
#1324=CARTESIAN_POINT('',(2.2721739539,-0.66772878,6.0306952231));
#1325=CARTESIAN_POINT('',(2.3028331988,-0.7247258946,6.023796984));
#1326=CARTESIAN_POINT('',(2.3192304408,-0.7516279697,6.0124705954));
#1327=CARTESIAN_POINT('',(2.3503993061,-0.7960620991,5.9766638476));
#1328=CARTESIAN_POINT('',(2.3651419121,-0.8135527775,5.9522168125));
#1329=CARTESIAN_POINT('',(2.3895560093,-0.8350666871,5.895845493));
#1330=CARTESIAN_POINT('',(2.3992046698,-0.8390699083,5.863973646));
#1331=CARTESIAN_POINT('',(2.4051828618,-0.8358608512,5.832072127));
#1332=CARTESIAN_POINT('',(2.1956944933,-0.5462938169,5.9526645729));
#1333=CARTESIAN_POINT('',(2.2038185218,-0.5657237627,5.9781290608));
#1334=CARTESIAN_POINT('',(2.2156669668,-0.59033121,5.9983888521));
#1335=CARTESIAN_POINT('',(2.2440511457,-0.6441468693,6.0237663052));
#1336=CARTESIAN_POINT('',(2.260559566,-0.6733030387,6.0288594706));
#1337=CARTESIAN_POINT('',(2.2943567751,-0.7292968866,6.0226653591));
#1338=CARTESIAN_POINT('',(2.3116129778,-0.7560804558,6.0113840729));
#1339=CARTESIAN_POINT('',(2.3428103546,-0.8009624899,5.975089151));
#1340=CARTESIAN_POINT('',(2.356721394,-0.819017619,5.9501105707));
#1341=CARTESIAN_POINT('',(2.3779158424,-0.8421394921,5.8923271943));
#1342=CARTESIAN_POINT('',(2.3851787178,-0.8471839535,5.8595782017));
#1343=CARTESIAN_POINT('',(2.3882561067,-0.8451245159,5.8267975525));
#1344=CARTESIAN_POINT('',(2.1486639342,-0.5745604568,5.9486769314));
#1345=CARTESIAN_POINT('',(2.1631398485,-0.5892254202,5.9749163766));
#1346=CARTESIAN_POINT('',(2.1812158412,-0.6094495292,5.9959961552));
#1347=CARTESIAN_POINT('',(2.2202720298,-0.6561970249,6.0228194284));
#1348=CARTESIAN_POINT('',(2.2412131289,-0.6826734268,6.0285360158));
#1349=CARTESIAN_POINT('',(2.2809413868,-0.7355261031,6.023218997));
#1350=CARTESIAN_POINT('',(2.2996887293,-0.7618493027,6.0121907356));
#1351=CARTESIAN_POINT('',(2.3304888474,-0.8080229088,5.9760201693));
#1352=CARTESIAN_POINT('',(2.3425107071,-0.827826986,5.9509141678));
#1353=CARTESIAN_POINT('',(2.3569342425,-0.8561574332,5.8926368512));
#1354=CARTESIAN_POINT('',(2.3593213779,-0.8646554191,5.8595240209));
#1355=CARTESIAN_POINT('',(2.35659707,-0.8664766389,5.8263779273));
#1356=CARTESIAN_POINT('',(2.1264992466,-0.591014132,5.9513041607));
#1357=CARTESIAN_POINT('',(2.1442385607,-0.6026250884,5.9770870911));
#1358=CARTESIAN_POINT('',(2.1654714693,-0.6199672686,5.9978088429));
#1359=CARTESIAN_POINT('',(2.2098601963,-0.6619866428,6.0241940374));
#1360=CARTESIAN_POINT('',(2.2329712992,-0.686621644,6.0298309639));
#1361=CARTESIAN_POINT('',(2.2755166328,-0.7372752422,6.0246510515));
#1362=CARTESIAN_POINT('',(2.2949080336,-0.7632429234,6.0138394258));
#1363=CARTESIAN_POINT('',(2.3253064811,-0.8102727977,5.9783486907));
#1364=CARTESIAN_POINT('',(2.3362829545,-0.8312876719,5.9537052617));
#1365=CARTESIAN_POINT('',(2.3471761106,-0.8633073557,5.8964930166));
#1366=CARTESIAN_POINT('',(2.3470818762,-0.8742798983,5.8639817139));
#1367=CARTESIAN_POINT('',(2.341459699,-0.878905456,5.8314376964));
#1368=CARTESIAN_POINT('',(2.09131592,-0.6226255422,5.9648957409));
#1369=CARTESIAN_POINT('',(2.1137822891,-0.628851824,5.9883539412));
#1370=CARTESIAN_POINT('',(2.1394849048,-0.6410255782,6.0070599459));
#1371=CARTESIAN_POINT('',(2.1913263683,-0.6744148144,6.0305786446));
#1372=CARTESIAN_POINT('',(2.217414622,-0.6955978027,6.0353684287));
#1373=CARTESIAN_POINT('',(2.2638005845,-0.7419713643,6.0298853205));
#1374=CARTESIAN_POINT('',(2.2840530429,-0.7671167549,6.0196177761));
#1375=CARTESIAN_POINT('',(2.3139227372,-0.8154234876,5.9864401885));
#1376=CARTESIAN_POINT('',(2.3235108553,-0.8385377241,5.9635624762));
#1377=CARTESIAN_POINT('',(2.3297442913,-0.8772610836,5.9105974817));
#1378=CARTESIAN_POINT('',(2.326383564,-0.8928324071,5.8805618089));
#1379=CARTESIAN_POINT('',(2.3169410905,-0.9027841597,5.8504968411));
#1380=CARTESIAN_POINT('',(2.0770764891,-0.6380497117,5.9749596925));
#1381=CARTESIAN_POINT('',(2.101220237,-0.641896094,5.9967590587));
#1382=CARTESIAN_POINT('',(2.128454587,-0.6517496638,6.0140031123));
#1383=CARTESIAN_POINT('',(2.1827992483,-0.6811990557,6.0353971166));
#1384=CARTESIAN_POINT('',(2.2098580817,-0.7007671207,6.0395268976));
#1385=CARTESIAN_POINT('',(2.2574857882,-0.7450681474,6.0336992961));
#1386=CARTESIAN_POINT('',(2.2780095675,-0.7697592505,6.0237474395));
#1387=CARTESIAN_POINT('',(2.3077277451,-0.8185117785,5.9920687638));
#1388=CARTESIAN_POINT('',(2.3168940234,-0.842527064,5.9703718677));
#1389=CARTESIAN_POINT('',(2.3217210061,-0.8842766066,5.9202778585));
#1390=CARTESIAN_POINT('',(2.3173771662,-0.9019712767,5.8919280459));
#1391=CARTESIAN_POINT('',(2.3067795057,-0.9144353063,5.8635514413));
#1392=CARTESIAN_POINT('',(2.0482286878,-0.6745386358,6.0060656794));
#1393=CARTESIAN_POINT('',(2.0751408096,-0.673764358,6.0236121082));
#1394=CARTESIAN_POINT('',(2.1047742737,-0.6790492253,6.0371311168));
#1395=CARTESIAN_POINT('',(2.162925358,-0.7005859908,6.0531399887));
#1396=CARTESIAN_POINT('',(2.1913928069,-0.7168195911,6.0556162355));
#1397=CARTESIAN_POINT('',(2.2408143534,-0.756641495,6.04897113));
#1398=CARTESIAN_POINT('',(2.2617258552,-0.7801956566,6.0398555225));
#1399=CARTESIAN_POINT('',(2.2913269526,-0.8293885595,6.0120498837));
#1400=CARTESIAN_POINT('',(2.2999910717,-0.8549849428,5.9933836692));
#1401=CARTESIAN_POINT('',(2.3031333244,-0.902514347,5.9506389658));
#1402=CARTESIAN_POINT('',(2.2976088045,-0.9244062793,5.9265970474));
#1403=CARTESIAN_POINT('',(2.2856013365,-0.9419983982,5.9025345475));
#1404=CARTESIAN_POINT('',(2.0360979633,-0.695331003,6.0304185299));
#1405=CARTESIAN_POINT('',(2.0635789267,-0.6928203871,6.0453246988));
#1406=CARTESIAN_POINT('',(2.0935502326,-0.6963200598,6.0565564544));
#1407=CARTESIAN_POINT('',(2.152088678,-0.7146031365,6.0692924557));
#1408=CARTESIAN_POINT('',(2.180609142,-0.7293720826,6.0707866891));
#1409=CARTESIAN_POINT('',(2.2300781653,-0.7670264925,6.063714849));
#1410=CARTESIAN_POINT('',(2.2509872875,-0.7898820199,6.0551544258));
#1411=CARTESIAN_POINT('',(2.2807011563,-0.8387854712,6.0298040687));
#1412=CARTESIAN_POINT('',(2.2894822003,-0.8647944218,6.013034229));
#1413=CARTESIAN_POINT('',(2.2930204626,-0.9143851251,5.9748652603));
#1414=CARTESIAN_POINT('',(2.2877748205,-0.9379272626,5.9534963514));
#1415=CARTESIAN_POINT('',(2.2760712569,-0.9577045869,5.9321105148));
#1416=CARTESIAN_POINT('',(2.0132587571,-0.7444357221,6.1017847005));
#1417=CARTESIAN_POINT('',(2.0412336763,-0.7391671866,6.1110046719));
#1418=CARTESIAN_POINT('',(2.0711407558,-0.7396884935,6.1174155882));
#1419=CARTESIAN_POINT('',(2.1290702002,-0.7522347438,6.1234259536));
#1420=CARTESIAN_POINT('',(2.1570553126,-0.7642519559,6.1230219377));
#1421=CARTESIAN_POINT('',(2.205690599,-0.7974866087,6.1154885854));
#1422=CARTESIAN_POINT('',(2.2263095167,-0.8186829219,6.1083641259));
#1423=CARTESIAN_POINT('',(2.2561883242,-0.8661720526,6.0887576447));
#1424=CARTESIAN_POINT('',(2.2654289711,-0.8924343865,6.0762878986));
#1425=CARTESIAN_POINT('',(2.2707325315,-0.9449436708,6.0483777731));
#1426=CARTESIAN_POINT('',(2.266791925,-0.9711566459,6.0329547431));
#1427=CARTESIAN_POINT('',(2.2566324219,-0.9947974287,6.0175221368));
#1428=CARTESIAN_POINT('',(2.0078990249,-0.7697545131,6.1542460465));
#1429=CARTESIAN_POINT('',(2.0352448962,-0.7644053352,6.1610399075));
#1430=CARTESIAN_POINT('',(2.0642199965,-0.7646187936,6.1655059189));
#1431=CARTESIAN_POINT('',(2.1202394582,-0.7761325988,6.1689951135));
#1432=CARTESIAN_POINT('',(2.1472526003,-0.7874265338,6.1680164465));
#1433=CARTESIAN_POINT('',(2.1944490733,-0.819067012,6.160790976));
#1434=CARTESIAN_POINT('',(2.2146060975,-0.8393959317,6.1545481777));
#1435=CARTESIAN_POINT('',(2.2444268683,-0.8854314498,6.1379136473));
#1436=CARTESIAN_POINT('',(2.2540739559,-0.9111123841,6.1275310567));
#1437=CARTESIAN_POINT('',(2.2611086656,-0.9631997862,6.1044796641));
#1438=CARTESIAN_POINT('',(2.2584922774,-0.9895771686,6.0918235043));
#1439=CARTESIAN_POINT('',(2.2499715841,-1.0139227984,6.0791604031));
#1440=CARTESIAN_POINT('',(2.0026378353,-0.8283448661,6.3121416202));
#1441=CARTESIAN_POINT('',(2.0282780915,-0.8236682905,6.3140364644));
#1442=CARTESIAN_POINT('',(2.054813484,-0.8239052591,6.3147408884));
#1443=CARTESIAN_POINT('',(2.1057879332,-0.8341709588,6.3137161219));
#1444=CARTESIAN_POINT('',(2.1302085666,-0.8441959987,6.3119876788));
#1445=CARTESIAN_POINT('',(2.1733445232,-0.8725668355,6.3063642249));
#1446=CARTESIAN_POINT('',(2.1920442391,-0.8909024165,6.3024711612));
#1447=CARTESIAN_POINT('',(2.2209646485,-0.9331925049,6.2930654168));
#1448=CARTESIAN_POINT('',(2.2311747293,-0.9571316919,6.2875556211));
#1449=CARTESIAN_POINT('',(2.24157871,-1.0070857447,6.2756696676));
#1450=CARTESIAN_POINT('',(2.2417684904,-1.0330823265,6.2692969897));
#1451=CARTESIAN_POINT('',(2.2369129138,-1.0581809213,6.2629224701));
#1452=CARTESIAN_POINT('',(2.0114040304,-0.849968315,6.4261393391));
#1453=CARTESIAN_POINT('',(2.0357773125,-0.8469204331,6.4270641953));
#1454=CARTESIAN_POINT('',(2.0607151989,-0.8483563861,6.4272741493));
#1455=CARTESIAN_POINT('',(2.1084273286,-0.8599942705,6.4262383735));
#1456=CARTESIAN_POINT('',(2.1311873376,-0.87019264,6.4249929389));
#1457=CARTESIAN_POINT('',(2.1715125147,-0.8979931993,6.4212062719));
#1458=CARTESIAN_POINT('',(2.189065664,-0.9155870322,6.4186660995));
#1459=CARTESIAN_POINT('',(2.2166376889,-0.9558337675,6.4126160477));
#1460=CARTESIAN_POINT('',(2.2266483426,-0.9784746212,6.4091078573));
#1461=CARTESIAN_POINT('',(2.2377971137,-1.0257990071,6.4015722105));
#1462=CARTESIAN_POINT('',(2.2389318881,-1.0504683867,6.3975468558));
#1463=CARTESIAN_POINT('',(2.2355504214,-1.0745148946,6.3935203785));
#1464=CARTESIAN_POINT('',(2.0257931181,-0.8631940411,6.5873795048));
#1465=CARTESIAN_POINT('',(2.0488166304,-0.8620851183,6.5875620513));
#1466=CARTESIAN_POINT('',(2.0720270181,-0.8649890927,6.5875183417));
#1467=CARTESIAN_POINT('',(2.1161002616,-0.8784802233,6.5869838615));
#1468=CARTESIAN_POINT('',(2.1369527328,-0.8890641846,6.5864932143));
#1469=CARTESIAN_POINT('',(2.1738449947,-0.9166665017,6.5851217191));
#1470=CARTESIAN_POINT('',(2.1898760949,-0.9336783426,6.5842411819));
#1471=CARTESIAN_POINT('',(2.2152290982,-0.9721279808,6.5821917419));
#1472=CARTESIAN_POINT('',(2.2245450283,-0.9935567112,6.5810233013));
#1473=CARTESIAN_POINT('',(2.2353635085,-1.0383091146,6.5785331114));
#1474=CARTESIAN_POINT('',(2.2368635065,-1.061622237,6.5772119226));
#1475=CARTESIAN_POINT('',(2.2343660266,-1.0845053756,6.5758904365));
#1476=CARTESIAN_POINT('',(2.0304037064,-0.865,6.6344131001));
#1477=CARTESIAN_POINT('',(2.0530695921,-0.8644503344,6.6344787905));
#1478=CARTESIAN_POINT('',(2.0758234075,-0.8677896874,6.6344386047));
#1479=CARTESIAN_POINT('',(2.1189233995,-0.8818656834,6.6341509179));
#1480=CARTESIAN_POINT('',(2.1392600535,-0.8925992054,6.6339034769));
#1481=CARTESIAN_POINT('',(2.1751979826,-0.9202374005,6.63322872));
#1482=CARTESIAN_POINT('',(2.1907913197,-0.9371359588,6.6328015451));
#1483=CARTESIAN_POINT('',(2.2154567213,-0.9751725312,6.6318147668));
#1484=CARTESIAN_POINT('',(2.2245233387,-0.9963021355,6.6312553697));
#1485=CARTESIAN_POINT('',(2.2350953508,-1.0403844496,6.6300663229));
#1486=CARTESIAN_POINT('',(2.2365984114,-1.0633274156,6.6294369217));
#1487=CARTESIAN_POINT('',(2.2342332755,-1.0858695652,6.6288073889));
#1488=CARTESIAN_POINT('',(2.0353251026,-0.865,6.6816650961));
#1489=CARTESIAN_POINT('',(2.0576628953,-0.865,6.6816650961));
#1490=CARTESIAN_POINT('',(2.0799960204,-0.8687769481,6.6816650961));
#1491=CARTESIAN_POINT('',(2.1221871212,-0.8834677255,6.6816650961));
#1492=CARTESIAN_POINT('',(2.1420362809,-0.8943784849,6.6816650961));
#1493=CARTESIAN_POINT('',(2.1770502609,-0.9221260819,6.6816650961));
#1494=CARTESIAN_POINT('',(2.1922077648,-0.9389571213,6.6816650961));
#1495=CARTESIAN_POINT('',(2.2161502512,-0.9766753566,6.6816650961));
#1496=CARTESIAN_POINT('',(2.2249302307,-0.9975546711,6.6816650961));
#1497=CARTESIAN_POINT('',(2.2351382594,-1.0410483957,6.6816650961));
#1498=CARTESIAN_POINT('',(2.2365641756,-1.0636537176,6.6816650961));
#1499=CARTESIAN_POINT('',(2.2342332755,-1.0858695652,6.6816650961));
#1500=B_SPLINE_SURFACE_WITH_KNOTS('',3,3,((#1116,#1117,#1118,#1119,#1120,#1121,#1122,#1123,#1124,#1125,#1126,#1127),
    (#1128,#1129,#1130,#1131,#1132,#1133,#1134,#1135,#1136,#1137,#1138,#1139),
    (#1140,#1141,#1142,#1143,#1144,#1145,#1146,#1147,#1148,#1149,#1150,#1151),
    (#1152,#1153,#1154,#1155,#1156,#1157,#1158,#1159,#1160,#1161,#1162,#1163),
    (#1164,#1165,#1166,#1167,#1168,#1169,#1170,#1171,#1172,#1173,#1174,#1175),
    (#1176,#1177,#1178,#1179,#1180,#1181,#1182,#1183,#1184,#1185,#1186,#1187),
    (#1188,#1189,#1190,#1191,#1192,#1193,#1194,#1195,#1196,#1197,#1198,#1199),
    (#1200,#1201,#1202,#1203,#1204,#1205,#1206,#1207,#1208,#1209,#1210,#1211),
    (#1212,#1213,#1214,#1215,#1216,#1217,#1218,#1219,#1220,#1221,#1222,#1223),
    (#1224,#1225,#1226,#1227,#1228,#1229,#1230,#1231,#1232,#1233,#1234,#1235),
    (#1236,#1237,#1238,#1239,#1240,#1241,#1242,#1243,#1244,#1245,#1246,#1247),
    (#1248,#1249,#1250,#1251,#1252,#1253,#1254,#1255,#1256,#1257,#1258,#1259),
    (#1260,#1261,#1262,#1263,#1264,#1265,#1266,#1267,#1268,#1269,#1270,#1271),
    (#1272,#1273,#1274,#1275,#1276,#1277,#1278,#1279,#1280,#1281,#1282,#1283),
    (#1284,#1285,#1286,#1287,#1288,#1289,#1290,#1291,#1292,#1293,#1294,#1295),
    (#1296,#1297,#1298,#1299,#1300,#1301,#1302,#1303,#1304,#1305,#1306,#1307),
    (#1308,#1309,#1310,#1311,#1312,#1313,#1314,#1315,#1316,#1317,#1318,#1319),
    (#1320,#1321,#1322,#1323,#1324,#1325,#1326,#1327,#1328,#1329,#1330,#1331),
    (#1332,#1333,#1334,#1335,#1336,#1337,#1338,#1339,#1340,#1341,#1342,#1343),
    (#1344,#1345,#1346,#1347,#1348,#1349,#1350,#1351,#1352,#1353,#1354,#1355),
    (#1356,#1357,#1358,#1359,#1360,#1361,#1362,#1363,#1364,#1365,#1366,#1367),
    (#1368,#1369,#1370,#1371,#1372,#1373,#1374,#1375,#1376,#1377,#1378,#1379),
    (#1380,#1381,#1382,#1383,#1384,#1385,#1386,#1387,#1388,#1389,#1390,#1391),
    (#1392,#1393,#1394,#1395,#1396,#1397,#1398,#1399,#1400,#1401,#1402,#1403),
    (#1404,#1405,#1406,#1407,#1408,#1409,#1410,#1411,#1412,#1413,#1414,#1415),
    (#1416,#1417,#1418,#1419,#1420,#1421,#1422,#1423,#1424,#1425,#1426,#1427),
    (#1428,#1429,#1430,#1431,#1432,#1433,#1434,#1435,#1436,#1437,#1438,#1439),
    (#1440,#1441,#1442,#1443,#1444,#1445,#1446,#1447,#1448,#1449,#1450,#1451),
    (#1452,#1453,#1454,#1455,#1456,#1457,#1458,#1459,#1460,#1461,#1462,#1463),
    (#1464,#1465,#1466,#1467,#1468,#1469,#1470,#1471,#1472,#1473,#1474,#1475),
    (#1476,#1477,#1478,#1479,#1480,#1481,#1482,#1483,#1484,#1485,#1486,#1487),
    (#1488,#1489,#1490,#1491,#1492,#1493,#1494,#1495,#1496,#1497,#1498,#1499)),.UNSPECIFIED.,.F.,.F.,.U.,
 (4,2,2,2,2,2,2,2,2,2,2,2,2,2,2,4),(4,2,2,2,2,4),
  (0.0,0.2430951518,0.3660582523,0.4275398026,0.4890213529,0.6049556048,0.6547263828,0.7048872824,0.7306978993,0.7525548212,
    0.7745281707,0.7940667604,0.8229562807,0.8710593084,0.9627782933,1.0),(0.0,0.2,0.4,0.6,0.8,1.0),.UNSPECIFIED.);
#1501=ADVANCED_FACE('n° 664',(#1115),#1500,.F.);
#1502=CARTESIAN_POINT('',(-3.0646748974,1.065,8.6464568296));
#1503=DIRECTION('',(-0.0,0.0,-1.0));
#1504=DIRECTION('',(0.0,1.0,0.0));
#1505=AXIS2_PLACEMENT_3D('',#1502,#1503,#1504);
#1506=CIRCLE('',#1505,0.2);
#1507=EDGE_CURVE('n° 769',#249,#132,#1506,.T.);
#1508=ORIENTED_EDGE('',*,*,#1507,.F.);
#1509=ORIENTED_EDGE('',*,*,#308,.F.);
#1510=CARTESIAN_POINT('',(-2.0353251026,1.065,6.6816650961));
#1511=DIRECTION('',(0.0,0.0,-1.0));
#1512=DIRECTION('',(0.0,1.0,0.0));
#1513=AXIS2_PLACEMENT_3D('',#1510,#1511,#1512);
#1514=CIRCLE('',#1513,0.2);
#1515=EDGE_CURVE('n° 766',#130,#268,#1514,.T.);
#1516=ORIENTED_EDGE('',*,*,#1515,.F.);
#1517=ORIENTED_EDGE('',*,*,#173,.F.);
#1518=EDGE_LOOP('',(#1508,#1509,#1516,#1517));
#1519=FACE_OUTER_BOUND('',#1518,.T.);
#1520=CARTESIAN_POINT('',(-3.0646748974,0.865,8.6464568296));
#1521=CARTESIAN_POINT('',(-3.0423371047,0.865,8.6464568296));
#1522=CARTESIAN_POINT('',(-3.0200039796,0.8687769481,8.6464568296));
#1523=CARTESIAN_POINT('',(-2.9778128788,0.8834677254,8.6464568296));
#1524=CARTESIAN_POINT('',(-2.9579637191,0.8943784849,8.6464568296));
#1525=CARTESIAN_POINT('',(-2.9229497391,0.9221260819,8.6464568296));
#1526=CARTESIAN_POINT('',(-2.9077922352,0.9389571213,8.6464568296));
#1527=CARTESIAN_POINT('',(-2.8838497488,0.9766753566,8.6464568296));
#1528=CARTESIAN_POINT('',(-2.8750697693,0.9975546711,8.6464568296));
#1529=CARTESIAN_POINT('',(-2.8648617406,1.0410483957,8.6464568296));
#1530=CARTESIAN_POINT('',(-2.8634358244,1.0636537176,8.6464568296));
#1531=CARTESIAN_POINT('',(-2.8657667245,1.0858695652,8.6464568296));
#1532=CARTESIAN_POINT('',(-3.0572944065,0.865,8.3020942996));
#1533=CARTESIAN_POINT('',(-3.0354486465,0.8658243194,8.3021042769));
#1534=CARTESIAN_POINT('',(-3.0137464198,0.8702575176,8.3020981734));
#1535=CARTESIAN_POINT('',(-2.9729183595,0.8858702665,8.3020544783));
#1536=CARTESIAN_POINT('',(-2.9538002824,0.8970468246,8.3020168959));
#1537=CARTESIAN_POINT('',(-2.9201719251,0.9249584886,8.301914411));
#1538=CARTESIAN_POINT('',(-2.9056680289,0.9416882717,8.3018495299));
#1539=CARTESIAN_POINT('',(-2.88280968,0.9789291051,8.3016996539));
#1540=CARTESIAN_POINT('',(-2.874459564,0.9994330664,8.3016146903));
#1541=CARTESIAN_POINT('',(-2.8647973917,1.0420440985,8.3014340929));
#1542=CARTESIAN_POINT('',(-2.8634871669,1.0641430642,8.3013384968));
#1543=CARTESIAN_POINT('',(-2.8657667245,1.0858695652,8.3012428807));
#1544=CARTESIAN_POINT('',(-3.0402596629,0.865194805,7.9610647916));
#1545=CARTESIAN_POINT('',(-3.0196851698,0.8679003489,7.9611065072));
#1546=CARTESIAN_POINT('',(-2.9995452709,0.8738161445,7.9610335851));
#1547=CARTESIAN_POINT('',(-2.9620288493,0.8915017286,7.9606671669));
#1548=CARTESIAN_POINT('',(-2.9446579703,0.9032687941,7.9603737434));
#1549=CARTESIAN_POINT('',(-2.9143220762,0.9315358614,7.9595977991));
#1550=CARTESIAN_POINT('',(-2.901361609,0.9480315553,7.9591154233));
#1551=CARTESIAN_POINT('',(-2.8810700275,0.984188675,7.9580125437));
#1552=CARTESIAN_POINT('',(-2.8737419377,1.0038446158,7.9573922424));
#1553=CARTESIAN_POINT('',(-2.8654044606,1.0444574945,7.9560786991));
#1554=CARTESIAN_POINT('',(-2.8643962906,1.065408289,7.9553856965));
#1555=CARTESIAN_POINT('',(-2.8665927856,1.0860167175,7.9546925678));
#1556=CARTESIAN_POINT('',(-2.9985788426,0.820749232,7.466747537));
#1557=CARTESIAN_POINT('',(-2.9795730618,0.8265150901,7.4665216757));
#1558=CARTESIAN_POINT('',(-2.9614321097,0.8350971483,7.4658634071));
#1559=CARTESIAN_POINT('',(-2.9284620936,0.8571422739,7.4637399925));
#1560=CARTESIAN_POINT('',(-2.9136372975,0.8706024694,7.4622751263));
#1561=CARTESIAN_POINT('',(-2.8886004023,0.9012216169,7.4586679009));
#1562=CARTESIAN_POINT('',(-2.8783915396,0.9183765891,7.4565260168));
#1563=CARTESIAN_POINT('',(-2.8634820934,0.9548790664,7.4517540268));
#1564=CARTESIAN_POINT('',(-2.8587834316,0.9742218333,7.4491245493));
#1565=CARTESIAN_POINT('',(-2.8553063611,1.0134019248,7.4436097987));
#1566=CARTESIAN_POINT('',(-2.8565283918,1.0332341681,7.4407252517));
#1567=CARTESIAN_POINT('',(-2.8606567552,1.0524433128,7.4378403249));
#1568=CARTESIAN_POINT('',(-2.981491366,0.7971588123,7.3014525407));
#1569=CARTESIAN_POINT('',(-2.9629247195,0.8040235639,7.3010872659));
#1570=CARTESIAN_POINT('',(-2.9453779224,0.8136077894,7.3001539121));
#1571=CARTESIAN_POINT('',(-2.913845961,0.8373874544,7.2972315443));
#1572=CARTESIAN_POINT('',(-2.8998648386,0.8515798695,7.295242899));
#1573=CARTESIAN_POINT('',(-2.8766861,0.8833421876,7.290381783));
#1574=CARTESIAN_POINT('',(-2.8674914627,0.9009080412,7.287509924));
#1575=CARTESIAN_POINT('',(-2.854691384,0.93788823,7.2811305147));
#1576=CARTESIAN_POINT('',(-2.8510875987,0.9572978425,7.2776237662));
#1577=CARTESIAN_POINT('',(-2.8497882889,0.9962742998,7.270277584));
#1578=CARTESIAN_POINT('',(-2.8520929526,1.0158361593,7.2664390732));
#1579=CARTESIAN_POINT('',(-2.8572539123,1.0346235244,7.2626000801));
#1580=CARTESIAN_POINT('',(-2.9436421651,0.7472123067,7.0644395316));
#1581=CARTESIAN_POINT('',(-2.925473703,0.7559875551,7.0641085477));
#1582=CARTESIAN_POINT('',(-2.9086063012,0.767417747,7.0629266908));
#1583=CARTESIAN_POINT('',(-2.8789968017,0.7945567584,7.0589678377));
#1584=CARTESIAN_POINT('',(-2.8662588217,0.8102618102,7.0561913904));
#1585=CARTESIAN_POINT('',(-2.8460669772,0.8445256479,7.0492948158));
#1586=CARTESIAN_POINT('',(-2.8386159226,0.8630796747,7.0451756445));
#1587=CARTESIAN_POINT('',(-2.8296769842,0.9013571495,7.0359669416));
#1588=CARTESIAN_POINT('',(-2.8281903475,0.9210752791,7.0308786864));
#1589=CARTESIAN_POINT('',(-2.8313178132,0.9598901514,7.0201931378));
#1590=CARTESIAN_POINT('',(-2.8359314866,0.9789814992,7.0145973255));
#1591=CARTESIAN_POINT('',(-2.843387286,0.9968948119,7.0090007375));
#1592=CARTESIAN_POINT('',(-2.928761792,0.7280730047,6.9863733337));
#1593=CARTESIAN_POINT('',(-2.9106879953,0.7375396611,6.9860981943));
#1594=CARTESIAN_POINT('',(-2.8940183271,0.749651945,6.9848632868));
#1595=CARTESIAN_POINT('',(-2.8650254985,0.7780526548,6.9805879084));
#1596=CARTESIAN_POINT('',(-2.8527065491,0.7943369749,6.9775480557));
#1597=CARTESIAN_POINT('',(-2.8335612191,0.8295732809,6.9699437738));
#1598=CARTESIAN_POINT('',(-2.826737626,0.8485201664,6.9653804412));
#1599=CARTESIAN_POINT('',(-2.8192199965,0.8873249105,6.9551510477));
#1600=CARTESIAN_POINT('',(-2.8185270653,0.9071771464,6.9494864604));
#1601=CARTESIAN_POINT('',(-2.8233394142,0.9459504445,6.9375782792));
#1602=CARTESIAN_POINT('',(-2.8288440139,0.964865882,6.9313364));
#1603=CARTESIAN_POINT('',(-2.8371945709,0.9824373195,6.925093622));
#1604=CARTESIAN_POINT('',(-2.8921923093,0.6862706458,6.8337030167));
#1605=CARTESIAN_POINT('',(-2.8742838784,0.697288198,6.833726357));
#1606=CARTESIAN_POINT('',(-2.8580080436,0.7109547163,6.8325328725));
#1607=CARTESIAN_POINT('',(-2.8303150933,0.7422502826,6.8278291225));
#1608=CARTESIAN_POINT('',(-2.8189025122,0.7598742263,6.8243196242));
#1609=CARTESIAN_POINT('',(-2.8020634026,0.7973514029,6.815328207));
#1610=CARTESIAN_POINT('',(-2.7966396383,0.8171985177,6.809847752));
#1611=CARTESIAN_POINT('',(-2.7923165033,0.8571685608,6.7974524499));
#1612=CARTESIAN_POINT('',(-2.7934178543,0.8772849583,6.7905396198));
#1613=CARTESIAN_POINT('',(-2.8020411247,0.9158120153,6.7759584279));
#1614=CARTESIAN_POINT('',(-2.8095616517,0.9342163734,6.768292438));
#1615=CARTESIAN_POINT('',(-2.8199244587,0.9508605523,6.760625201));
#1616=CARTESIAN_POINT('',(-2.8696657274,0.6627820917,6.7563763446));
#1617=CARTESIAN_POINT('',(-2.8518304742,0.6746924911,6.7566515923));
#1618=CARTESIAN_POINT('',(-2.8357578663,0.6892646529,6.7555562977));
#1619=CARTESIAN_POINT('',(-2.8087733855,0.7222555722,6.7507370744));
#1620=CARTESIAN_POINT('',(-2.7978662876,0.7406685424,6.7470139974));
#1621=CARTESIAN_POINT('',(-2.7823341202,0.7794614237,6.7373188044));
#1622=CARTESIAN_POINT('',(-2.7777118164,0.7998345161,6.731348388));
#1623=CARTESIAN_POINT('',(-2.7752289419,0.8404651274,6.7177667226));
#1624=CARTESIAN_POINT('',(-2.7773688441,0.8607154895,6.7101578486));
#1625=CARTESIAN_POINT('',(-2.7881990234,0.8990276862,6.6940742162));
#1626=CARTESIAN_POINT('',(-2.7968874304,0.9170827545,6.6856022673));
#1627=CARTESIAN_POINT('',(-2.8084103091,0.9331177114,6.6771288388));
#1628=CARTESIAN_POINT('',(-2.7925618637,0.5957778177,6.5452839141));
#1629=CARTESIAN_POINT('',(-2.7750863729,0.6105278147,6.5467335356));
#1630=CARTESIAN_POINT('',(-2.7597718795,0.6280072088,6.5463055859));
#1631=CARTESIAN_POINT('',(-2.7352335694,0.6664278758,6.5417477006));
#1632=CARTESIAN_POINT('',(-2.7260153592,0.6873605675,6.5376188025));
#1633=CARTESIAN_POINT('',(-2.7147525666,0.7302736769,6.5261344195));
#1634=CARTESIAN_POINT('',(-2.7127106245,0.7522444687,6.5187814962));
#1635=CARTESIAN_POINT('',(-2.7160557961,0.7946926156,6.5016932915));
#1636=CARTESIAN_POINT('',(-2.7214422768,0.815160401,6.4919618034));
#1637=CARTESIAN_POINT('',(-2.7390412339,0.8522266652,6.4712329081));
#1638=CARTESIAN_POINT('',(-2.7512498709,0.8688167272,6.4602400941));
#1639=CARTESIAN_POINT('',(-2.7661745872,0.8825038605,6.449244845));
#1640=CARTESIAN_POINT('',(-2.7233762041,0.5489872839,6.4110391018));
#1641=CARTESIAN_POINT('',(-2.7062380611,0.5661262096,6.4137736064));
#1642=CARTESIAN_POINT('',(-2.6915696199,0.5860629325,6.4141987991));
#1643=CARTESIAN_POINT('',(-2.6690783888,0.6290379822,6.4104157076));
#1644=CARTESIAN_POINT('',(-2.661262181,0.6520649915,6.4062087264));
#1645=CARTESIAN_POINT('',(-2.653531428,0.6983023009,6.3937129638));
#1646=CARTESIAN_POINT('',(-2.6536195015,0.7215002382,6.3854275944));
#1647=CARTESIAN_POINT('',(-2.6617427862,0.7651152997,6.3658235557));
#1648=CARTESIAN_POINT('',(-2.6697762832,0.7855205,6.3545099906));
#1649=CARTESIAN_POINT('',(-2.6928108381,0.82091036,6.3302653087));
#1650=CARTESIAN_POINT('',(-2.7078060093,0.8358849919,6.3173403894));
#1651=CARTESIAN_POINT('',(-2.7253402238,0.8471591136,6.3044121824));
#1652=CARTESIAN_POINT('',(-2.5907404074,0.5054978019,6.2369367589));
#1653=CARTESIAN_POINT('',(-2.575892735,0.5263370721,6.2436440474));
#1654=CARTESIAN_POINT('',(-2.563990421,0.5502643051,6.2472205035));
#1655=CARTESIAN_POINT('',(-2.5479056133,0.6006396582,6.2475713112));
#1656=CARTESIAN_POINT('',(-2.5437297147,0.6270674476,6.2443455695));
#1657=CARTESIAN_POINT('',(-2.5437588167,0.6783639172,6.2315880485));
#1658=CARTESIAN_POINT('',(-2.5479638972,0.7032118658,6.222061437));
#1659=CARTESIAN_POINT('',(-2.5641206349,0.7475057594,6.1981685641));
#1660=CARTESIAN_POINT('',(-2.5760658385,0.7669337592,6.1838119362));
#1661=CARTESIAN_POINT('',(-2.6058696314,0.7973743949,6.1524698702));
#1662=CARTESIAN_POINT('',(-2.6237162207,0.8083746342,6.1354970518));
#1663=CARTESIAN_POINT('',(-2.6431442682,0.8143079232,6.118517399));
#1664=CARTESIAN_POINT('',(-2.546143503,0.49541831,6.1863096513));
#1665=CARTESIAN_POINT('',(-2.5322302953,0.5174179863,6.1945150893));
#1666=CARTESIAN_POINT('',(-2.5214118034,0.5426213312,6.199312528));
#1667=CARTESIAN_POINT('',(-2.5077332967,0.5953648515,6.2013314829));
#1668=CARTESIAN_POINT('',(-2.5048797,0.622881232,6.198552233));
#1669=CARTESIAN_POINT('',(-2.507623817,0.6757569058,6.1858737852));
#1670=CARTESIAN_POINT('',(-2.5132204918,0.7010923003,6.1759803636));
#1671=CARTESIAN_POINT('',(-2.5319724227,0.7454591374,6.1506840831));
#1672=CARTESIAN_POINT('',(-2.5451193313,0.7644704469,6.135292603));
#1673=CARTESIAN_POINT('',(-2.5768360071,0.7930646176,6.1015032876));
#1674=CARTESIAN_POINT('',(-2.5953914573,0.8026343794,6.0831205965));
#1675=CARTESIAN_POINT('',(-2.6151421184,0.8066940522,6.0647296704));
#1676=CARTESIAN_POINT('',(-2.4481808364,0.486505881,6.0926222257));
#1677=CARTESIAN_POINT('',(-2.4373141186,0.5104462514,6.1048253819));
#1678=CARTESIAN_POINT('',(-2.429835327,0.537941505,6.1130146963));
#1679=CARTESIAN_POINT('',(-2.4230339281,0.5950416648,6.1198902523));
#1680=CARTESIAN_POINT('',(-2.4237154685,0.624613695,6.1185726709));
#1681=CARTESIAN_POINT('',(-2.4331368929,0.6804217773,6.1066744404));
#1682=CARTESIAN_POINT('',(-2.4418715392,0.7066256558,6.0961006947));
#1683=CARTESIAN_POINT('',(-2.4658126074,0.7508610802,6.0676278466));
#1684=CARTESIAN_POINT('',(-2.4810053505,0.7688670472,6.0497451062));
#1685=CARTESIAN_POINT('',(-2.5150763875,0.7933682103,6.0099339134));
#1686=CARTESIAN_POINT('',(-2.533935057,0.7998491127,5.9880282891));
#1687=CARTESIAN_POINT('',(-2.5528988709,0.79996176,5.9661101034));
#1688=CARTESIAN_POINT('',(-2.3933705942,0.4877015391,6.0482858033));
#1689=CARTESIAN_POINT('',(-2.3846181424,0.5125356053,6.0631219542));
#1690=CARTESIAN_POINT('',(-2.379405251,0.5411688012,6.0735996367));
#1691=CARTESIAN_POINT('',(-2.3771186849,0.6004707967,6.0838377878));
#1692=CARTESIAN_POINT('',(-2.3800471693,0.6311006027,6.0835919178));
#1693=CARTESIAN_POINT('',(-2.3935190843,0.6883715833,6.0724363109));
#1694=CARTESIAN_POINT('',(-2.4040541284,0.7149751223,6.0615340308));
#1695=CARTESIAN_POINT('',(-2.4306996072,0.7589528372,6.0311957832));
#1696=CARTESIAN_POINT('',(-2.446792689,0.7762980691,6.0117796001));
#1697=CARTESIAN_POINT('',(-2.4813935952,0.7983282866,5.9682036933));
#1698=CARTESIAN_POINT('',(-2.4998784631,0.8029986648,5.9440722444));
#1699=CARTESIAN_POINT('',(-2.5177394497,0.8008649391,5.9199251463));
#1700=CARTESIAN_POINT('',(-2.3069031932,0.5043454721,5.9955548818));
#1701=CARTESIAN_POINT('',(-2.3038366481,0.52861359,6.0151863822));
#1702=CARTESIAN_POINT('',(-2.304466406,0.5572111316,6.0299940682));
#1703=CARTESIAN_POINT('',(-2.3129970202,0.6169770719,6.0468188212));
#1704=CARTESIAN_POINT('',(-2.3208912527,0.6480978581,6.0488225881));
#1705=CARTESIAN_POINT('',(-2.3422676975,0.7061910496,6.0395911707));
#1706=CARTESIAN_POINT('',(-2.3557330042,0.7331171809,6.0283633727));
#1707=CARTESIAN_POINT('',(-2.3853575566,0.7769971081,5.995073099));
#1708=CARTESIAN_POINT('',(-2.4014932459,0.79391594,5.9730371009));
#1709=CARTESIAN_POINT('',(-2.432976538,0.8141087024,5.9228688283));
#1710=CARTESIAN_POINT('',(-2.4482990057,0.8173665143,5.8947764211));
#1711=CARTESIAN_POINT('',(-2.461567955,0.8134374736,5.8666616763));
#1712=CARTESIAN_POINT('',(-2.2763934618,0.5127555558,5.9799149603));
#1713=CARTESIAN_POINT('',(-2.2757728425,0.5364551323,6.0013554402));
#1714=CARTESIAN_POINT('',(-2.2788888585,0.564696841,6.0178226257));
#1715=CARTESIAN_POINT('',(-2.2919274796,0.6240625743,6.0372058698));
#1716=CARTESIAN_POINT('',(-2.3018392745,0.6551361908,6.0401055985));
#1717=CARTESIAN_POINT('',(-2.3262863047,0.7132448006,6.0316897174));
#1718=CARTESIAN_POINT('',(-2.340800965,0.7402305003,6.0203812802));
#1719=CARTESIAN_POINT('',(-2.3712339455,0.784144228,5.9860442401));
#1720=CARTESIAN_POINT('',(-2.3871264816,0.8010350374,5.9630447133));
#1721=CARTESIAN_POINT('',(-2.4167736427,0.8209807843,5.9104250186));
#1722=CARTESIAN_POINT('',(-2.4305030036,0.8240188497,5.8808493716));
#1723=CARTESIAN_POINT('',(-2.4416260338,0.819790303,5.8512486845));
#1724=CARTESIAN_POINT('',(-2.2211480504,0.5340302741,5.9591514675));
#1725=CARTESIAN_POINT('',(-2.2261628939,0.5552400492,5.9834736868));
#1726=CARTESIAN_POINT('',(-2.2349242366,0.5814162487,6.0026388907));
#1727=CARTESIAN_POINT('',(-2.2579403974,0.637686846,6.0262606221));
#1728=CARTESIAN_POINT('',(-2.2721739539,0.66772878,6.0306952231));
#1729=CARTESIAN_POINT('',(-2.3028331988,0.7247258946,6.023796984));
#1730=CARTESIAN_POINT('',(-2.3192304408,0.7516279697,6.0124705954));
#1731=CARTESIAN_POINT('',(-2.3503993061,0.7960620991,5.9766638476));
#1732=CARTESIAN_POINT('',(-2.3651419121,0.8135527775,5.9522168125));
#1733=CARTESIAN_POINT('',(-2.3895560093,0.8350666871,5.895845493));
#1734=CARTESIAN_POINT('',(-2.3992046698,0.8390699083,5.863973646));
#1735=CARTESIAN_POINT('',(-2.4051828618,0.8358608512,5.832072127));
#1736=CARTESIAN_POINT('',(-2.1956944933,0.5462938169,5.9526645729));
#1737=CARTESIAN_POINT('',(-2.2038185218,0.5657237627,5.9781290608));
#1738=CARTESIAN_POINT('',(-2.2156669668,0.59033121,5.9983888521));
#1739=CARTESIAN_POINT('',(-2.2440511457,0.6441468693,6.0237663052));
#1740=CARTESIAN_POINT('',(-2.260559566,0.6733030387,6.0288594706));
#1741=CARTESIAN_POINT('',(-2.2943567751,0.7292968866,6.0226653591));
#1742=CARTESIAN_POINT('',(-2.3116129778,0.7560804558,6.0113840729));
#1743=CARTESIAN_POINT('',(-2.3428103546,0.8009624899,5.975089151));
#1744=CARTESIAN_POINT('',(-2.356721394,0.819017619,5.9501105707));
#1745=CARTESIAN_POINT('',(-2.3779158424,0.8421394921,5.8923271943));
#1746=CARTESIAN_POINT('',(-2.3851787178,0.8471839534,5.8595782017));
#1747=CARTESIAN_POINT('',(-2.3882561067,0.8451245159,5.8267975525));
#1748=CARTESIAN_POINT('',(-2.1486639342,0.5745604567,5.9486769314));
#1749=CARTESIAN_POINT('',(-2.1631398485,0.5892254202,5.9749163766));
#1750=CARTESIAN_POINT('',(-2.1812158412,0.6094495292,5.9959961552));
#1751=CARTESIAN_POINT('',(-2.2202720298,0.6561970249,6.0228194284));
#1752=CARTESIAN_POINT('',(-2.2412131289,0.6826734268,6.0285360158));
#1753=CARTESIAN_POINT('',(-2.2809413868,0.7355261031,6.023218997));
#1754=CARTESIAN_POINT('',(-2.2996887293,0.7618493027,6.0121907356));
#1755=CARTESIAN_POINT('',(-2.3304888474,0.8080229088,5.9760201693));
#1756=CARTESIAN_POINT('',(-2.3425107071,0.827826986,5.9509141678));
#1757=CARTESIAN_POINT('',(-2.3569342425,0.8561574332,5.8926368512));
#1758=CARTESIAN_POINT('',(-2.3593213779,0.8646554191,5.8595240209));
#1759=CARTESIAN_POINT('',(-2.35659707,0.8664766389,5.8263779273));
#1760=CARTESIAN_POINT('',(-2.1264992466,0.591014132,5.9513041607));
#1761=CARTESIAN_POINT('',(-2.1442385607,0.6026250884,5.9770870911));
#1762=CARTESIAN_POINT('',(-2.1654714693,0.6199672686,5.9978088429));
#1763=CARTESIAN_POINT('',(-2.2098601963,0.6619866428,6.0241940374));
#1764=CARTESIAN_POINT('',(-2.2329712992,0.686621644,6.0298309639));
#1765=CARTESIAN_POINT('',(-2.2755166328,0.7372752422,6.0246510515));
#1766=CARTESIAN_POINT('',(-2.2949080336,0.7632429234,6.0138394258));
#1767=CARTESIAN_POINT('',(-2.3253064811,0.8102727977,5.9783486907));
#1768=CARTESIAN_POINT('',(-2.3362829545,0.8312876719,5.9537052617));
#1769=CARTESIAN_POINT('',(-2.3471761106,0.8633073557,5.8964930166));
#1770=CARTESIAN_POINT('',(-2.3470818762,0.8742798983,5.8639817139));
#1771=CARTESIAN_POINT('',(-2.341459699,0.878905456,5.8314376964));
#1772=CARTESIAN_POINT('',(-2.09131592,0.6226255422,5.9648957409));
#1773=CARTESIAN_POINT('',(-2.1137822891,0.628851824,5.9883539412));
#1774=CARTESIAN_POINT('',(-2.1394849048,0.6410255782,6.0070599459));
#1775=CARTESIAN_POINT('',(-2.1913263683,0.6744148144,6.0305786446));
#1776=CARTESIAN_POINT('',(-2.217414622,0.6955978027,6.0353684287));
#1777=CARTESIAN_POINT('',(-2.2638005845,0.7419713643,6.0298853205));
#1778=CARTESIAN_POINT('',(-2.2840530429,0.7671167549,6.0196177761));
#1779=CARTESIAN_POINT('',(-2.3139227372,0.8154234876,5.9864401885));
#1780=CARTESIAN_POINT('',(-2.3235108553,0.8385377241,5.9635624762));
#1781=CARTESIAN_POINT('',(-2.3297442913,0.8772610836,5.9105974817));
#1782=CARTESIAN_POINT('',(-2.326383564,0.8928324071,5.8805618089));
#1783=CARTESIAN_POINT('',(-2.3169410905,0.9027841597,5.8504968411));
#1784=CARTESIAN_POINT('',(-2.0770764891,0.6380497117,5.9749596925));
#1785=CARTESIAN_POINT('',(-2.101220237,0.6418960939,5.9967590587));
#1786=CARTESIAN_POINT('',(-2.128454587,0.6517496638,6.0140031123));
#1787=CARTESIAN_POINT('',(-2.1827992483,0.6811990557,6.0353971166));
#1788=CARTESIAN_POINT('',(-2.2098580817,0.7007671207,6.0395268976));
#1789=CARTESIAN_POINT('',(-2.2574857882,0.7450681474,6.0336992961));
#1790=CARTESIAN_POINT('',(-2.2780095675,0.7697592505,6.0237474395));
#1791=CARTESIAN_POINT('',(-2.3077277451,0.8185117785,5.9920687638));
#1792=CARTESIAN_POINT('',(-2.3168940234,0.842527064,5.9703718677));
#1793=CARTESIAN_POINT('',(-2.3217210061,0.8842766066,5.9202778585));
#1794=CARTESIAN_POINT('',(-2.3173771662,0.9019712767,5.8919280459));
#1795=CARTESIAN_POINT('',(-2.3067795057,0.9144353063,5.8635514413));
#1796=CARTESIAN_POINT('',(-2.0482286878,0.6745386358,6.0060656794));
#1797=CARTESIAN_POINT('',(-2.0751408096,0.673764358,6.0236121082));
#1798=CARTESIAN_POINT('',(-2.1047742737,0.6790492253,6.0371311168));
#1799=CARTESIAN_POINT('',(-2.162925358,0.7005859908,6.0531399887));
#1800=CARTESIAN_POINT('',(-2.1913928069,0.7168195911,6.0556162355));
#1801=CARTESIAN_POINT('',(-2.2408143534,0.756641495,6.04897113));
#1802=CARTESIAN_POINT('',(-2.2617258552,0.7801956566,6.0398555225));
#1803=CARTESIAN_POINT('',(-2.2913269526,0.8293885595,6.0120498837));
#1804=CARTESIAN_POINT('',(-2.2999910717,0.8549849428,5.9933836692));
#1805=CARTESIAN_POINT('',(-2.3031333244,0.902514347,5.9506389658));
#1806=CARTESIAN_POINT('',(-2.2976088045,0.9244062793,5.9265970474));
#1807=CARTESIAN_POINT('',(-2.2856013365,0.9419983982,5.9025345475));
#1808=CARTESIAN_POINT('',(-2.0360979633,0.695331003,6.0304185299));
#1809=CARTESIAN_POINT('',(-2.0635789267,0.6928203871,6.0453246988));
#1810=CARTESIAN_POINT('',(-2.0935502326,0.6963200598,6.0565564544));
#1811=CARTESIAN_POINT('',(-2.152088678,0.7146031365,6.0692924557));
#1812=CARTESIAN_POINT('',(-2.180609142,0.7293720826,6.0707866891));
#1813=CARTESIAN_POINT('',(-2.2300781653,0.7670264925,6.063714849));
#1814=CARTESIAN_POINT('',(-2.2509872875,0.7898820199,6.0551544258));
#1815=CARTESIAN_POINT('',(-2.2807011563,0.8387854712,6.0298040687));
#1816=CARTESIAN_POINT('',(-2.2894822003,0.8647944218,6.013034229));
#1817=CARTESIAN_POINT('',(-2.2930204626,0.9143851251,5.9748652603));
#1818=CARTESIAN_POINT('',(-2.2877748205,0.9379272626,5.9534963514));
#1819=CARTESIAN_POINT('',(-2.2760712569,0.9577045869,5.9321105148));
#1820=CARTESIAN_POINT('',(-2.0132587571,0.7444357221,6.1017847005));
#1821=CARTESIAN_POINT('',(-2.0412336763,0.7391671865,6.1110046719));
#1822=CARTESIAN_POINT('',(-2.0711407558,0.7396884935,6.1174155882));
#1823=CARTESIAN_POINT('',(-2.1290702002,0.7522347438,6.1234259536));
#1824=CARTESIAN_POINT('',(-2.1570553126,0.7642519559,6.1230219377));
#1825=CARTESIAN_POINT('',(-2.205690599,0.7974866087,6.1154885854));
#1826=CARTESIAN_POINT('',(-2.2263095167,0.8186829219,6.1083641259));
#1827=CARTESIAN_POINT('',(-2.2561883242,0.8661720526,6.0887576447));
#1828=CARTESIAN_POINT('',(-2.2654289711,0.8924343864,6.0762878986));
#1829=CARTESIAN_POINT('',(-2.2707325315,0.9449436708,6.0483777731));
#1830=CARTESIAN_POINT('',(-2.266791925,0.9711566459,6.0329547431));
#1831=CARTESIAN_POINT('',(-2.2566324219,0.9947974287,6.0175221368));
#1832=CARTESIAN_POINT('',(-2.0078990249,0.7697545131,6.1542460465));
#1833=CARTESIAN_POINT('',(-2.0352448962,0.7644053352,6.1610399075));
#1834=CARTESIAN_POINT('',(-2.0642199965,0.7646187936,6.1655059189));
#1835=CARTESIAN_POINT('',(-2.1202394582,0.7761325988,6.1689951135));
#1836=CARTESIAN_POINT('',(-2.1472526003,0.7874265338,6.1680164465));
#1837=CARTESIAN_POINT('',(-2.1944490733,0.819067012,6.160790976));
#1838=CARTESIAN_POINT('',(-2.2146060975,0.8393959317,6.1545481777));
#1839=CARTESIAN_POINT('',(-2.2444268683,0.8854314498,6.1379136473));
#1840=CARTESIAN_POINT('',(-2.2540739559,0.9111123841,6.1275310567));
#1841=CARTESIAN_POINT('',(-2.2611086656,0.9631997862,6.1044796641));
#1842=CARTESIAN_POINT('',(-2.2584922774,0.9895771686,6.0918235043));
#1843=CARTESIAN_POINT('',(-2.2499715841,1.0139227984,6.0791604031));
#1844=CARTESIAN_POINT('',(-2.0026378353,0.8283448661,6.3121416202));
#1845=CARTESIAN_POINT('',(-2.0282780915,0.8236682905,6.3140364644));
#1846=CARTESIAN_POINT('',(-2.054813484,0.8239052591,6.3147408884));
#1847=CARTESIAN_POINT('',(-2.1057879332,0.8341709588,6.3137161219));
#1848=CARTESIAN_POINT('',(-2.1302085666,0.8441959987,6.3119876788));
#1849=CARTESIAN_POINT('',(-2.1733445232,0.8725668355,6.3063642249));
#1850=CARTESIAN_POINT('',(-2.1920442391,0.8909024165,6.3024711612));
#1851=CARTESIAN_POINT('',(-2.2209646485,0.9331925049,6.2930654168));
#1852=CARTESIAN_POINT('',(-2.2311747293,0.9571316919,6.2875556211));
#1853=CARTESIAN_POINT('',(-2.24157871,1.0070857447,6.2756696676));
#1854=CARTESIAN_POINT('',(-2.2417684904,1.0330823265,6.2692969897));
#1855=CARTESIAN_POINT('',(-2.2369129138,1.0581809213,6.2629224701));
#1856=CARTESIAN_POINT('',(-2.0114040304,0.849968315,6.4261393391));
#1857=CARTESIAN_POINT('',(-2.0357773125,0.8469204331,6.4270641953));
#1858=CARTESIAN_POINT('',(-2.0607151989,0.8483563861,6.4272741493));
#1859=CARTESIAN_POINT('',(-2.1084273286,0.8599942705,6.4262383735));
#1860=CARTESIAN_POINT('',(-2.1311873376,0.87019264,6.4249929389));
#1861=CARTESIAN_POINT('',(-2.1715125147,0.8979931993,6.4212062719));
#1862=CARTESIAN_POINT('',(-2.189065664,0.9155870322,6.4186660995));
#1863=CARTESIAN_POINT('',(-2.2166376889,0.9558337675,6.4126160477));
#1864=CARTESIAN_POINT('',(-2.2266483426,0.9784746212,6.4091078573));
#1865=CARTESIAN_POINT('',(-2.2377971137,1.0257990071,6.4015722105));
#1866=CARTESIAN_POINT('',(-2.2389318881,1.0504683867,6.3975468558));
#1867=CARTESIAN_POINT('',(-2.2355504214,1.0745148946,6.3935203785));
#1868=CARTESIAN_POINT('',(-2.0257931181,0.8631940411,6.5873795048));
#1869=CARTESIAN_POINT('',(-2.0488166304,0.8620851183,6.5875620513));
#1870=CARTESIAN_POINT('',(-2.0720270181,0.8649890927,6.5875183417));
#1871=CARTESIAN_POINT('',(-2.1161002616,0.8784802233,6.5869838615));
#1872=CARTESIAN_POINT('',(-2.1369527328,0.8890641846,6.5864932143));
#1873=CARTESIAN_POINT('',(-2.1738449947,0.9166665017,6.5851217191));
#1874=CARTESIAN_POINT('',(-2.1898760949,0.9336783426,6.5842411819));
#1875=CARTESIAN_POINT('',(-2.2152290982,0.9721279808,6.5821917419));
#1876=CARTESIAN_POINT('',(-2.2245450283,0.9935567112,6.5810233013));
#1877=CARTESIAN_POINT('',(-2.2353635085,1.0383091146,6.5785331114));
#1878=CARTESIAN_POINT('',(-2.2368635065,1.061622237,6.5772119226));
#1879=CARTESIAN_POINT('',(-2.2343660266,1.0845053756,6.5758904365));
#1880=CARTESIAN_POINT('',(-2.0304037064,0.865,6.6344131001));
#1881=CARTESIAN_POINT('',(-2.0530695921,0.8644503344,6.6344787905));
#1882=CARTESIAN_POINT('',(-2.0758234075,0.8677896874,6.6344386047));
#1883=CARTESIAN_POINT('',(-2.1189233995,0.8818656834,6.6341509179));
#1884=CARTESIAN_POINT('',(-2.1392600535,0.8925992053,6.6339034769));
#1885=CARTESIAN_POINT('',(-2.1751979826,0.9202374005,6.63322872));
#1886=CARTESIAN_POINT('',(-2.1907913197,0.9371359588,6.6328015451));
#1887=CARTESIAN_POINT('',(-2.2154567213,0.9751725312,6.6318147668));
#1888=CARTESIAN_POINT('',(-2.2245233387,0.9963021355,6.6312553697));
#1889=CARTESIAN_POINT('',(-2.2350953508,1.0403844496,6.6300663229));
#1890=CARTESIAN_POINT('',(-2.2365984114,1.0633274156,6.6294369217));
#1891=CARTESIAN_POINT('',(-2.2342332755,1.0858695652,6.6288073889));
#1892=CARTESIAN_POINT('',(-2.0353251026,0.865,6.6816650961));
#1893=CARTESIAN_POINT('',(-2.0576628953,0.865,6.6816650961));
#1894=CARTESIAN_POINT('',(-2.0799960204,0.8687769481,6.6816650961));
#1895=CARTESIAN_POINT('',(-2.1221871212,0.8834677254,6.6816650961));
#1896=CARTESIAN_POINT('',(-2.1420362809,0.8943784849,6.6816650961));
#1897=CARTESIAN_POINT('',(-2.1770502609,0.9221260819,6.6816650961));
#1898=CARTESIAN_POINT('',(-2.1922077648,0.9389571213,6.6816650961));
#1899=CARTESIAN_POINT('',(-2.2161502512,0.9766753566,6.6816650961));
#1900=CARTESIAN_POINT('',(-2.2249302307,0.9975546711,6.6816650961));
#1901=CARTESIAN_POINT('',(-2.2351382594,1.0410483957,6.6816650961));
#1902=CARTESIAN_POINT('',(-2.2365641756,1.0636537176,6.6816650961));
#1903=CARTESIAN_POINT('',(-2.2342332755,1.0858695652,6.6816650961));
#1904=B_SPLINE_SURFACE_WITH_KNOTS('',3,3,((#1520,#1521,#1522,#1523,#1524,#1525,#1526,#1527,#1528,#1529,#1530,#1531),
    (#1532,#1533,#1534,#1535,#1536,#1537,#1538,#1539,#1540,#1541,#1542,#1543),
    (#1544,#1545,#1546,#1547,#1548,#1549,#1550,#1551,#1552,#1553,#1554,#1555),
    (#1556,#1557,#1558,#1559,#1560,#1561,#1562,#1563,#1564,#1565,#1566,#1567),
    (#1568,#1569,#1570,#1571,#1572,#1573,#1574,#1575,#1576,#1577,#1578,#1579),
    (#1580,#1581,#1582,#1583,#1584,#1585,#1586,#1587,#1588,#1589,#1590,#1591),
    (#1592,#1593,#1594,#1595,#1596,#1597,#1598,#1599,#1600,#1601,#1602,#1603),
    (#1604,#1605,#1606,#1607,#1608,#1609,#1610,#1611,#1612,#1613,#1614,#1615),
    (#1616,#1617,#1618,#1619,#1620,#1621,#1622,#1623,#1624,#1625,#1626,#1627),
    (#1628,#1629,#1630,#1631,#1632,#1633,#1634,#1635,#1636,#1637,#1638,#1639),
    (#1640,#1641,#1642,#1643,#1644,#1645,#1646,#1647,#1648,#1649,#1650,#1651),
    (#1652,#1653,#1654,#1655,#1656,#1657,#1658,#1659,#1660,#1661,#1662,#1663),
    (#1664,#1665,#1666,#1667,#1668,#1669,#1670,#1671,#1672,#1673,#1674,#1675),
    (#1676,#1677,#1678,#1679,#1680,#1681,#1682,#1683,#1684,#1685,#1686,#1687),
    (#1688,#1689,#1690,#1691,#1692,#1693,#1694,#1695,#1696,#1697,#1698,#1699),
    (#1700,#1701,#1702,#1703,#1704,#1705,#1706,#1707,#1708,#1709,#1710,#1711),
    (#1712,#1713,#1714,#1715,#1716,#1717,#1718,#1719,#1720,#1721,#1722,#1723),
    (#1724,#1725,#1726,#1727,#1728,#1729,#1730,#1731,#1732,#1733,#1734,#1735),
    (#1736,#1737,#1738,#1739,#1740,#1741,#1742,#1743,#1744,#1745,#1746,#1747),
    (#1748,#1749,#1750,#1751,#1752,#1753,#1754,#1755,#1756,#1757,#1758,#1759),
    (#1760,#1761,#1762,#1763,#1764,#1765,#1766,#1767,#1768,#1769,#1770,#1771),
    (#1772,#1773,#1774,#1775,#1776,#1777,#1778,#1779,#1780,#1781,#1782,#1783),
    (#1784,#1785,#1786,#1787,#1788,#1789,#1790,#1791,#1792,#1793,#1794,#1795),
    (#1796,#1797,#1798,#1799,#1800,#1801,#1802,#1803,#1804,#1805,#1806,#1807),
    (#1808,#1809,#1810,#1811,#1812,#1813,#1814,#1815,#1816,#1817,#1818,#1819),
    (#1820,#1821,#1822,#1823,#1824,#1825,#1826,#1827,#1828,#1829,#1830,#1831),
    (#1832,#1833,#1834,#1835,#1836,#1837,#1838,#1839,#1840,#1841,#1842,#1843),
    (#1844,#1845,#1846,#1847,#1848,#1849,#1850,#1851,#1852,#1853,#1854,#1855),
    (#1856,#1857,#1858,#1859,#1860,#1861,#1862,#1863,#1864,#1865,#1866,#1867),
    (#1868,#1869,#1870,#1871,#1872,#1873,#1874,#1875,#1876,#1877,#1878,#1879),
    (#1880,#1881,#1882,#1883,#1884,#1885,#1886,#1887,#1888,#1889,#1890,#1891),
    (#1892,#1893,#1894,#1895,#1896,#1897,#1898,#1899,#1900,#1901,#1902,#1903)),.UNSPECIFIED.,.F.,.F.,.U.,
 (4,2,2,2,2,2,2,2,2,2,2,2,2,2,2,4),(4,2,2,2,2,4),
  (0.0,0.2430951518,0.3660582523,0.4275398026,0.4890213529,0.6049556048,0.6547263828,0.7048872824,0.7306978993,0.7525548212,
    0.7745281707,0.7940667604,0.8229562807,0.8710593084,0.9627782933,1.0),(0.0,0.2,0.4,0.6,0.8,1.0),.UNSPECIFIED.);
#1905=ADVANCED_FACE('n° 745',(#1519),#1904,.F.);
#1906=ORIENTED_EDGE('',*,*,#1515,.T.);
#1907=ORIENTED_EDGE('',*,*,#273,.F.);
#1908=CARTESIAN_POINT('',(-2.0353251026,1.065,8.8));
#1909=DIRECTION('',(0.0,0.0,-1.0));
#1910=DIRECTION('',(0.0,1.0,0.0));
#1911=AXIS2_PLACEMENT_3D('',#1908,#1909,#1910);
#1912=CIRCLE('',#1911,0.2);
#1913=EDGE_CURVE('n° 774',#210,#259,#1912,.T.);
#1914=ORIENTED_EDGE('',*,*,#1913,.F.);
#1915=ORIENTED_EDGE('',*,*,#215,.F.);
#1916=EDGE_LOOP('',(#1906,#1907,#1914,#1915));
#1917=FACE_OUTER_BOUND('',#1916,.T.);
#1918=CARTESIAN_POINT('',(-2.0353251026,1.065,4.842));
#1919=DIRECTION('',(0.0,-0.0,1.0));
#1920=DIRECTION('',(0.0,-1.0,-0.0));
#1921=AXIS2_PLACEMENT_3D('',#1918,#1919,#1920);
#1922=CYLINDRICAL_SURFACE('',#1921,0.2);
#1923=ADVANCED_FACE('n° 747',(#1917),#1922,.F.);
#1924=ORIENTED_EDGE('',*,*,#1507,.T.);
#1925=ORIENTED_EDGE('',*,*,#206,.F.);
#1926=CARTESIAN_POINT('',(-3.0646748974,1.065,8.8));
#1927=DIRECTION('',(0.0,0.0,-1.0));
#1928=DIRECTION('',(0.0,1.0,0.0));
#1929=AXIS2_PLACEMENT_3D('',#1926,#1927,#1928);
#1930=CIRCLE('',#1929,0.2);
#1931=EDGE_CURVE('n° 777',#251,#184,#1930,.T.);
#1932=ORIENTED_EDGE('',*,*,#1931,.F.);
#1933=ORIENTED_EDGE('',*,*,#256,.F.);
#1934=EDGE_LOOP('',(#1924,#1925,#1932,#1933));
#1935=FACE_OUTER_BOUND('',#1934,.T.);
#1936=CARTESIAN_POINT('',(-3.0646748974,1.065,4.842));
#1937=DIRECTION('',(0.0,-0.0,1.0));
#1938=DIRECTION('',(0.0,-1.0,-0.0));
#1939=AXIS2_PLACEMENT_3D('',#1936,#1937,#1938);
#1940=CYLINDRICAL_SURFACE('',#1939,0.2);
#1941=ADVANCED_FACE('n° 749',(#1935),#1940,.F.);
#1942=CARTESIAN_POINT('',(-2.2342332755,1.0858695652,8.8));
#1943=CARTESIAN_POINT('',(-2.2342332755,1.0858695652,8.822270926));
#1944=CARTESIAN_POINT('',(-2.2380889803,1.0857829901,8.844848978));
#1945=CARTESIAN_POINT('',(-2.2528772887,1.0854036844,8.8868782785));
#1946=CARTESIAN_POINT('',(-2.2640124137,1.0851084909,8.9069084773));
#1947=CARTESIAN_POINT('',(-2.2919592122,1.0841648839,8.9417083969));
#1948=CARTESIAN_POINT('',(-2.309152775,1.0835181095,8.956951099));
#1949=CARTESIAN_POINT('',(-2.3473322362,1.0813704821,8.9806721848));
#1950=CARTESIAN_POINT('',(-2.3687743886,1.0799545209,8.9894419103));
#1951=CARTESIAN_POINT('',(-2.4081680888,1.0747067791,8.9982479458));
#1952=CARTESIAN_POINT('',(-2.4254782683,1.0717955434,9.0));
#1953=CARTESIAN_POINT('',(-2.4456436394,1.065,9.0));
#1954=B_SPLINE_CURVE_WITH_KNOTS('',3,(#1942,#1943,#1944,#1945,#1946,#1947,#1948,#1949,#1950,#1951,
    #1952,#1953),.UNSPECIFIED.,.F.,.U.,
 (4,2,2,2,2,4),(0.0,0.2104238223,0.4208424033,0.631423419,0.8426945137,1.0),.UNSPECIFIED.);
#1955=EDGE_CURVE('n° 773',#259,#330,#1954,.T.);
#1956=ORIENTED_EDGE('',*,*,#1955,.F.);
#1957=ORIENTED_EDGE('',*,*,#265,.F.);
#1958=CARTESIAN_POINT('',(-2.6543563606,1.065,9.0));
#1959=CARTESIAN_POINT('',(-2.6782856436,1.0730639469,9.0));
#1960=CARTESIAN_POINT('',(-2.6984401812,1.0758563225,8.9974995228));
#1961=CARTESIAN_POINT('',(-2.7376225834,1.0803599425,8.9868279664));
#1962=CARTESIAN_POINT('',(-2.7562940018,1.0815883212,8.9785978937));
#1963=CARTESIAN_POINT('',(-2.7923932493,1.083587983,8.9557702767));
#1964=CARTESIAN_POINT('',(-2.8097053533,1.0842276158,8.9400904291));
#1965=CARTESIAN_POINT('',(-2.8374588145,1.0851508994,8.904571018));
#1966=CARTESIAN_POINT('',(-2.8483599007,1.0854366982,8.8842950521));
#1967=CARTESIAN_POINT('',(-2.8622465284,1.0857901949,8.8428786946));
#1968=CARTESIAN_POINT('',(-2.8657667245,1.0858695661,8.8213037722));
#1969=CARTESIAN_POINT('',(-2.8657667246,1.0858695661,8.8000000011));
#1970=B_SPLINE_CURVE_WITH_KNOTS('',3,(#1958,#1959,#1960,#1961,#1962,#1963,#1964,#1965,#1966,#1967,
    #1968,#1969),.UNSPECIFIED.,.F.,.U.,
 (4,2,2,2,2,4),(0.0,0.1866252656,0.3736280552,0.5874805962,0.7987591141,1.0),.UNSPECIFIED.);
#1971=EDGE_CURVE('n° 778',#332,#251,#1970,.T.);
#1972=ORIENTED_EDGE('',*,*,#1971,.F.);
#1973=ORIENTED_EDGE('',*,*,#338,.F.);
#1974=EDGE_LOOP('',(#1956,#1957,#1972,#1973));
#1975=FACE_OUTER_BOUND('',#1974,.T.);
#1976=CARTESIAN_POINT('',(-2.55,1.119,8.8));
#1977=DIRECTION('',(0.0,-0.0,1.0));
#1978=DIRECTION('',(0.0,-1.0,-0.0));
#1979=AXIS2_PLACEMENT_3D('',#1976,#1977,#1978);
#1980=TOROIDAL_SURFACE('',#1979,0.1175,0.2);
#1981=ADVANCED_FACE('n° 753',(#1975),#1980,.T.);
#1982=ORIENTED_EDGE('',*,*,#1913,.T.);
#1983=ORIENTED_EDGE('',*,*,#1955,.T.);
#1984=CARTESIAN_POINT('',(-2.4456436394,1.065,9.2));
#1985=DIRECTION('',(1.0,0.0,-0.0));
#1986=DIRECTION('',(0.0,-1.0,-0.0));
#1987=AXIS2_PLACEMENT_3D('',#1984,#1985,#1986);
#1988=CIRCLE('',#1987,0.2);
#1989=EDGE_CURVE('n° 780',#218,#330,#1988,.T.);
#1990=ORIENTED_EDGE('',*,*,#1989,.F.);
#1991=ORIENTED_EDGE('',*,*,#232,.T.);
#1992=EDGE_LOOP('',(#1982,#1983,#1990,#1991));
#1993=FACE_OUTER_BOUND('',#1992,.T.);
#1994=CARTESIAN_POINT('',(-2.0353251026,0.865,8.8));
#1995=CARTESIAN_POINT('',(-2.0576628953,0.865,8.8));
#1996=CARTESIAN_POINT('',(-2.0799960204,0.8687769481,8.8));
#1997=CARTESIAN_POINT('',(-2.1221871212,0.8834677254,8.8));
#1998=CARTESIAN_POINT('',(-2.1420362809,0.8943784849,8.8));
#1999=CARTESIAN_POINT('',(-2.1770502609,0.9221260819,8.8));
#2000=CARTESIAN_POINT('',(-2.1922077648,0.9389571213,8.8));
#2001=CARTESIAN_POINT('',(-2.2161502512,0.9766753566,8.8));
#2002=CARTESIAN_POINT('',(-2.2249302307,0.9975546711,8.8));
#2003=CARTESIAN_POINT('',(-2.2351382594,1.0410483957,8.8));
#2004=CARTESIAN_POINT('',(-2.2365641756,1.0636537176,8.8));
#2005=CARTESIAN_POINT('',(-2.2342332755,1.0858695652,8.8));
#2006=CARTESIAN_POINT('',(-2.0353251026,0.865,8.8445418521));
#2007=CARTESIAN_POINT('',(-2.0576628953,0.865,8.8420407818));
#2008=CARTESIAN_POINT('',(-2.0799960204,0.8687769481,8.839540234));
#2009=CARTESIAN_POINT('',(-2.1221871212,0.8834677254,8.8348162709));
#2010=CARTESIAN_POINT('',(-2.1420362809,0.8943784849,8.8325938425));
#2011=CARTESIAN_POINT('',(-2.1770502609,0.9221260819,8.8286734719));
#2012=CARTESIAN_POINT('',(-2.1922077648,0.9389571213,8.8269763488));
#2013=CARTESIAN_POINT('',(-2.2161502512,0.9766753566,8.8242956075));
#2014=CARTESIAN_POINT('',(-2.2249302307,0.9975546711,8.8233125495));
#2015=CARTESIAN_POINT('',(-2.2351382594,1.0410483957,8.8221695987));
#2016=CARTESIAN_POINT('',(-2.2365641756,1.0636537176,8.8220099448));
#2017=CARTESIAN_POINT('',(-2.2342332755,1.0858695652,8.822270926));
#2018=CARTESIAN_POINT('',(-2.0430188385,0.865,8.8896979561));
#2019=CARTESIAN_POINT('',(-2.0649183599,0.865,8.8846612898));
#2020=CARTESIAN_POINT('',(-2.0868133104,0.8687749667,8.8796256761));
#2021=CARTESIAN_POINT('',(-2.1281779742,0.8834582505,8.8701125449));
#2022=CARTESIAN_POINT('',(-2.1476390539,0.8943635028,8.8656370153));
#2023=CARTESIAN_POINT('',(-2.1819711892,0.9220977894,8.8577421799));
#2024=CARTESIAN_POINT('',(-2.1968350791,0.9389210345,8.8543245237));
#2025=CARTESIAN_POINT('',(-2.2203182805,0.9766232154,8.8489260848));
#2026=CARTESIAN_POINT('',(-2.2289326905,0.9974942812,8.8469464301));
#2027=CARTESIAN_POINT('',(-2.2389565326,1.0409731569,8.8446448282));
#2028=CARTESIAN_POINT('',(-2.2403638724,1.0635718911,8.844323362));
#2029=CARTESIAN_POINT('',(-2.2380889803,1.0857829901,8.844848978));
#2030=CARTESIAN_POINT('',(-2.0725122327,0.865,8.973756557));
#2031=CARTESIAN_POINT('',(-2.0927338054,0.865,8.9640143847));
#2032=CARTESIAN_POINT('',(-2.1129511766,0.8687662993,8.9542742378));
#2033=CARTESIAN_POINT('',(-2.1511515414,0.8834168001,8.9358707459));
#2034=CARTESIAN_POINT('',(-2.1691265979,0.8942979575,8.927211227));
#2035=CARTESIAN_POINT('',(-2.2008473678,0.9219739937,8.9119303771));
#2036=CARTESIAN_POINT('',(-2.2145864904,0.9387631217,8.9053122231));
#2037=CARTESIAN_POINT('',(-2.2363095041,0.9763949956,8.8948493611));
#2038=CARTESIAN_POINT('',(-2.2442888816,0.9972299219,8.8910068283));
#2039=CARTESIAN_POINT('',(-2.2536048304,1.0406436799,8.8865227649));
#2040=CARTESIAN_POINT('',(-2.254939466,1.0632134906,8.8858821665));
#2041=CARTESIAN_POINT('',(-2.2528772887,1.0854036844,8.8868782785));
#2042=CARTESIAN_POINT('',(-2.0947175106,0.865,9.0138169547));
#2043=CARTESIAN_POINT('',(-2.1136761636,0.865,9.0018398733));
#2044=CARTESIAN_POINT('',(-2.1326308929,0.8687595545,8.9898652741));
#2045=CARTESIAN_POINT('',(-2.1684495772,0.883384544,8.9672378165));
#2046=CARTESIAN_POINT('',(-2.1853061193,0.894246951,8.9565896476));
#2047=CARTESIAN_POINT('',(-2.2150612436,0.9218776568,8.9377953477));
#2048=CARTESIAN_POINT('',(-2.2279536678,0.9386402345,8.9296531117));
#2049=CARTESIAN_POINT('',(-2.2483514931,0.9762173935,8.916773826));
#2050=CARTESIAN_POINT('',(-2.2558526727,0.9970241943,8.9120394455));
#2051=CARTESIAN_POINT('',(-2.2646352569,1.0403872721,8.9065018287));
#2052=CARTESIAN_POINT('',(-2.2659148439,1.0629345707,8.9056997402));
#2053=CARTESIAN_POINT('',(-2.2640124137,1.0851084909,8.9069084773));
#2054=CARTESIAN_POINT('',(-2.1503727035,0.865,9.0834167938));
#2055=CARTESIAN_POINT('',(-2.1661756095,0.865,9.0675944964));
#2056=CARTESIAN_POINT('',(-2.1819752821,0.8687380669,9.0517754404));
#2057=CARTESIAN_POINT('',(-2.2118416986,0.8832817575,9.0218734644));
#2058=CARTESIAN_POINT('',(-2.2259023316,0.8940844037,9.0077966703));
#2059=CARTESIAN_POINT('',(-2.2507420117,0.9215705499,8.9829306254));
#2060=CARTESIAN_POINT('',(-2.2615159765,0.9382484229,8.9721464688));
#2061=CARTESIAN_POINT('',(-2.2785948574,0.9756508466,8.9550550286));
#2062=CARTESIAN_POINT('',(-2.2848962792,0.9963677403,8.9487512464));
#2063=CARTESIAN_POINT('',(-2.2923345071,1.0395684947,8.9413168183));
#2064=CARTESIAN_POINT('',(-2.2934697914,1.0620435113,8.9401876955));
#2065=CARTESIAN_POINT('',(-2.2919592122,1.0841648839,8.9417083969));
#2066=CARTESIAN_POINT('',(-2.1845948541,0.865,9.1139021981));
#2067=CARTESIAN_POINT('',(-2.1984601356,0.865,9.0964164372));
#2068=CARTESIAN_POINT('',(-2.2123226062,0.8687233436,9.0789342312));
#2069=CARTESIAN_POINT('',(-2.2385340023,0.8832113259,9.0458813033));
#2070=CARTESIAN_POINT('',(-2.2508776141,0.893973022,9.0303173013));
#2071=CARTESIAN_POINT('',(-2.2726979546,0.9213601054,9.0028096507));
#2072=CARTESIAN_POINT('',(-2.2821702596,0.9379799301,8.9908715948));
#2073=CARTESIAN_POINT('',(-2.2972087533,0.975262596,8.9719274867));
#2074=CARTESIAN_POINT('',(-2.3027718931,0.9959178646,8.9649252862));
#2075=CARTESIAN_POINT('',(-2.309380791,1.0390073369,8.9566234051));
#2076=CARTESIAN_POINT('',(-2.3104252091,1.0614327885,8.9553254128));
#2077=CARTESIAN_POINT('',(-2.309152775,1.0835181095,8.956951099));
#2078=CARTESIAN_POINT('',(-2.2602458572,0.865,9.1613443695));
#2079=CARTESIAN_POINT('',(-2.2698656456,0.865,9.1413658264));
#2080=CARTESIAN_POINT('',(-2.2794835355,0.8686748218,9.1213912407));
#2081=CARTESIAN_POINT('',(-2.297683077,0.8829790857,9.0835980998));
#2082=CARTESIAN_POINT('',(-2.3062611369,0.8936056969,9.0657870308));
#2083=CARTESIAN_POINT('',(-2.3214530083,0.9206655733,9.0342513501));
#2084=CARTESIAN_POINT('',(-2.3280638215,0.9370934832,9.0205329853));
#2085=CARTESIAN_POINT('',(-2.3386055397,0.9739793271,8.9986705367));
#2086=CARTESIAN_POINT('',(-2.3425343641,0.994429961,8.9905307838));
#2087=CARTESIAN_POINT('',(-2.3472861656,1.0371482988,8.9807096321));
#2088=CARTESIAN_POINT('',(-2.3481082046,1.0594075482,8.979030179));
#2089=CARTESIAN_POINT('',(-2.3473322362,1.0813704821,8.9806721848));
#2090=CARTESIAN_POINT('',(-2.302720876,0.865,9.1788838206));
#2091=CARTESIAN_POINT('',(-2.3099637948,0.865,9.1580390316));
#2092=CARTESIAN_POINT('',(-2.3172053212,0.868642728,9.1371982985));
#2093=CARTESIAN_POINT('',(-2.3309182038,0.8828255103,9.0977468716));
#2094=CARTESIAN_POINT('',(-2.3373869239,0.8933628083,9.0791438544));
#2095=CARTESIAN_POINT('',(-2.3488634181,0.9202064644,9.0461666457));
#2096=CARTESIAN_POINT('',(-2.353868986,0.9365076054,9.0317988719));
#2097=CARTESIAN_POINT('',(-2.3618842883,0.9731315782,9.0088370212));
#2098=CARTESIAN_POINT('',(-2.3648924816,0.9934472916,9.0002474144));
#2099=CARTESIAN_POINT('',(-2.368591113,1.0359213876,8.9897670097));
#2100=CARTESIAN_POINT('',(-2.3692808396,1.0580715139,8.9878782544));
#2101=CARTESIAN_POINT('',(-2.3687743886,1.0799545209,8.9894419103));
#2102=CARTESIAN_POINT('',(-2.3787261364,0.865,9.1964958916));
#2103=CARTESIAN_POINT('',(-2.3818952668,0.865,9.1750668789));
#2104=CARTESIAN_POINT('',(-2.385063828,0.8685264399,9.1536417761));
#2105=CARTESIAN_POINT('',(-2.3910750849,0.8822681223,9.1130121438));
#2106=CARTESIAN_POINT('',(-2.3939167009,0.8924808593,9.0938150278));
#2107=CARTESIAN_POINT('',(-2.398980672,0.9185357335,9.0596388886));
#2108=CARTESIAN_POINT('',(-2.4012021174,0.9343731199,9.0446661019));
#2109=CARTESIAN_POINT('',(-2.4047962218,0.9700326713,9.0204975807));
#2110=CARTESIAN_POINT('',(-2.4061682349,0.989848334,9.0113062572));
#2111=CARTESIAN_POINT('',(-2.4079214961,1.0314055306,8.9996589634));
#2112=CARTESIAN_POINT('',(-2.4083024287,1.0531394863,8.9972051201));
#2113=CARTESIAN_POINT('',(-2.4081680888,1.0747067791,8.9982479458));
#2114=CARTESIAN_POINT('',(-2.4123457094,0.865,9.2));
#2115=CARTESIAN_POINT('',(-2.4137209477,0.865,9.1786030127));
#2116=CARTESIAN_POINT('',(-2.4150959639,0.8684612921,9.1572097751));
#2117=CARTESIAN_POINT('',(-2.4177118227,0.8819560767,9.1165982488));
#2118=CARTESIAN_POINT('',(-2.4189522426,0.8919872081,9.0973870781));
#2119=CARTESIAN_POINT('',(-2.421177425,0.9176014503,9.0631006529));
#2120=CARTESIAN_POINT('',(-2.4221618279,0.9331800788,9.0480314112));
#2121=CARTESIAN_POINT('',(-2.4237785175,0.9683030725,9.0235686068));
#2122=CARTESIAN_POINT('',(-2.4244105431,0.9878412896,9.0141793402));
#2123=CARTESIAN_POINT('',(-2.4252604871,1.028892626,9.0020381518));
#2124=CARTESIAN_POINT('',(-2.4254782683,1.0503985562,8.9992883724));
#2125=CARTESIAN_POINT('',(-2.4254782683,1.0717955434,9.0));
#2126=CARTESIAN_POINT('',(-2.4456436394,0.865,9.2));
#2127=CARTESIAN_POINT('',(-2.4456436394,0.865,9.179056049));
#2128=CARTESIAN_POINT('',(-2.4456436394,0.8683166599,9.1581154822));
#2129=CARTESIAN_POINT('',(-2.4456436394,0.8812607335,9.11827772));
#2130=CARTESIAN_POINT('',(-2.4456436394,0.8908860556,9.0993869618));
#2131=CARTESIAN_POINT('',(-2.4456436394,0.9155071467,9.0654989372));
#2132=CARTESIAN_POINT('',(-2.4456436394,0.9304989372,9.0505071467));
#2133=CARTESIAN_POINT('',(-2.4456436394,0.9643869618,9.0258860556));
#2134=CARTESIAN_POINT('',(-2.4456436394,0.98327772,9.0162607335));
#2135=CARTESIAN_POINT('',(-2.4456436394,1.0231154822,9.0033166599));
#2136=CARTESIAN_POINT('',(-2.4456436394,1.044056049,9.0));
#2137=CARTESIAN_POINT('',(-2.4456436394,1.065,9.0));
#2138=B_SPLINE_SURFACE_WITH_KNOTS('',3,3,((#1994,#1995,#1996,#1997,#1998,#1999,#2000,#2001,#2002,#2003,#2004,#2005),
    (#2006,#2007,#2008,#2009,#2010,#2011,#2012,#2013,#2014,#2015,#2016,#2017),
    (#2018,#2019,#2020,#2021,#2022,#2023,#2024,#2025,#2026,#2027,#2028,#2029),
    (#2030,#2031,#2032,#2033,#2034,#2035,#2036,#2037,#2038,#2039,#2040,#2041),
    (#2042,#2043,#2044,#2045,#2046,#2047,#2048,#2049,#2050,#2051,#2052,#2053),
    (#2054,#2055,#2056,#2057,#2058,#2059,#2060,#2061,#2062,#2063,#2064,#2065),
    (#2066,#2067,#2068,#2069,#2070,#2071,#2072,#2073,#2074,#2075,#2076,#2077),
    (#2078,#2079,#2080,#2081,#2082,#2083,#2084,#2085,#2086,#2087,#2088,#2089),
    (#2090,#2091,#2092,#2093,#2094,#2095,#2096,#2097,#2098,#2099,#2100,#2101),
    (#2102,#2103,#2104,#2105,#2106,#2107,#2108,#2109,#2110,#2111,#2112,#2113),
    (#2114,#2115,#2116,#2117,#2118,#2119,#2120,#2121,#2122,#2123,#2124,#2125),
    (#2126,#2127,#2128,#2129,#2130,#2131,#2132,#2133,#2134,#2135,#2136,#2137)),.UNSPECIFIED.,.F.,.F.,.U.,
 (4,2,2,2,2,4),(4,2,2,2,2,4),(0.0,0.2104238223,0.4208424033,0.631423419,0.8426945137,1.0),(0.0,0.2,0.4,0.6,0.8,1.0),.UNSPECIFIED.);
#2139=ADVANCED_FACE('n° 755',(#1993),#2138,.F.);
#2140=ORIENTED_EDGE('',*,*,#1931,.T.);
#2141=ORIENTED_EDGE('',*,*,#200,.T.);
#2142=CARTESIAN_POINT('',(-2.6543563606,1.065,9.2));
#2143=DIRECTION('',(-1.0,-0.0,-0.0));
#2144=DIRECTION('',(0.0,1.0,0.0));
#2145=AXIS2_PLACEMENT_3D('',#2142,#2143,#2144);
#2146=CIRCLE('',#2145,0.2);
#2147=EDGE_CURVE('n° 782',#332,#186,#2146,.T.);
#2148=ORIENTED_EDGE('',*,*,#2147,.F.);
#2149=ORIENTED_EDGE('',*,*,#1971,.T.);
#2150=EDGE_LOOP('',(#2140,#2141,#2148,#2149));
#2151=FACE_OUTER_BOUND('',#2150,.T.);
#2152=CARTESIAN_POINT('',(-2.6543563606,0.865,9.2));
#2153=CARTESIAN_POINT('',(-2.6543563606,0.865,9.179056049));
#2154=CARTESIAN_POINT('',(-2.6543563606,0.8683166599,9.1581154822));
#2155=CARTESIAN_POINT('',(-2.6543563606,0.8812607335,9.11827772));
#2156=CARTESIAN_POINT('',(-2.6543563606,0.8908860556,9.0993869618));
#2157=CARTESIAN_POINT('',(-2.6543563606,0.9155071467,9.0654989372));
#2158=CARTESIAN_POINT('',(-2.6543563606,0.9304989372,9.0505071467));
#2159=CARTESIAN_POINT('',(-2.6543563606,0.9643869618,9.0258860556));
#2160=CARTESIAN_POINT('',(-2.6543563606,0.98327772,9.0162607335));
#2161=CARTESIAN_POINT('',(-2.6543563606,1.0231154822,9.0033166599));
#2162=CARTESIAN_POINT('',(-2.6543563606,1.044056049,9.0));
#2163=CARTESIAN_POINT('',(-2.6543563606,1.065,9.0));
#2164=CARTESIAN_POINT('',(-2.6938694242,0.865,9.2));
#2165=CARTESIAN_POINT('',(-2.6922374945,0.865,9.1785184525));
#2166=CARTESIAN_POINT('',(-2.6906058285,0.868488288,9.1570407228));
#2167=CARTESIAN_POINT('',(-2.6875017138,0.8820858641,9.1162847717));
#2168=CARTESIAN_POINT('',(-2.6860297666,0.8921927407,9.0970137953));
#2169=CARTESIAN_POINT('',(-2.6833892489,0.9179923568,9.0626530077));
#2170=CARTESIAN_POINT('',(-2.6822211051,0.9336805198,9.0475693097));
#2171=CARTESIAN_POINT('',(-2.6803026567,0.9690340233,9.0231360497));
#2172=CARTESIAN_POINT('',(-2.6795526621,0.9886930902,9.0137908435));
#2173=CARTESIAN_POINT('',(-2.6785440741,1.0299709429,9.0017995154));
#2174=CARTESIAN_POINT('',(-2.6782856436,1.0515823994,8.9991555455));
#2175=CARTESIAN_POINT('',(-2.6782856436,1.0730639469,9.0));
#2176=CARTESIAN_POINT('',(-2.7338086262,0.865,9.1949990457));
#2177=CARTESIAN_POINT('',(-2.7299868251,0.865,9.1735673866));
#2178=CARTESIAN_POINT('',(-2.7261657203,0.8685517634,9.1521396946));
#2179=CARTESIAN_POINT('',(-2.7189192932,0.8823895557,9.1115210248));
#2180=CARTESIAN_POINT('',(-2.7154952911,0.8926730255,9.0923375659));
#2181=CARTESIAN_POINT('',(-2.7093991321,0.918899977,9.0582177909));
#2182=CARTESIAN_POINT('',(-2.7067280861,0.9348386084,9.0432877913));
#2183=CARTESIAN_POINT('',(-2.7024158016,0.9707090758,9.0192406155));
#2184=CARTESIAN_POINT('',(-2.7007753493,0.9906342778,9.0101278918));
#2185=CARTESIAN_POINT('',(-2.6986952349,1.0323929863,8.9986722358));
#2186=CARTESIAN_POINT('',(-2.6982559525,1.0542187695,8.9963314259));
#2187=CARTESIAN_POINT('',(-2.6984401812,1.0758563225,8.9974995228));
#2188=CARTESIAN_POINT('',(-2.8099810618,0.865,9.1736559328));
#2189=CARTESIAN_POINT('',(-2.8020253658,0.865,9.153070093));
#2190=CARTESIAN_POINT('',(-2.794071214,0.8686519662,9.1324882794));
#2191=CARTESIAN_POINT('',(-2.7790129162,0.8828696999,9.0935324225));
#2192=CARTESIAN_POINT('',(-2.7719116932,0.8934326894,9.0751659984));
#2193=CARTESIAN_POINT('',(-2.7593212095,0.9203384865,9.0426191476));
#2194=CARTESIAN_POINT('',(-2.7538343929,0.9366760366,9.0284450871));
#2195=CARTESIAN_POINT('',(-2.7450618434,0.9733751026,9.0058106981));
#2196=CARTESIAN_POINT('',(-2.7417778137,0.993729447,8.9973547977));
#2197=CARTESIAN_POINT('',(-2.7377639558,1.0362732589,8.9870695462));
#2198=CARTESIAN_POINT('',(-2.7370349071,1.0584544125,8.9852422086));
#2199=CARTESIAN_POINT('',(-2.7376225834,1.0803599425,8.9868279664));
#2200=CARTESIAN_POINT('',(-2.8469324298,0.865,9.1571957874));
#2201=CARTESIAN_POINT('',(-2.8369105546,0.865,9.1374327264));
#2202=CARTESIAN_POINT('',(-2.826890664,0.868679738,9.1176735899));
#2203=CARTESIAN_POINT('',(-2.80793226,0.8830026183,9.0802907007));
#2204=CARTESIAN_POINT('',(-2.7989975009,0.8936429183,9.0626743714));
#2205=CARTESIAN_POINT('',(-2.783177601,0.9207359586,9.0314887613));
#2206=CARTESIAN_POINT('',(-2.7762955929,0.9371833225,9.0179256734));
#2207=CARTESIAN_POINT('',(-2.7653274763,0.9741094046,8.9963193342));
#2208=CARTESIAN_POINT('',(-2.7612435398,0.9945807953,8.9882803738));
#2209=CARTESIAN_POINT('',(-2.7563150693,1.0373368021,8.9785964859));
#2210=CARTESIAN_POINT('',(-2.7554715115,1.0596129337,8.9769534817));
#2211=CARTESIAN_POINT('',(-2.7562940018,1.0815883212,8.9785978937));
#2212=CARTESIAN_POINT('',(-2.9184771016,0.865,9.1115405533));
#2213=CARTESIAN_POINT('',(-2.904438493,0.865,9.0941819628));
#2214=CARTESIAN_POINT('',(-2.8904027328,0.8687249289,9.0768269046));
#2215=CARTESIAN_POINT('',(-2.8638643258,0.8832189116,9.044015189));
#2216=CARTESIAN_POINT('',(-2.8513670637,0.893985019,9.0285652085));
#2217=CARTESIAN_POINT('',(-2.8292764193,0.9213827797,9.0012607345));
#2218=CARTESIAN_POINT('',(-2.8196875192,0.9380088637,8.9894117974));
#2219=CARTESIAN_POINT('',(-2.8044660719,0.9753044554,8.9706118345));
#2220=CARTESIAN_POINT('',(-2.7988366131,0.9959663818,8.9636646345));
#2221=CARTESIAN_POINT('',(-2.7921528652,1.0390678995,8.9554329438));
#2222=CARTESIAN_POINT('',(-2.7910999324,1.061498729,8.9541501285));
#2223=CARTESIAN_POINT('',(-2.7923932493,1.083587983,8.9557702767));
#2224=CARTESIAN_POINT('',(-2.9529397379,0.865,9.0801808582));
#2225=CARTESIAN_POINT('',(-2.9369493244,0.865,9.0645357091));
#2226=CARTESIAN_POINT('',(-2.9209621852,0.8687394935,9.0488937675));
#2227=CARTESIAN_POINT('',(-2.8907420662,0.883288582,9.0193272363));
#2228=CARTESIAN_POINT('',(-2.8765152742,0.8940951964,9.0054087085));
#2229=CARTESIAN_POINT('',(-2.8513834085,0.9215909437,8.9808235567));
#2230=CARTESIAN_POINT('',(-2.8404834807,0.9382744434,8.9701619732));
#2231=CARTESIAN_POINT('',(-2.8232071501,0.9756884792,8.9532669727));
#2232=CARTESIAN_POINT('',(-2.8168342849,0.9964113501,8.9470370195));
#2233=CARTESIAN_POINT('',(-2.8093158038,1.0396229046,8.9396936533));
#2234=CARTESIAN_POINT('',(-2.8081717276,1.0621027354,8.9385817459));
#2235=CARTESIAN_POINT('',(-2.8097053533,1.0842276158,8.9400904291));
#2236=CARTESIAN_POINT('',(-3.0082151668,0.865,9.0091420361));
#2237=CARTESIAN_POINT('',(-2.9890898767,0.865,8.9974250437));
#2238=CARTESIAN_POINT('',(-2.9699685468,0.8687605224,8.9857104808));
#2239=CARTESIAN_POINT('',(-2.9338355925,0.8833891734,8.9635747251));
#2240=CARTESIAN_POINT('',(-2.91683145,0.8942542715,8.9531581221));
#2241=CARTESIAN_POINT('',(-2.8868169034,0.9218914846,8.9347732128));
#2242=CARTESIAN_POINT('',(-2.8738127142,0.9386578742,8.9268087185));
#2243=CARTESIAN_POINT('',(-2.8532399072,0.9762428914,8.9142116875));
#2244=CARTESIAN_POINT('',(-2.8456755494,0.9970537328,8.9095817627));
#2245=CARTESIAN_POINT('',(-2.8368223941,1.0404240961,8.9041683575));
#2246=CARTESIAN_POINT('',(-2.8355354298,1.0629746335,8.9033859996));
#2247=CARTESIAN_POINT('',(-2.8374588145,1.0851508994,8.904571018));
#2248=CARTESIAN_POINT('',(-3.0299547597,0.865,8.9685901043));
#2249=CARTESIAN_POINT('',(-3.0095928921,0.865,8.9591365156));
#2250=CARTESIAN_POINT('',(-2.9892352569,0.8687670533,8.9496848932));
#2251=CARTESIAN_POINT('',(-2.9507703158,0.8834204063,8.9318267557));
#2252=CARTESIAN_POINT('',(-2.9326710051,0.89430366,8.9234239549));
#2253=CARTESIAN_POINT('',(-2.9007318726,0.9219847646,8.9085965275));
#2254=CARTESIAN_POINT('',(-2.8868986895,0.9387768613,8.9021749848));
#2255=CARTESIAN_POINT('',(-2.8650284565,0.9764148538,8.8920236283));
#2256=CARTESIAN_POINT('',(-2.8569959524,0.9972529256,8.8882959257));
#2257=CARTESIAN_POINT('',(-2.847620742,1.0406723527,8.8839471098));
#2258=CARTESIAN_POINT('',(-2.8462799846,1.0632446823,8.883326901));
#2259=CARTESIAN_POINT('',(-2.8483599007,1.0854366982,8.8842950521));
#2260=CARTESIAN_POINT('',(-3.0576507543,0.865,8.8857573891));
#2261=CARTESIAN_POINT('',(-3.0357130746,0.865,8.8809419972));
#2262=CARTESIAN_POINT('',(-3.0137799742,0.8687751317,8.8761276114));
#2263=CARTESIAN_POINT('',(-2.9723433579,0.8834590395,8.8670324165));
#2264=CARTESIAN_POINT('',(-2.9528484914,0.8943647503,8.8627535079));
#2265=CARTESIAN_POINT('',(-2.9184569971,0.9221001451,8.8552055098));
#2266=CARTESIAN_POINT('',(-2.9035675481,0.9389240392,8.8519379975));
#2267=CARTESIAN_POINT('',(-2.8800443712,0.9766275564,8.846776718));
#2268=CARTESIAN_POINT('',(-2.8714155537,0.9974993087,8.8448840294));
#2269=CARTESIAN_POINT('',(-2.8613756942,1.0409794196,8.84268353));
#2270=CARTESIAN_POINT('',(-2.859966748,1.0635787015,8.8423761789));
#2271=CARTESIAN_POINT('',(-2.8622465284,1.0857901949,8.8428786946));
#2272=CARTESIAN_POINT('',(-3.0646749107,0.865,8.8426075445));
#2273=CARTESIAN_POINT('',(-3.0423371181,0.865,8.8402150875));
#2274=CARTESIAN_POINT('',(-3.020003993,0.8687769481,8.8378231304));
#2275=CARTESIAN_POINT('',(-2.9778128923,0.8834677254,8.8333043136));
#2276=CARTESIAN_POINT('',(-2.9579637326,0.8943784848,8.831178398));
#2277=CARTESIAN_POINT('',(-2.9229497527,0.9221260817,8.8274282764));
#2278=CARTESIAN_POINT('',(-2.9077922488,0.9389571211,8.8258048538));
#2279=CARTESIAN_POINT('',(-2.8838497624,0.9766753563,8.8232405284));
#2280=CARTESIAN_POINT('',(-2.8750697829,0.9975546707,8.8223001614));
#2281=CARTESIAN_POINT('',(-2.8648617541,1.0410483952,8.8212068453));
#2282=CARTESIAN_POINT('',(-2.8634358378,1.063653717,8.8210541246));
#2283=CARTESIAN_POINT('',(-2.8657667379,1.0858695647,8.8213037722));
#2284=CARTESIAN_POINT('',(-3.0646749109,0.865,8.8000000021));
#2285=CARTESIAN_POINT('',(-3.0423371183,0.865,8.800000002));
#2286=CARTESIAN_POINT('',(-3.0200039932,0.8687769481,8.8000000019));
#2287=CARTESIAN_POINT('',(-2.9778128925,0.8834677254,8.8000000016));
#2288=CARTESIAN_POINT('',(-2.9579637328,0.8943784848,8.8000000015));
#2289=CARTESIAN_POINT('',(-2.9229497528,0.9221260817,8.8000000014));
#2290=CARTESIAN_POINT('',(-2.9077922489,0.9389571211,8.8000000013));
#2291=CARTESIAN_POINT('',(-2.8838497625,0.9766753563,8.8000000011));
#2292=CARTESIAN_POINT('',(-2.875069783,0.9975546707,8.8000000011));
#2293=CARTESIAN_POINT('',(-2.8648617542,1.0410483952,8.800000001));
#2294=CARTESIAN_POINT('',(-2.8634358379,1.0636537171,8.800000001));
#2295=CARTESIAN_POINT('',(-2.865766738,1.0858695647,8.8000000011));
#2296=B_SPLINE_SURFACE_WITH_KNOTS('',3,3,((#2152,#2153,#2154,#2155,#2156,#2157,#2158,#2159,#2160,#2161,#2162,#2163),
    (#2164,#2165,#2166,#2167,#2168,#2169,#2170,#2171,#2172,#2173,#2174,#2175),
    (#2176,#2177,#2178,#2179,#2180,#2181,#2182,#2183,#2184,#2185,#2186,#2187),
    (#2188,#2189,#2190,#2191,#2192,#2193,#2194,#2195,#2196,#2197,#2198,#2199),
    (#2200,#2201,#2202,#2203,#2204,#2205,#2206,#2207,#2208,#2209,#2210,#2211),
    (#2212,#2213,#2214,#2215,#2216,#2217,#2218,#2219,#2220,#2221,#2222,#2223),
    (#2224,#2225,#2226,#2227,#2228,#2229,#2230,#2231,#2232,#2233,#2234,#2235),
    (#2236,#2237,#2238,#2239,#2240,#2241,#2242,#2243,#2244,#2245,#2246,#2247),
    (#2248,#2249,#2250,#2251,#2252,#2253,#2254,#2255,#2256,#2257,#2258,#2259),
    (#2260,#2261,#2262,#2263,#2264,#2265,#2266,#2267,#2268,#2269,#2270,#2271),
    (#2272,#2273,#2274,#2275,#2276,#2277,#2278,#2279,#2280,#2281,#2282,#2283),
    (#2284,#2285,#2286,#2287,#2288,#2289,#2290,#2291,#2292,#2293,#2294,#2295)),.UNSPECIFIED.,.F.,.F.,.U.,
 (4,2,2,2,2,4),(4,2,2,2,2,4),(0.0,0.1866252656,0.3736280552,0.5874805962,0.7987591141,1.0),(0.0,0.2,0.4,0.6,0.8,1.0),.UNSPECIFIED.);
#2297=ADVANCED_FACE('n° 757',(#2151),#2296,.F.);
#2298=ORIENTED_EDGE('',*,*,#1989,.T.);
#2299=ORIENTED_EDGE('',*,*,#344,.F.);
#2300=ORIENTED_EDGE('',*,*,#2147,.T.);
#2301=ORIENTED_EDGE('',*,*,#238,.F.);
#2302=EDGE_LOOP('',(#2298,#2299,#2300,#2301));
#2303=FACE_OUTER_BOUND('',#2302,.T.);
#2304=CARTESIAN_POINT('',(0.0,1.065,9.2));
#2305=DIRECTION('',(-1.0,-0.0,0.0));
#2306=DIRECTION('',(0.0,-1.0,-0.0));
#2307=AXIS2_PLACEMENT_3D('',#2304,#2305,#2306);
#2308=CYLINDRICAL_SURFACE('',#2307,0.2);
#2309=ADVANCED_FACE('n° 759',(#2303),#2308,.F.);
#2310=ORIENTED_EDGE('',*,*,#452,.F.);
#2311=EDGE_LOOP('',(#2310));
#2312=FACE_OUTER_BOUND('',#2311,.T.);
#2313=ORIENTED_EDGE('',*,*,#319,.F.);
#2314=EDGE_LOOP('',(#2313));
#2315=FACE_BOUND('',#2314,.T.);
#2316=CARTESIAN_POINT('',(-2.55,1.119,4.9881771186));
#2317=DIRECTION('',(-0.0,0.0,-1.0));
#2318=DIRECTION('',(0.0,1.0,0.0));
#2319=AXIS2_PLACEMENT_3D('',#2316,#2317,#2318);
#2320=TOROIDAL_SURFACE('',#2319,0.1175,0.2);
#2321=ADVANCED_FACE('n° 841',(#2312,#2315),#2320,.T.);
#2322=ORIENTED_EDGE('',*,*,#675,.F.);
#2323=EDGE_LOOP('',(#2322));
#2324=FACE_OUTER_BOUND('',#2323,.T.);
#2325=ORIENTED_EDGE('',*,*,#567,.F.);
#2326=EDGE_LOOP('',(#2325));
#2327=FACE_BOUND('',#2326,.T.);
#2328=CARTESIAN_POINT('',(2.55,-1.119,4.9881771186));
#2329=DIRECTION('',(-0.0,0.0,-1.0));
#2330=DIRECTION('',(0.0,1.0,0.0));
#2331=AXIS2_PLACEMENT_3D('',#2328,#2329,#2330);
#2332=TOROIDAL_SURFACE('',#2331,0.1175,0.2);
#2333=ADVANCED_FACE('n° 855',(#2324,#2327),#2332,.T.);
#2334=CLOSED_SHELL('K\X2\00F6\X0\rper-Verschieben/Kopieren2',(
    #90,#182,#247,#328,#353,#381,#401,#421,#441,#461,
    #470,#495,#576,#604,#624,#644,#664,#684,#693,#717,
    #757,#915,#1073,#1091,#1109,#1501,#1905,#1923,#1941,#1981,
    #2139,#2297,#2309,#2321,#2333));
#2335=MANIFOLD_SOLID_BREP('K\X2\00F6\X0\rper-Verschieben/Kopieren2',#2334);
#2336=DRAUGHTING_PRE_DEFINED_COLOUR('black');
#2337=FILL_AREA_STYLE_COLOUR('',#2336);
#2338=FILL_AREA_STYLE('',(#2337));
#2339=SURFACE_STYLE_FILL_AREA(#2338);
#2340=SURFACE_SIDE_STYLE('',(#2339));
#2341=SURFACE_STYLE_USAGE(.BOTH.,#2340);
#2342=PRESENTATION_STYLE_ASSIGNMENT((#2341));
#2343=STYLED_ITEM('',(#2342),#2335);
#2344=COLOUR_RGB('',1.0,0.75294,0.0);
#2345=FILL_AREA_STYLE_COLOUR('',#2344);
#2346=FILL_AREA_STYLE('',(#2345));
#2347=SURFACE_STYLE_FILL_AREA(#2346);
#2348=SURFACE_SIDE_STYLE('',(#2347));
#2349=SURFACE_STYLE_USAGE(.BOTH.,#2348);
#2350=PRESENTATION_STYLE_ASSIGNMENT((#2349));
#2351=OVER_RIDING_STYLED_ITEM('',(#2350),#90,#2343);
#2352=OVER_RIDING_STYLED_ITEM('',(#2350),#182,#2343);
#2353=OVER_RIDING_STYLED_ITEM('',(#2350),#247,#2343);
#2354=OVER_RIDING_STYLED_ITEM('',(#2350),#328,#2343);
#2355=OVER_RIDING_STYLED_ITEM('',(#2350),#353,#2343);
#2356=COLOUR_RGB('',0.87059,0.90588,0.92157);
#2357=FILL_AREA_STYLE_COLOUR('',#2356);
#2358=FILL_AREA_STYLE('',(#2357));
#2359=SURFACE_STYLE_FILL_AREA(#2358);
#2360=SURFACE_SIDE_STYLE('',(#2359));
#2361=SURFACE_STYLE_USAGE(.BOTH.,#2360);
#2362=PRESENTATION_STYLE_ASSIGNMENT((#2361));
#2363=OVER_RIDING_STYLED_ITEM('',(#2362),#381,#2343);
#2364=OVER_RIDING_STYLED_ITEM('',(#2362),#401,#2343);
#2365=OVER_RIDING_STYLED_ITEM('',(#2362),#421,#2343);
#2366=OVER_RIDING_STYLED_ITEM('',(#2362),#441,#2343);
#2367=OVER_RIDING_STYLED_ITEM('',(#2362),#461,#2343);
#2368=OVER_RIDING_STYLED_ITEM('',(#2362),#470,#2343);
#2369=OVER_RIDING_STYLED_ITEM('',(#2350),#495,#2343);
#2370=OVER_RIDING_STYLED_ITEM('',(#2350),#576,#2343);
#2371=OVER_RIDING_STYLED_ITEM('',(#2362),#604,#2343);
#2372=OVER_RIDING_STYLED_ITEM('',(#2362),#624,#2343);
#2373=OVER_RIDING_STYLED_ITEM('',(#2362),#644,#2343);
#2374=OVER_RIDING_STYLED_ITEM('',(#2362),#664,#2343);
#2375=OVER_RIDING_STYLED_ITEM('',(#2362),#684,#2343);
#2376=OVER_RIDING_STYLED_ITEM('',(#2362),#693,#2343);
#2377=OVER_RIDING_STYLED_ITEM('',(#2350),#717,#2343);
#2378=OVER_RIDING_STYLED_ITEM('',(#2350),#757,#2343);
#2379=OVER_RIDING_STYLED_ITEM('',(#2350),#915,#2343);
#2380=OVER_RIDING_STYLED_ITEM('',(#2350),#1073,#2343);
#2381=OVER_RIDING_STYLED_ITEM('',(#2350),#1091,#2343);
#2382=OVER_RIDING_STYLED_ITEM('',(#2350),#1109,#2343);
#2383=OVER_RIDING_STYLED_ITEM('',(#2350),#1501,#2343);
#2384=OVER_RIDING_STYLED_ITEM('',(#2350),#1905,#2343);
#2385=OVER_RIDING_STYLED_ITEM('',(#2350),#1923,#2343);
#2386=OVER_RIDING_STYLED_ITEM('',(#2350),#1941,#2343);
#2387=OVER_RIDING_STYLED_ITEM('',(#2350),#1981,#2343);
#2388=OVER_RIDING_STYLED_ITEM('',(#2350),#2139,#2343);
#2389=OVER_RIDING_STYLED_ITEM('',(#2350),#2297,#2343);
#2390=OVER_RIDING_STYLED_ITEM('',(#2350),#2309,#2343);
#2391=OVER_RIDING_STYLED_ITEM('',(#2350),#2321,#2343);
#2392=OVER_RIDING_STYLED_ITEM('',(#2350),#2333,#2343);
#2393=CARTESIAN_POINT('',(0.,0.,0.));
#2394=DIRECTION('',(0.,0.,1.));
#2395=DIRECTION('',(1.,0.,0.));
#2396=AXIS2_PLACEMENT_3D('Reference Axes',#2393,#2394,#2395);
#2397=ADVANCED_BREP_SHAPE_REPRESENTATION('',(#2396,#2335),#5);
#2398=SHAPE_DEFINITION_REPRESENTATION(#12,#2397);
#2399=MECHANICAL_DESIGN_GEOMETRIC_PRESENTATION_REPRESENTATION('',(
    #2343,#2351,#2352,#2353,#2354,#2355,#2363,#2364,#2365,#2366,
    #2367,#2368,#2369,#2370,#2371,#2372,#2373,#2374,#2375,#2376,
    #2377,#2378,#2379,#2380,#2381,#2382,#2383,#2384,#2385,#2386,
    #2387,#2388,#2389,#2390,#2391,#2392),#5);
ENDSEC;
END-ISO-10303-21;
